sure_id,hakkinda,nuzul,konusu,fazileti,ayet_links
1,"Hakkında
                    Mekke döneminde inmiştir. Yedi âyettir. Kur’an-ı Kerim’in ilk sûresi olduğu için “başlangıç” anlamına “Fâtiha” adını almıştır. Sûrenin ayrıca, “Ümmü’1-Kitab” (Kitab’ın özü) “es-Seb’ul-Mesânî” (Tekrarlanan yedi âyet) , “el-Esâs”,“el-Vâfiye”, “el-Kâfiye”, “el-Kenz”, “eş-Şifâ”, “eş-Şükr” ve “es-Salât” gibi başka adları da vardır. Kur’an’ın içerdiği esaslar öz olarak Fâtiha’da vardır. Zira övgü ve yüceltilmeye lâyık bir tek Allah’ın varlığı, onun hâkimiyeti, tek mabut oluşu, kulluğun ancak O’na yapılıp O’ndan yardım isteneceği, bu sûrede özlü bir şekilde ifade edilir. Fâtiha sûresi, aynı zamanda baştan başa eşsiz güzellikte bir dua, bir yakarıştır.","Nuzül
 Mushafta birinci, nüzûl sıralamasında 5. sûredir. Hz. Muhammed’in peygamberliğinin ilk yıllarında Mekke’de nâzil olduğu hususunda ittifak vardır. Kaynaklarda nüzûl sebebiyle ilgili özel bir olay yoktur. Kur’an’ın hem bir mukaddimesi hem de özeti gibidir. Ayrıca her müminin kıldığı namazın bütün rek‘atlarında rabbi ile konuşurcasına okuması ve bu sayede O’na yaklaşması murat edilmiştir.","Konusu
 Bu sûre ilâhî kitabın bütün amaçlarını; getirdiği mâna, bilgi ve hükümleri özet halinde ihtiva etmektedir. Kur’an-ı Kerîm’in gönderiliş amacı insanların dünya hayatını düzene koymak ve iyi (ilâhî irade, rızâ ve düzene uygun) bir dünya hayatından sonra ebedî saadeti sağlamaktır. Bu amaca ulaşabilmek için: 1. Emir ve yasaklara ihtiyaç vardır. 2. Bu emir ve yasakların hayata geçmesi, bunların kaynağının “yaratıcı, varlığı zaruri, kemal sıfatlarına sahip, her çeşit eksiklik ve kusurdan uzak bulunan Allah” olduğunun bilinmesine bağlıdır. 3. Bu imanı, bu bilgi ve şuuru desteklemek üzere de mükâfat ve ceza vaadi gerekir. Sûrenin başından “yevmi’d-dîn”e kadar birincisi, “müstak^m”e kadar ikincisi ve buradan sonuna kadar da mükâfat ve ceza vaadi ile –konuları desteklemek, canlı bir şekilde tasvir etmek ve geçmişten ibret alınmasını sağlamak üzere verilen– Kur’an kıssalarının özü veciz bir şekilde ifade edilmiştir. Kur’an-ı Kerîm’in bilgi, irşad ve tâlimatla ilgili bütün muhtevası “bilinmesi ve inanılması gerekenler” ve “yapılması gerekenler” diye ikiye ayrılabilir. Birincisinde Allah, peygamberlik, gayb âlemi hakkında bilgiler, öğütler, misaller, hikmetler ve kıssalar vardır.  İkincisinde ise ibadetler, hayat düzeni gibi amelî, ahlâkî hükümler ve öğretiler vardır. Fâtiha sûresi bütün bunları ya sözü veya özüyle ihtiva etmektedir ya da bu konularda aklın önünü açarak ona ışık tutmaktadır.“Hamd Allah’a mahsustur” cümlesi Allah Teâlâ’nın kendisini hamde (övgü, yüceltme) lâyık kılan bütün yetkinlik sıfatlarını; “âlemlerin rabbi” ifadesi diğer yaratma ve fiil sıfatlarını; “rahmân ve rahîm” isimleri Allah’ın insanlara rahmet ve merhametinden kaynaklanan din kurallarını; “ceza ve hesap gününün sahibi” nitelemesi kıyamet hallerini ve âhiret âlemini; “Yalnız sana kulluk ederiz” kısmı iman, ibadet ve sosyal düzeni; “Yalnız senden yardım dileriz” cümlesi amellerde ihlâsı (ibadetlerin yalnızca Allah rızâsı için yapılmasını) ve tevhidi (O’ndan başkasına kul olarak boyun eğilmemesini, Tanrı’ya mahsus sıfat ve etkilerin O’ndan başkasına tanınmamasını) ifade etmektedir. “Bizi doğru yola ilet” cümlesi ibadet, nizam, düşünce ve ahlâk çerçevesini, “nimete erdirdiklerinin yoluna...” kısmı gelip geçmiş örnek nesilleri, millet ve toplulukları; “gazaba uğramışların ve sapmışların yoluna değil” bölümü ise kötü örnek teşkil eden ve hallerinden ibret alınması gereken geçmiş toplulukları içine almaktadır.Denebilir ki besmelenin başındaki “bi” edatından başlayarak besmeleye, sonra Fâtiha’ya ve devamında bütün Kur’an’a doğru ilâhî sırlar perde perde açılmakta; yoğunlaştırılmış dar hacimden, yoğunluğu gittikçe hafifleyen geniş hacimlere doğru yansıyan ilâhî irşadın ışığı âlemlere yayılmaktadır. “Bi” edatındaki “musâhabe” (beraberlik) ve “ istiâne” (yardım dileme) mânaları, kul ile Allah ilişkisinin ve dolayısıyla dinin amacının bütününü ihtiva etmektedir. Besmelenin geri kalan kısmı ile Fâtiha, bu ilişkiyi daha da açarak devam etmekte, diğer sûre ve âyetler de bunları, aralarında bir bütünlük oluşturarak her kabiliyet ve zihin seviyesine uygun üslûplar içinde açıklığa kavuşturmaktadır.","Fazileti
 Gerek yalnızca “elhamdülillâh” vb. şeklinde ifade edilen hamdin ve gerekse bütünüyle Fâtiha sûresinin değeri ve müminin dinî hayatındaki yeri hakkında birçok sahih hadis bulunmaktadır: “Zikrin en üstünü ‘lâ ilâhe illallah’, duanın en yücesi ‘elhamdülillâh’tır” (Tirmîzî, “Duâ”, 9). “Allah’a hamd ile başlamayan her önemli işin sonu güdüktür” (İbn Mâce, “Nikâh”, 19). Allah’ın resulü, Ebû Saîd b. Muallâ isimli sahâbîye, Kur’an-ı Kerîm’deki en büyük sûreyi mescidden çıkmadan bildireceğini ifade buyurmuş, sonra da bunun Fâtiha olduğunu açıklamıştır (Buhârî, “Fezâ’ilü’l-Kur’an”, 9).Yine birçok sahih hadiste Fâtiha sûresinin şifa özelliği ile ilgili açıklamalar yapılmıştır (meselâ bk. Buhârî, “Fezâ’ilü’l-Kur’ân”, 9). “Eûzü” veya “istiâze” diye bilinen bu cümle, bu şekliyle bir âyet olmadığı için mushafa yazılmamıştır. “Kur’an okuyacağın vakit o kovulmuş şeytandan Allah’a sığın” (Nahl 16/98) şeklinde buyurulduğu için Kur’an okumaya başlayanlar, besmeleden önce “eûzü...” ifadesini okumak suretiyle bu emri yerine getirmektedirler.Asıl adı İblîs olan şeytan, Allah’ın “Âdem’e secde et!” emrine uymadığı, kendisinin daha üstün olduğunu ileri sürerek emre karşı geldiği için meleklerin vatanından (melekût âlemi) kovulup sürgün edilmiş; o da imtihan dünyasında Allah’ın kullarını, O’nun yolundan ve rızâsından ayırmak için uğraşmayı kendine vazife edinmiştir (A‘râf 7/11-17). Şeytan, kendine uyan diğer cinleri ve insanları da kullanarak vazifesini yapmaya çalışmaktadır (En‘âm 6/112). Ancak Allah’a iman eden, O’na dayanan ve güvenen müminlere şeytanın zarar veremeyeceği ve onlara hükmünün geçmeyeceği ilgili âyetlerde açıklanmıştır (Nahl 16/98-100).Yukarıda meâli zikredilen âyet (16/98) sebebiyle Kur’an okumaya başlayanlar “eûzü” çekerler. Ancak bunun hükmü konusunda farklı görüş ve yorumlar vardır. Bazı müctehidlere göre emir kipi kullanıldığı için eûzü çekmek farzdır. Müctehidlerin çoğunluğuna göre ise bu bir tavsiye emridir, eûzü çekmek farz değil menduptur, teşvik edilmiştir ve güzel bulunmuş bir davranıştır.Şeytanın insandan en uzakta olması gereken zaman olan Kur’an okuma halinde bile –okumaya başlarken– eûzü çekmek tavsiye edildiğine göre diğer işlere başlarken bunu yapmanın daha da gerekli olacağı anlaşılmaktadır.Kötülüğe karşı bile iyilik yaparak insanlardan gelecek belâyı defetmek, eûzü çekerek de şeytandan gelecek olan vesvese ve kışkırtmayı kendilerinden uzaklaştırmak Kur’an’ın, müminlere tavsiyeleri arasında yer almıştır (bk. Mü’minûn 23/96-98). Eûzü, bir yandan böyle maddî ve mânevî şerleri, kötülükleri defetmeye ilâç olurken diğer yandan kulun imtihan şuurunu tazelemekte, insanın ulvî yönü ile süflî yönü arasında ömür boyu sürüp giden ve onu geliştirmeyi, olgunlaştırmayı sağlayan mücadelede uyanık ve tedbirli olmayı telkin etmektedir.","['https://kuran.diyanet.gov.tr/tefsir/F%C3%A2tiha-suresi/1/1-ayet-tefsiri', 'https://kuran.diyanet.gov.tr/tefsir/F%C3%A2tiha-suresi/2/2-ayet-tefsiri', 'https://kuran.diyanet.gov.tr/tefsir/F%C3%A2tiha-suresi/3/3-ayet-tefsiri', 'https://kuran.diyanet.gov.tr/tefsir/F%C3%A2tiha-suresi/4/4-ayet-tefsiri', 'https://kuran.diyanet.gov.tr/tefsir/F%C3%A2tiha-suresi/5/5-ayet-tefsiri', 'https://kuran.diyanet.gov.tr/tefsir/F%C3%A2tiha-suresi/6/6-ayet-tefsiri', 'https://kuran.diyanet.gov.tr/tefsir/F%C3%A2tiha-suresi/7/7-ayet-tefsiri']"
2,"Hakkında
                    Medine döneminde inmiştir. Kur’an-ı Kerim’in en uzun sûresi olup 286 âyettir. Adını, 67-73. âyetlerde yer alan “bakara (sığır)” kelimesinden alır. Sûre, İslâm hukukunun ana konularıyla ilgili pek çok hüküm içermektedir.","Nuzül
 Mushafta ikinci, nüzûl sıralamasında 87. sûredir, Medine’de nâzil olmuştur. Kur’an’ın en uzun sûresidir. Tamamının bir nüzûl sebebi olmamakla birlikte birçok âyeti için özel iniş sebepleri vardır. O âyetler açıklanırken nüzûl sebepleri hakkında da bilgi verilecektir.","Konusu
 Kur’an-ı Kerîm’in kendine mahsus tertip ve üslûbu içinde şu ana konuları ihtiva etmektedir: İslâm’ın getirdiği inanç, ibadet ve hayat düzeniyle ilgili temel bilgiler; münafıklar, Allah’ın varlığını ve birliğini gösteren deliller, insanın yaratılışı, kabiliyetleri, imtihanı; İsrâiloğulları tarihinin önemli kesitleri, kâmil bir din olan İslâm’ın, daha önceki dinlerin evrensel kısmını ihtiva ettiği, buna karşılık onların –değişmesi, ıslah edilmesi, düzeltilmesi gereken– hükümlerini de ıslah ettiği; Hz. İbrâhim kıssası, Kâbe’nin yapılışı ve kıble oluşu; yiyecekler, kısas, vasiyet, oruç, savaş, hac, nikâh, boşama, dulluk, yetimlik, şarap, kumar, faiz, akidlerin yazılması, din ve vicdan hürriyeti, Allah-kul ilişkisi, örnek dualar vb. hususlarla ilgili hükümler ve irşadlar.Bakara sûresi daha ziyade Fâtiha’nın, “doğru yolu bulanlarla ondan sapanlar”a işaret eden kısmının, örnekler ve tarihî vâkıalarla açıklanması gibidir.","Fazileti
 Bakara sûresinin değerini ve özelliklerini anlatan sahih hadisler vardır: “Evlerinizi (içinde Kur’an okumayarak) kabirlere çevirmeyiniz. Şeytan, içinde Bakara sûresi okunan evden ürker ve uzaklaşır” (Müslim, “Müsâfirîn”, 212). “Kur’an’ı okuyunuz; çünkü o, kıyamet gününde kendisini okuyanlara şefaat edecektir. İki nur yumağını, yani Bakara ve Âl-i İmrân sûrelerini okuyunuz; çünkü onlar, kıyamet gününde iki büyük bulut veya gölgelik ya da kuş sürüsü gibi gelerek kendilerini okuyanları savunacak ve koruyacaklardır. Bakara sûresini okuyunuz; çünkü ona sahip olmak bereket, terketmek ise hasret ve pişmanlık sebebidir; ona sihirbazların güçleri yetmez” (Müslim, “Müsâfirîn”, 252). “Bakara sûresinin sonundaki iki âyeti her kim gece vakti okursa bu iki âyet –o gece– ona yeter” (Buhârî, “Fezâil”, 10).Sahâbeden Üseyd b. Hudayr bir gece hurma yığınının yanında Kur’an (Bakara sûresi) okurken atı birkaç kere ürküp heyecanlanmıştı. Üseyd atın, çocuğu Yahyâ b. Üseyd’i çiğnemesinden kaygılanarak kalktığında başının hizasında (gökte), ışıklarla donatılmış bir tavan gördü. Tavan gözünün alabildiğine, semanın derinliklerine doğru uzayıp gidiyordu. Üseyd, Resûlullah’a gelerek durumu anlattı. Resûlullah ondan Bakara sûresini okumaya devam etmesini istedi. Fakat çocuğuna bir şey olmasın diye okumaya ara verdi. Sabahleyin durumu Hz. Peygamber’e söyleyince şöyle buyurdular: “Onlar seni dinlemeye gelmiş meleklerdi. Eğer okumaya devam etseydin sabah olunca onları herkes görecekti, kendilerini halktan gizlemeyeceklerdi” (Müslim, “Müsâfirîn”, 242).","['https://kuran.diyanet.gov.tr/tefsir/Bakara-suresi/8/1-ayet-tefsiri', 'https://kuran.diyanet.gov.tr/tefsir/Bakara-suresi/9/2-ayet-tefsiri', 'https://kuran.diyanet.gov.tr/tefsir/Bakara-suresi/10/3-ayet-tefsiri', 'https://kuran.diyanet.gov.tr/tefsir/Bakara-suresi/11/4-ayet-tefsiri', 'https://kuran.diyanet.gov.tr/tefsir/Bakara-suresi/12/5-ayet-tefsiri', 'https://kuran.diyanet.gov.tr/tefsir/Bakara-suresi/13/6-ayet-tefsiri', 'https://kuran.diyanet.gov.tr/tefsir/Bakara-suresi/14/7-ayet-tefsiri', 'https://kuran.diyanet.gov.tr/tefsir/Bakara-suresi/15/8-ayet-tefsiri', 'https://kuran.diyanet.gov.tr/tefsir/Bakara-suresi/16/9-ayet-tefsiri', 'https://kuran.diyanet.gov.tr/tefsir/Bakara-suresi/17/10-ayet-tefsiri', 'https://kuran.diyanet.gov.tr/tefsir/Bakara-suresi/18/11-ayet-tefsiri', 'https://kuran.diyanet.gov.tr/tefsir/Bakara-suresi/19/12-ayet-tefsiri', 'https://kuran.diyanet.gov.tr/tefsir/Bakara-suresi/20/13-ayet-tefsiri', 'https://kuran.diyanet.gov.tr/tefsir/Bakara-suresi/21/14-16-ayet-tefsiri', 'https://kuran.diyanet.gov.tr/tefsir/Bakara-suresi/24/17-20-ayet-tefsiri', 'https://kuran.diyanet.gov.tr/tefsir/Bakara-suresi/28/21-ayet-tefsiri', 'https://kuran.diyanet.gov.tr/tefsir/Bakara-suresi/29/22-ayet-tefsiri', 'https://kuran.diyanet.gov.tr/tefsir/Bakara-suresi/30/23-ayet-tefsiri', 'https://kuran.diyanet.gov.tr/tefsir/Bakara-suresi/31/24-ayet-tefsiri', 'https://kuran.diyanet.gov.tr/tefsir/Bakara-suresi/32/25-ayet-tefsiri', 'https://kuran.diyanet.gov.tr/tefsir/Bakara-suresi/33/26-ayet-tefsiri', 'https://kuran.diyanet.gov.tr/tefsir/Bakara-suresi/34/27-ayet-tefsiri', 'https://kuran.diyanet.gov.tr/tefsir/Bakara-suresi/35/28-ayet-tefsiri', 'https://kuran.diyanet.gov.tr/tefsir/Bakara-suresi/36/29-ayet-tefsiri', 'https://kuran.diyanet.gov.tr/tefsir/Bakara-suresi/37/30-ayet-tefsiri', 'https://kuran.diyanet.gov.tr/tefsir/Bakara-suresi/38/31-33-ayet-tefsiri', 'https://kuran.diyanet.gov.tr/tefsir/Bakara-suresi/41/34-ayet-tefsiri', 'https://kuran.diyanet.gov.tr/tefsir/Bakara-suresi/42/35-ayet-tefsiri', 'https://kuran.diyanet.gov.tr/tefsir/Bakara-suresi/43/36-39-ayet-tefsiri', 'https://kuran.diyanet.gov.tr/tefsir/Bakara-suresi/47/40-ayet-tefsiri', 'https://kuran.diyanet.gov.tr/tefsir/Bakara-suresi/48/41-ayet-tefsiri', 'https://kuran.diyanet.gov.tr/tefsir/Bakara-suresi/49/42-43-ayet-tefsiri', 'https://kuran.diyanet.gov.tr/tefsir/Bakara-suresi/51/44-ayet-tefsiri', 'https://kuran.diyanet.gov.tr/tefsir/Bakara-suresi/52/45-46-ayet-tefsiri', 'https://kuran.diyanet.gov.tr/tefsir/Bakara-suresi/54/47-ayet-tefsiri', 'https://kuran.diyanet.gov.tr/tefsir/Bakara-suresi/55/48-ayet-tefsiri', 'https://kuran.diyanet.gov.tr/tefsir/Bakara-suresi/56/49-59-ayet-tefsiri', 'https://kuran.diyanet.gov.tr/tefsir/Bakara-suresi/67/60-ayet-tefsiri', 'https://kuran.diyanet.gov.tr/tefsir/Bakara-suresi/68/61-ayet-tefsiri', 'https://kuran.diyanet.gov.tr/tefsir/Bakara-suresi/69/62-ayet-tefsiri', 'https://kuran.diyanet.gov.tr/tefsir/Bakara-suresi/70/63-64-ayet-tefsiri', 'https://kuran.diyanet.gov.tr/tefsir/Bakara-suresi/72/65-66-ayet-tefsiri', 'https://kuran.diyanet.gov.tr/tefsir/Bakara-suresi/74/67-73-ayet-tefsiri', 'https://kuran.diyanet.gov.tr/tefsir/Bakara-suresi/81/74-ayet-tefsiri', 'https://kuran.diyanet.gov.tr/tefsir/Bakara-suresi/82/75-ayet-tefsiri', 'https://kuran.diyanet.gov.tr/tefsir/Bakara-suresi/83/76-77-ayet-tefsiri', 'https://kuran.diyanet.gov.tr/tefsir/Bakara-suresi/85/78-ayet-tefsiri', 'https://kuran.diyanet.gov.tr/tefsir/Bakara-suresi/86/79-ayet-tefsiri', 'https://kuran.diyanet.gov.tr/tefsir/Bakara-suresi/87/80-82-ayet-tefsiri', 'https://kuran.diyanet.gov.tr/tefsir/Bakara-suresi/90/83-84-ayet-tefsiri', 'https://kuran.diyanet.gov.tr/tefsir/Bakara-suresi/92/85-86-ayet-tefsiri', 'https://kuran.diyanet.gov.tr/tefsir/Bakara-suresi/94/87-ayet-tefsiri', 'https://kuran.diyanet.gov.tr/tefsir/Bakara-suresi/95/88-ayet-tefsiri', 'https://kuran.diyanet.gov.tr/tefsir/Bakara-suresi/96/89-ayet-tefsiri', 'https://kuran.diyanet.gov.tr/tefsir/Bakara-suresi/97/90-ayet-tefsiri', 'https://kuran.diyanet.gov.tr/tefsir/Bakara-suresi/98/91-ayet-tefsiri', 'https://kuran.diyanet.gov.tr/tefsir/Bakara-suresi/99/92-ayet-tefsiri', 'https://kuran.diyanet.gov.tr/tefsir/Bakara-suresi/100/93-ayet-tefsiri', 'https://kuran.diyanet.gov.tr/tefsir/Bakara-suresi/101/94-95-ayet-tefsiri', 'https://kuran.diyanet.gov.tr/tefsir/Bakara-suresi/103/96-ayet-tefsiri', 'https://kuran.diyanet.gov.tr/tefsir/Bakara-suresi/104/97-98-ayet-tefsiri', 'https://kuran.diyanet.gov.tr/tefsir/Bakara-suresi/106/99-ayet-tefsiri', 'https://kuran.diyanet.gov.tr/tefsir/Bakara-suresi/107/100-101-ayet-tefsiri', 'https://kuran.diyanet.gov.tr/tefsir/Bakara-suresi/109/102-103-ayet-tefsiri', 'https://kuran.diyanet.gov.tr/tefsir/Bakara-suresi/111/104-ayet-tefsiri', 'https://kuran.diyanet.gov.tr/tefsir/Bakara-suresi/112/105-ayet-tefsiri', 'https://kuran.diyanet.gov.tr/tefsir/Bakara-suresi/113/106-ayet-tefsiri', 'https://kuran.diyanet.gov.tr/tefsir/Bakara-suresi/114/107-ayet-tefsiri', 'https://kuran.diyanet.gov.tr/tefsir/Bakara-suresi/115/108-ayet-tefsiri', 'https://kuran.diyanet.gov.tr/tefsir/Bakara-suresi/116/109-ayet-tefsiri', 'https://kuran.diyanet.gov.tr/tefsir/Bakara-suresi/117/110-ayet-tefsiri', 'https://kuran.diyanet.gov.tr/tefsir/Bakara-suresi/118/111-ayet-tefsiri', 'https://kuran.diyanet.gov.tr/tefsir/Bakara-suresi/119/112-ayet-tefsiri', 'https://kuran.diyanet.gov.tr/tefsir/Bakara-suresi/120/113-ayet-tefsiri', 'https://kuran.diyanet.gov.tr/tefsir/Bakara-suresi/121/114-ayet-tefsiri', 'https://kuran.diyanet.gov.tr/tefsir/Bakara-suresi/122/115-ayet-tefsiri', 'https://kuran.diyanet.gov.tr/tefsir/Bakara-suresi/123/116-ayet-tefsiri', 'https://kuran.diyanet.gov.tr/tefsir/Bakara-suresi/124/117-ayet-tefsiri', 'https://kuran.diyanet.gov.tr/tefsir/Bakara-suresi/125/118-ayet-tefsiri', 'https://kuran.diyanet.gov.tr/tefsir/Bakara-suresi/126/119-ayet-tefsiri', 'https://kuran.diyanet.gov.tr/tefsir/Bakara-suresi/127/120-ayet-tefsiri', 'https://kuran.diyanet.gov.tr/tefsir/Bakara-suresi/128/121-ayet-tefsiri', 'https://kuran.diyanet.gov.tr/tefsir/Bakara-suresi/129/122-123-ayet-tefsiri', 'https://kuran.diyanet.gov.tr/tefsir/Bakara-suresi/131/124-ayet-tefsiri', 'https://kuran.diyanet.gov.tr/tefsir/Bakara-suresi/132/125-ayet-tefsiri', 'https://kuran.diyanet.gov.tr/tefsir/Bakara-suresi/133/126-ayet-tefsiri', 'https://kuran.diyanet.gov.tr/tefsir/Bakara-suresi/134/127-129-ayet-tefsiri', 'https://kuran.diyanet.gov.tr/tefsir/Bakara-suresi/137/130-132-ayet-tefsiri', 'https://kuran.diyanet.gov.tr/tefsir/Bakara-suresi/140/133-ayet-tefsiri', 'https://kuran.diyanet.gov.tr/tefsir/Bakara-suresi/141/134-ayet-tefsiri', 'https://kuran.diyanet.gov.tr/tefsir/Bakara-suresi/142/135-ayet-tefsiri', 'https://kuran.diyanet.gov.tr/tefsir/Bakara-suresi/143/136-ayet-tefsiri', 'https://kuran.diyanet.gov.tr/tefsir/Bakara-suresi/144/137-ayet-tefsiri', 'https://kuran.diyanet.gov.tr/tefsir/Bakara-suresi/145/138-ayet-tefsiri', 'https://kuran.diyanet.gov.tr/tefsir/Bakara-suresi/146/139-ayet-tefsiri', 'https://kuran.diyanet.gov.tr/tefsir/Bakara-suresi/147/140-ayet-tefsiri', 'https://kuran.diyanet.gov.tr/tefsir/Bakara-suresi/148/141-ayet-tefsiri', 'https://kuran.diyanet.gov.tr/tefsir/Bakara-suresi/149/142-ayet-tefsiri', 'https://kuran.diyanet.gov.tr/tefsir/Bakara-suresi/150/143-ayet-tefsiri', 'https://kuran.diyanet.gov.tr/tefsir/Bakara-suresi/151/144-ayet-tefsiri', 'https://kuran.diyanet.gov.tr/tefsir/Bakara-suresi/152/145-ayet-tefsiri', 'https://kuran.diyanet.gov.tr/tefsir/Bakara-suresi/153/146-147-ayet-tefsiri', 'https://kuran.diyanet.gov.tr/tefsir/Bakara-suresi/155/148-ayet-tefsiri', 'https://kuran.diyanet.gov.tr/tefsir/Bakara-suresi/156/149-150-ayet-tefsiri', 'https://kuran.diyanet.gov.tr/tefsir/Bakara-suresi/158/151-ayet-tefsiri', 'https://kuran.diyanet.gov.tr/tefsir/Bakara-suresi/159/152-ayet-tefsiri', 'https://kuran.diyanet.gov.tr/tefsir/Bakara-suresi/160/153-ayet-tefsiri', 'https://kuran.diyanet.gov.tr/tefsir/Bakara-suresi/161/154-ayet-tefsiri', 'https://kuran.diyanet.gov.tr/tefsir/Bakara-suresi/162/155-157-ayet-tefsiri', 'https://kuran.diyanet.gov.tr/tefsir/Bakara-suresi/165/158-ayet-tefsiri', 'https://kuran.diyanet.gov.tr/tefsir/Bakara-suresi/166/159-ayet-tefsiri', 'https://kuran.diyanet.gov.tr/tefsir/Bakara-suresi/167/160-162-ayet-tefsiri', 'https://kuran.diyanet.gov.tr/tefsir/Bakara-suresi/170/163-ayet-tefsiri', 'https://kuran.diyanet.gov.tr/tefsir/Bakara-suresi/171/164-ayet-tefsiri', 'https://kuran.diyanet.gov.tr/tefsir/Bakara-suresi/172/165-167-ayet-tefsiri', 'https://kuran.diyanet.gov.tr/tefsir/Bakara-suresi/175/168-169-ayet-tefsiri', 'https://kuran.diyanet.gov.tr/tefsir/Bakara-suresi/177/170-ayet-tefsiri', 'https://kuran.diyanet.gov.tr/tefsir/Bakara-suresi/178/171-ayet-tefsiri', 'https://kuran.diyanet.gov.tr/tefsir/Bakara-suresi/179/172-ayet-tefsiri', 'https://kuran.diyanet.gov.tr/tefsir/Bakara-suresi/180/173-ayet-tefsiri', 'https://kuran.diyanet.gov.tr/tefsir/Bakara-suresi/181/174-175-ayet-tefsiri', 'https://kuran.diyanet.gov.tr/tefsir/Bakara-suresi/183/176-ayet-tefsiri', 'https://kuran.diyanet.gov.tr/tefsir/Bakara-suresi/184/177-ayet-tefsiri', 'https://kuran.diyanet.gov.tr/tefsir/Bakara-suresi/185/178-ayet-tefsiri', 'https://kuran.diyanet.gov.tr/tefsir/Bakara-suresi/186/179-ayet-tefsiri', 'https://kuran.diyanet.gov.tr/tefsir/Bakara-suresi/187/180-ayet-tefsiri', 'https://kuran.diyanet.gov.tr/tefsir/Bakara-suresi/188/181-182-ayet-tefsiri', 'https://kuran.diyanet.gov.tr/tefsir/Bakara-suresi/190/183-184-ayet-tefsiri', 'https://kuran.diyanet.gov.tr/tefsir/Bakara-suresi/192/185-ayet-tefsiri', 'https://kuran.diyanet.gov.tr/tefsir/Bakara-suresi/193/186-ayet-tefsiri', 'https://kuran.diyanet.gov.tr/tefsir/Bakara-suresi/194/187-ayet-tefsiri', 'https://kuran.diyanet.gov.tr/tefsir/Bakara-suresi/195/188-ayet-tefsiri', 'https://kuran.diyanet.gov.tr/tefsir/Bakara-suresi/196/189-ayet-tefsiri', 'https://kuran.diyanet.gov.tr/tefsir/Bakara-suresi/197/190-ayet-tefsiri', 'https://kuran.diyanet.gov.tr/tefsir/Bakara-suresi/198/191-192-ayet-tefsiri', 'https://kuran.diyanet.gov.tr/tefsir/Bakara-suresi/200/193-ayet-tefsiri', 'https://kuran.diyanet.gov.tr/tefsir/Bakara-suresi/201/194-ayet-tefsiri', 'https://kuran.diyanet.gov.tr/tefsir/Bakara-suresi/202/195-ayet-tefsiri', 'https://kuran.diyanet.gov.tr/tefsir/Bakara-suresi/203/196-ayet-tefsiri', 'https://kuran.diyanet.gov.tr/tefsir/Bakara-suresi/204/197-ayet-tefsiri', 'https://kuran.diyanet.gov.tr/tefsir/Bakara-suresi/205/198-199-ayet-tefsiri', 'https://kuran.diyanet.gov.tr/tefsir/Bakara-suresi/207/200-202-ayet-tefsiri', 'https://kuran.diyanet.gov.tr/tefsir/Bakara-suresi/210/203-ayet-tefsiri', 'https://kuran.diyanet.gov.tr/tefsir/Bakara-suresi/211/204-207-ayet-tefsiri', 'https://kuran.diyanet.gov.tr/tefsir/Bakara-suresi/215/208-ayet-tefsiri', 'https://kuran.diyanet.gov.tr/tefsir/Bakara-suresi/216/209-ayet-tefsiri', 'https://kuran.diyanet.gov.tr/tefsir/Bakara-suresi/217/210-ayet-tefsiri', 'https://kuran.diyanet.gov.tr/tefsir/Bakara-suresi/218/211-ayet-tefsiri', 'https://kuran.diyanet.gov.tr/tefsir/Bakara-suresi/219/212-ayet-tefsiri', 'https://kuran.diyanet.gov.tr/tefsir/Bakara-suresi/220/213-ayet-tefsiri', 'https://kuran.diyanet.gov.tr/tefsir/Bakara-suresi/221/214-ayet-tefsiri', 'https://kuran.diyanet.gov.tr/tefsir/Bakara-suresi/222/215-ayet-tefsiri', 'https://kuran.diyanet.gov.tr/tefsir/Bakara-suresi/223/216-ayet-tefsiri', 'https://kuran.diyanet.gov.tr/tefsir/Bakara-suresi/224/217-ayet-tefsiri', 'https://kuran.diyanet.gov.tr/tefsir/Bakara-suresi/225/218-ayet-tefsiri', 'https://kuran.diyanet.gov.tr/tefsir/Bakara-suresi/226/219-ayet-tefsiri', 'https://kuran.diyanet.gov.tr/tefsir/Bakara-suresi/227/220-ayet-tefsiri', 'https://kuran.diyanet.gov.tr/tefsir/Bakara-suresi/228/221-ayet-tefsiri', 'https://kuran.diyanet.gov.tr/tefsir/Bakara-suresi/229/222-ayet-tefsiri', 'https://kuran.diyanet.gov.tr/tefsir/Bakara-suresi/230/223-ayet-tefsiri', 'https://kuran.diyanet.gov.tr/tefsir/Bakara-suresi/231/224-ayet-tefsiri', 'https://kuran.diyanet.gov.tr/tefsir/Bakara-suresi/232/225-ayet-tefsiri', 'https://kuran.diyanet.gov.tr/tefsir/Bakara-suresi/233/226-227-ayet-tefsiri', 'https://kuran.diyanet.gov.tr/tefsir/Bakara-suresi/235/228-ayet-tefsiri', 'https://kuran.diyanet.gov.tr/tefsir/Bakara-suresi/236/229-ayet-tefsiri', 'https://kuran.diyanet.gov.tr/tefsir/Bakara-suresi/237/230-ayet-tefsiri', 'https://kuran.diyanet.gov.tr/tefsir/Bakara-suresi/238/231-ayet-tefsiri', 'https://kuran.diyanet.gov.tr/tefsir/Bakara-suresi/239/232-ayet-tefsiri', 'https://kuran.diyanet.gov.tr/tefsir/Bakara-suresi/240/233-ayet-tefsiri', 'https://kuran.diyanet.gov.tr/tefsir/Bakara-suresi/241/234-235-ayet-tefsiri', 'https://kuran.diyanet.gov.tr/tefsir/Bakara-suresi/243/236-237-ayet-tefsiri', 'https://kuran.diyanet.gov.tr/tefsir/Bakara-suresi/245/238-239-ayet-tefsiri', 'https://kuran.diyanet.gov.tr/tefsir/Bakara-suresi/247/240-ayet-tefsiri', 'https://kuran.diyanet.gov.tr/tefsir/Bakara-suresi/248/241-ayet-tefsiri', 'https://kuran.diyanet.gov.tr/tefsir/Bakara-suresi/249/242-ayet-tefsiri', 'https://kuran.diyanet.gov.tr/tefsir/Bakara-suresi/250/243-ayet-tefsiri', 'https://kuran.diyanet.gov.tr/tefsir/Bakara-suresi/251/244-ayet-tefsiri', 'https://kuran.diyanet.gov.tr/tefsir/Bakara-suresi/252/245-ayet-tefsiri', 'https://kuran.diyanet.gov.tr/tefsir/Bakara-suresi/253/246-ayet-tefsiri', 'https://kuran.diyanet.gov.tr/tefsir/Bakara-suresi/254/247-ayet-tefsiri', 'https://kuran.diyanet.gov.tr/tefsir/Bakara-suresi/255/248-ayet-tefsiri', 'https://kuran.diyanet.gov.tr/tefsir/Bakara-suresi/256/249-250-ayet-tefsiri', 'https://kuran.diyanet.gov.tr/tefsir/Bakara-suresi/258/251-ayet-tefsiri', 'https://kuran.diyanet.gov.tr/tefsir/Bakara-suresi/259/252-ayet-tefsiri', 'https://kuran.diyanet.gov.tr/tefsir/Bakara-suresi/260/253-ayet-tefsiri', 'https://kuran.diyanet.gov.tr/tefsir/Bakara-suresi/261/254-ayet-tefsiri', 'https://kuran.diyanet.gov.tr/tefsir/Bakara-suresi/262/255-ayet-tefsiri', 'https://kuran.diyanet.gov.tr/tefsir/Bakara-suresi/263/256-ayet-tefsiri', 'https://kuran.diyanet.gov.tr/tefsir/Bakara-suresi/264/257-ayet-tefsiri', 'https://kuran.diyanet.gov.tr/tefsir/Bakara-suresi/265/258-ayet-tefsiri', 'https://kuran.diyanet.gov.tr/tefsir/Bakara-suresi/266/259-ayet-tefsiri', 'https://kuran.diyanet.gov.tr/tefsir/Bakara-suresi/267/260-ayet-tefsiri', 'https://kuran.diyanet.gov.tr/tefsir/Bakara-suresi/268/261-ayet-tefsiri', 'https://kuran.diyanet.gov.tr/tefsir/Bakara-suresi/269/262-264-ayet-tefsiri', 'https://kuran.diyanet.gov.tr/tefsir/Bakara-suresi/272/265-266-ayet-tefsiri', 'https://kuran.diyanet.gov.tr/tefsir/Bakara-suresi/274/267-ayet-tefsiri', 'https://kuran.diyanet.gov.tr/tefsir/Bakara-suresi/275/268-ayet-tefsiri', 'https://kuran.diyanet.gov.tr/tefsir/Bakara-suresi/276/269-ayet-tefsiri', 'https://kuran.diyanet.gov.tr/tefsir/Bakara-suresi/277/270-ayet-tefsiri', 'https://kuran.diyanet.gov.tr/tefsir/Bakara-suresi/278/271-ayet-tefsiri', 'https://kuran.diyanet.gov.tr/tefsir/Bakara-suresi/279/272-ayet-tefsiri', 'https://kuran.diyanet.gov.tr/tefsir/Bakara-suresi/280/273-ayet-tefsiri', 'https://kuran.diyanet.gov.tr/tefsir/Bakara-suresi/281/274-ayet-tefsiri', 'https://kuran.diyanet.gov.tr/tefsir/Bakara-suresi/282/275-ayet-tefsiri', 'https://kuran.diyanet.gov.tr/tefsir/Bakara-suresi/283/276-ayet-tefsiri', 'https://kuran.diyanet.gov.tr/tefsir/Bakara-suresi/284/277-ayet-tefsiri', 'https://kuran.diyanet.gov.tr/tefsir/Bakara-suresi/285/278-279-ayet-tefsiri', 'https://kuran.diyanet.gov.tr/tefsir/Bakara-suresi/287/280-ayet-tefsiri', 'https://kuran.diyanet.gov.tr/tefsir/Bakara-suresi/288/281-ayet-tefsiri', 'https://kuran.diyanet.gov.tr/tefsir/Bakara-suresi/289/282-ayet-tefsiri', 'https://kuran.diyanet.gov.tr/tefsir/Bakara-suresi/290/283-ayet-tefsiri', 'https://kuran.diyanet.gov.tr/tefsir/Bakara-suresi/291/284-ayet-tefsiri', 'https://kuran.diyanet.gov.tr/tefsir/Bakara-suresi/292/285-286-ayet-tefsiri']"
3,"Hakkında
                    Medine döneminde inmiştir. 200 âyettir. Sûre, adını 33. âyette geçen “Âl-i İmrân” tamlamasından almıştır. Âl-i İmrân, İmran ailesi demektir.","Nuzül
 Mushaftaki sıralamada 3, iniş sırasına göre 89. sûredir. Enfâl sûresinden sonra, Ahzâb sûresinden önce Medine’de nâzil olmuştur.Müfessirlerin çoğunluğuna göre, sûrenin önemli bir bölümünün geliş sebebi, Necran hıristiyanları adına Medine’ye gelen heyetle Hz. Peygamber arasında geçen Allah inancı konusundaki tartışmalardır. Bu vesileyle nâzil olan âyetlerin sayısı ve sûrenin iniş zamanı hakkında farklı görüşler vardır. Necran heyetiyle ilgili rivayetten sonra bunlara yer verilecektir.Coğrafî kaynaklar Yemen’de, Kûfe civarında ve Havran’da Necran adını taşıyan birden fazla yerleşim biriminin bulunduğunu kaydeder. Burada söz konusu olan kişiler, Yemen Necranı’ndan heyet halinde gelen hıristiyanlardır. Hıristiyanlık aslî şekliyle Arap yarımadasının önce bu kasabasında yayılmış ve başlangıçta Yemen hükümdarlarının sert tepkileriyle karşılaşmıştır. Daha sonra burası Hıristiyanlığın önemli merkezlerinden biri olmuştur. Nitekim tarih kaynakları burada inşa edilen ve Kâbe-i Muazzama’ya karşılık olmak üzere “Kâbe-i Necrân” adıyla anılan görkemli kilisede çok sayıda piskoposun görev yaptığını belirtmektedirler.Aralarında bu kiliseye mensup din adamlarının da bulunduğu altmış kişilik bir Necran heyeti (aşağıda açıklanacağı üzere hicretin 9. yılında veya daha önceki bir tarihte) Medine’ye bir ziyarette bulunmuştu. Bu heyet içinde on dört kişi temsilci konumundaydı. Bunlardan üçü heyetin en yetkilileri idi: Başkan Abdülmesîh (el-Âkıb), başkan yardımcısı Eyhem (es-Seyyid) ve piskopos Ebû Hârise b. Alkame.Bir gün ikindi namazını müteakip süslü ve ihtişamlı elbiseler içinde mescide gelip Hz. Peygamber’in huzuruna çıkan bu heyet mensupları, kendi ibadet vakitleri geldiğinde doğuya doğru dönüp hıristiyan usulüne göre âyin yapmak istediler. Resûlullah onlara müsaade etti. Heyet birkaç gün Medine’de kaldı ve müslümanlar tarafından ağırlandı. Bu süre içinde heyetin ileri gelenleriyle Hz. Peygamber arasında Allah inancı ve Hz. Îsâ’nın durumuna dair önemli tartışmalar cereyan etti. Heyet mensupları arasında tam bir inanç birliği olmadığı gibi, sorulan sorulara verdikleri cevaplar da tutarlı değildi. Hz. Îsâ için bazan “Allah” bazan “Allah’ın oğlu” bazan da “üçün üçüncüsü” diyorlardı.Hz. Peygamber onların iddialarını çürüttükten sonra, kendilerini bağlayacak sorular yöneltti. Sonunda sükût etmek zorunda kaldılar. Bunun üzerine Resûlullah onları İslâm’a davet etti. Bu teklife karşı direnme yollarını denediler:– “Ey Muhammed! Sen Îsâ’nın, Allah’ın kelimesi ve O’ndan bir ruh olduğunu söylemiyor musun?” dediler. Resûlullah:– “Evet” deyince:– “İşte bu bize yeter” dediler. Allah Teâlâ resulüne onları “mübâhele”ye (açık biçimde lânetleşme) davet etmesini vahyetti (bu konuda ayrıntılı açıklamaya 61. âyetin tefsirinde yer verilecektir). Resûl-i Ekrem bu çağrıyı yapınca bir gün süre istediler.Bu konuda ne yönde bir karar alabileceklerini kendi aralarında müzakere ederlerken içlerinden biri şöyle dedi: “Îsâ efendimizle ilgili çekişmeyi çözüme bağlayışından anlaşılmış oldu ki Muhammed gerçekten Allah’ın gönderdiği bir peygamberdir. Bilirsiniz ki bir toplum peygamberle lânetleşmeye kalkışırsa Allah, büyüğüyle küçüğüyle onları mahveder. Dinimizde kalmaya kararlıysanız, bu zatla lânetleşmeye girmeyiniz ve iyilikle ayrılınız.”Sonunda Hz. Peygamber’e gelip şöyle dediler: “Ey Ebü’l-Kasım! Seninle lânetleşmeye girmemeye, seni dininle baş başa bırakıp kendi dinimiz üzere kalmaya karar verdik. Fakat biz senden hoşnuduz ve sana güveniyoruz. Ashabından uygun birini aramızdaki malî ihtilâfları çözmek üzere bize gönder.”Resûlullah bu talep üzerine Ebû Ubeyde b. Cerrâh’ı bu iş için görevlendirdi. Rivayete göre Hz. Ömer, hiçbir zaman yöneticilikten hoşlanmadığı halde, Hz. Peygamber’in söz konusu görev için karar verdiği gün, hayatında ilk defa içinde bu arzuyu duyduğunu ve kendisinin tayin edileceğini umduğunu ifade etmiştir (bk. İbn Hişâm, es-Sîretü’n-Nebeviyye, II, 222 vd.; İbn Atıyye, I, 396-397; Râzî, VII, 154-155; Elmalılı, II, 1011-1015; Necran’la ilgili bilgi için bk. A. Moberg, “Necrân”, İA, IX, 165-167).Necran heyetiyle yapılan tartışmalar vesilesiyle nâzil olan bölümün 1-61, 1-82 ve 1-84. âyetler olduğu yönünde görüşler vardır (bk. Şevkânî, I, 345; İbn Âşûr, III, 143-144; Elmalılı, II, 1011). Necran heyetinin Medine’ye hicretin 9. yılında gelmiş olduğu yönündeki yaygın bilgiye mukabil, İbn Hişâm’ın bu heyet hakkındaki bilgileri tarih vermeksizin aktarması, Âl-i İmrân sûresinin Medine’de inen ilk sûrelerden olduğu hususunda âlimler arasında görüş birliğinin bulunması ve sûrenin içerik ve üslûbu bazı müellifleri bu sûresinin ne zaman nâzil olduğu konusunda farklı değerlendirmeler yapmaya sevketmiştir.İbn Âşûr’un bu konudaki açıklamalarını şöyle özetlemek mümkündür (III, 143-144, 146): Âl-i İmrân sûresinin Medine’de inen ilk sûrelerden olduğu ve bazı âyetlerinde Uhud Savaşı’ndan söz edildiği hususunda âlimler arasında görüş birliği vardır. Enfâl sûresinden önce veya sonra indiği konusu ise ihtilâflıdır. Fakat Âl-i İmrân sûresinin, Bedir Savaşı sırasında indiği ittifakla kabul edilen Enfâl sûresinden de önce nâzil olduğuna dair rivayetin kabulü halinde, bu sûrede Uhud Savaşı’ndan söz edildiğini ve Bedir’de müslümanların kazandığı zaferin hatırlatıldığını söylemek mümkün olmayacaktır. Daha önce açıklandığı üzere aynı süre içinde birden fazla sûrenin inmesi mümkündür ve tefsir kitaplarında yer alan “Bu sûre filân sûreden sonra inmiştir” şeklindeki ifadeler, “Bu iki sûreden ilki tamamlanıp sonra diğeri inmeye başladı” anlamında değil, “Birincinin nüzûlü diğerinin nüzûlünden önce başlamıştır” anlamındadır (bu konuda bilgi için ayrıca bk. “Tefsire Giriş” bölümünün “I. Kur’an-ı Kerîm, D) Şekli ve Üslûbu” başlığı). Necran heyetiyle ilgili bölümün iniş zamanının da bu ölçüye göre değerlendirilmesi uygun olur. Şu var ki, bu bölümün hicretin 9. yılında inmiş olduğuna dair ifadelerin, bu yılın “senetü’l-vüfûd” (elçiler yılı) olarak tanınmasından kaynaklandığı ve Âl-i İmrân sûresinin Medine’de inen ilk sûrelerden olduğu dikkate alınınca, Necran heyetinin sözü edilen elçiler yılından önce (muhtemelen hicretin 3. yılında) gelmiş olduğu söylenebilir.Derveze, Necran heyetinin, müslümanların Bedir Savaşı’nda Kureyş müşriklerine karşı zafer kazandıkları haberini yerinde tahkik etmek için –Uhud Savaşı öncesinde– Medine’ye gelmiş olabileceği ihtimali üzerinde durur. Aynı müfessir, Ebû Süfyân’ın –Mekke’nin fethinden sonraki bir zamanda– Hz. Peygamber’in Necran hıristiyanları için yazılı bir belge düzenlediğine tanıklığı ile ilgili haberin doğru olması halinde ise hicretin 9. yılında başka bir Necran heyetinin daha gelmiş olmasını muhtemel görür (VIII, 70-71). Abdülhamîd Mahmûd Tahmâz ise bunu zorlanmış bir yaklaşım olarak değerlendirir ve bir sûrenin âyetlerindeki sıralamanın daima nüzûl sebebi ve sırasına göre olmadığı noktasından hareketle burada Necran heyeti hakkında hicretin 9. yılında inen baş kısmın Uhud Savaşı hakkındaki orta kısımdan sonra inmiş olduğunu düşünmeye bir engelin bulunmadığını savunur (et-Tevrât ve’l-İncîl ve’l-Kur’ân fî sûreti Âli İmrân, s. 9-10).Âl-i İmrân sûresinin baştan 120. âyetine kadar olan bölümün hicretin ilk yıllarında nâzil olduğunu gösteren bir içeriğe sahip bulunduğuna işaretle, sûrenin ilk seksen küsur âyetinin Bedir Savaşı’ndan bile önce nâzil olduğu, muhtemelen Hz. Peygamber’in daha önce inen Âl-i İmrân âyetlerini Necran heyetine okuduğu için bunu duyan bazı kişilerin bu âyetlerin o zaman (hicretin 9. yılı) indiğini zannettikleri de ileri sürülmüştür. Fakat bu görüşün sahibi olan Süleyman Ateş’in konuya ilişkin açıklamaları kendi içinde tutarlı görünmemektedir. Zira Ateş “hicrî 5. yıldan sonra Medine’de yahudi kalmadığı” noktasından hareketle “bu sûrede yahudilerin yerinin bulunmadığı” tarzında ve kendisinin başka ifadeleriyle bağdaşmayan kesin bir kanaat de ortaya koymaktadır (krş. II, 6, 33, 60, 61, 65, 69, 70, 71, 84, 85; II, 48, 61, 62; II, 29-30; II, 63).Öte yandan bazı âyetlerin içeriği ile tarihî bilgiler arasında uyum arama çabasıyla, meselâ 64. âyetin bir Hudeybiye Antlaşması’ndan önce, bir de Mekke fethinden sonra olmak üzere iki defa inmiş olmasına ihtimal veren müfessirler de vardır (bk. İbn Kesîr, II, 46).Kanaatimize göre Âl-i İmrân sûresinde “Ehl-i kitap” olumlu ve olumsuz yönleriyle geniş bir biçimde ele alınmış, inanç esasları bakımından hıristiyanlara ağırlık verilmekle beraber birçok yerde yahudilere de atıfta bulunulmuştur. Özellikle Hz. İbrâhim hakkındaki tartışmaya gönderme yapan âyetler (65-68) bunun açık bir kanıtıdır. Hatta 64. âyetin tefsirinde açıklanacağı üzere Ehl-i kitaba yapılan diyalog çağrısını, aslî şekliyle tevhid inancına dayalı din mensuplarına yapılmış genel bir davet biçiminde anlamak mümkündür. Şevkânî’nin de belirttiği üzere, bu sûrede geçen Ehl-i kitap ifadelerinin sadece hıristiyanlar hakkında olduğuna dair bazı ilk dönem bilginlerinden nakledilen rivayeti mutlak biçimde doğru saymak mümkün değildir (I, 391); bu rivayeti, Bakara sûresiyle karşılaştırıldığında burada hıristiyanlara ağırlık verilmiştir şeklinde anlamak daha uygun olur. Âyetlerin sıralaması konusunda yukarıda işaret edilen bilgiler dikkate alındığında, daima nüzûl sırasına ilişkin rivayetlerden hareketle zaman tesbiti yapmanın isabetli olmayacağı açıktır. Âyetlerin anlaşılmasında tarihî bilgiler ve nüzûl bilgileri önemli bir yardımcı role sahip olmakla beraber, yorumu bu bilgiler içine hapsetmeksizin ve öncelikle Kur’an’ın içerdiği mesajlar üzerinde dikkatle durulduğu takdirde yorumun ufkunu genişletme ve sağlıklı sonuçlara ulaşma ihtimali artar. Tabii ki, bu yorumların da kesinlik taşıyan verilerle çatışmamasına özen gösterilmesi gerekir. Buna göre, sûrede geçen ifadelerin de kimlere uygun düştüğü noktasının esas alınması, kesinlik kazanmamış rivayet veya ihtimaller dolayısıyla yoruma kesin bir üslûp katılmaması uygun olur. Sonuç olarak sûrenin nüzûlü hakkında şu söylenebilir: Bakara ve Enfâl sûrelerinin ardından hicretin 3. yılında Uhud Savaşı’ndan sonra nâzil olmaya başlayan sûrenin tamamlanması muhtemelen hicretin 9. yılına kadar sürmüştür (Emin Işık, “Âl-i İmrân Sûresi”, DİA, II, 307).","Konusu
 Başlangıcında yüce Allah’ın “hay” ve “kayyûm” olduğu hatırlatılan ve Kur’an-ı Kerîm’in önceki ilâhî kitapları onaylama özelliğinden söz edilen bu sûrede, vahye dayalı dinler arasındaki tekâmül ilişkisine işaret edilmekte, Allah katında yegâne geçerli dinin İslâm olduğu vurgulanmakta, İslâm’ın inanç esasları (özellikle ulûhiyyet ve nübüvvet) ile (birr ve takvâ gibi) bazı temel ahlâk kavramları üzerinde durulmakta, Mekke’deki kutsal evden (Kâbe) söz edilmekte, hac vecîbesine ve başka bazı amelî görevlere değinilmektedir. Sûrede özellikle, hıristiyanların Hz. Îsâ’yı tanrılaştırmaları, yahudilerin de ona iftira ve karalamalarda bulunmaları, bu suretle her iki din mensuplarının da onun hakkında aşırılıklara sapmaları karşısında İslâm ümmetinin gerçekten ayrılmayan ve orta yolu gösteren bir hakem görevi üstlenmiş olacağı ima edilmekte; Bakara sûresinde Ehl-i kitap’tan yahudilere ağırlık verildiği gibi burada da hıristiyanlara ağırlık verilmekte, bu din mensupları ortak bir ilkeyi (Allah’tan başkasına kulluk etmeme ve hiçbir şeyi O’na ortak görmeme ilkesini) kabulden hareketle yürütülebilecek bir diyaloga davet edilmektedir. Diğer taraftan müslümanlara da yüce Allah’ın lutfettiği nimetler hatırlatılıp, düşmanların tuzaklarına düşmemeleri ve üstlendikleri misyonun bilincinde olmaları gerektiği hatırlatılmaktadır. Bu temalar işlenirken Hz. Meryem, Zekeriyyâ, Yahyâ, Îsâ ve Hz. İbrâhim’in hayatlarından ve İslâm tebliği açısından önemli bir dönüm noktası olan Uhud Savaşı’ndan kesitler verilmektedir. Bu arada Uhud Savaşı sırasında ve sonrasında müslümanların, münafıkların ve müşriklerin davranışları tahlil edilip değerlendirilmektedir. Bu sûre ile önceki sûre (Bakara sûresi) arasındaki bağlantı konusu üzerinde duran müfessirler özellikle şu noktalara değinmişlerdir: a) Her ikisinin başlangıcında “kitab”ın anılıp insanların “iman edenler ve etmeyenler” şeklindeki tasnifine yer verilmiş olması (birincisinde iman edenlere öncelik verildiği halde, ikincisinde –artık İslâm’a çağrının yayılmış olması sebebiyle– kalplerinde eğrilik bulunanlar önce zikredilmiştir), b) Her ikisinin Ehl-i kitabın bazı inanç ve tutumlarını tartışmaya ağırlık vermesi (birincisinde yahudilere geniş yer verilip hıristiyanlara kısaca değinildiği halde, ikincisinde –hıristiyanlar gerek tarih sahnesindeki varlıkları gerekse İslâm mesajına muhatap olmaları itibariyle yahudilerden sonra geldiklerinden– hıristiyanlara geniş yer ayrılmıştır), c) Her ikisinin, önceki bir yaratma kanununa göre olmaksızın gerçekleşen iki olaya (Hz. Âdem ve Îsâ’nın yaratılışına) –sırasına uygun olarak– yer verip, bu açıdan ikincinin birinciye benzerliğini hatırlatması, d) Her ikisinin –dikkatli bir karşılaştırma yapan kişinin öncelik-sonralık uygunluğunu farkedebileceği şekilde– aynı türden (meselâ savaş ahkâmı gibi) hükümlere yer vermiş olması, e) Birincinin başlarken müttakilerin kurtuluşa ermiş olduklarını haber vermesine uygun olarak, ikincinin takvâyı öğütleyerek son bulması (Reşîd Rızâ, III, 153).","Fazileti
 Bu sûrenin ve bazı âyetlerinin faziletleri hakkında birçok rivayet bulunmaktadır. Bakara ile Âl-i İmrân sûrelerinin önemine değinen hadisler sebebiyle İslâm bilginleri bu iki sûrenin tefsirine ayrı bir ilgi göstermişler ve bunları konu edinen özel tefsirler kaleme almışlardır. Bir hadîs-i şerifte Resûlullah, Bakara ve Âl-i İmrân sûrelerini iyi bilip gereğince davrananlara bu sûrelerin kıyamet gününde şefaatçi olacağını haber vermiş (Müslim, “Salâtü’l-müsâfirîn”, 42; Tirmizî, “Fezâilü’l-Kur’ân”, 4), bir başka hadiste de yüce Allah’ın “ism-i a‘zam”ının Bakara sûresinin 163. âyeti ile Âl-i İmrân’ın başında bulunduğunu belirtmiştir (Tirmizî, “Daavât”, 64; Ebû Dâvûd, “Salât”, 352).","['https://kuran.diyanet.gov.tr/tefsir/%C3%82l-i%20%C4%B0mr%C3%A2n-suresi/294/1-ayet-tefsiri', 'https://kuran.diyanet.gov.tr/tefsir/%C3%82l-i%20%C4%B0mr%C3%A2n-suresi/295/2-ayet-tefsiri', 'https://kuran.diyanet.gov.tr/tefsir/%C3%82l-i%20%C4%B0mr%C3%A2n-suresi/296/3-4-ayet-tefsiri', 'https://kuran.diyanet.gov.tr/tefsir/%C3%82l-i%20%C4%B0mr%C3%A2n-suresi/298/5-6-ayet-tefsiri', 'https://kuran.diyanet.gov.tr/tefsir/%C3%82l-i%20%C4%B0mr%C3%A2n-suresi/300/7-ayet-tefsiri', 'https://kuran.diyanet.gov.tr/tefsir/%C3%82l-i%20%C4%B0mr%C3%A2n-suresi/301/8-9-ayet-tefsiri', 'https://kuran.diyanet.gov.tr/tefsir/%C3%82l-i%20%C4%B0mr%C3%A2n-suresi/303/10-ayet-tefsiri', 'https://kuran.diyanet.gov.tr/tefsir/%C3%82l-i%20%C4%B0mr%C3%A2n-suresi/304/11-ayet-tefsiri', 'https://kuran.diyanet.gov.tr/tefsir/%C3%82l-i%20%C4%B0mr%C3%A2n-suresi/305/12-ayet-tefsiri', 'https://kuran.diyanet.gov.tr/tefsir/%C3%82l-i%20%C4%B0mr%C3%A2n-suresi/306/13-ayet-tefsiri', 'https://kuran.diyanet.gov.tr/tefsir/%C3%82l-i%20%C4%B0mr%C3%A2n-suresi/307/14-ayet-tefsiri', 'https://kuran.diyanet.gov.tr/tefsir/%C3%82l-i%20%C4%B0mr%C3%A2n-suresi/308/15-ayet-tefsiri', 'https://kuran.diyanet.gov.tr/tefsir/%C3%82l-i%20%C4%B0mr%C3%A2n-suresi/309/16-17-ayet-tefsiri', 'https://kuran.diyanet.gov.tr/tefsir/%C3%82l-i%20%C4%B0mr%C3%A2n-suresi/311/18-ayet-tefsiri', 'https://kuran.diyanet.gov.tr/tefsir/%C3%82l-i%20%C4%B0mr%C3%A2n-suresi/312/19-ayet-tefsiri', 'https://kuran.diyanet.gov.tr/tefsir/%C3%82l-i%20%C4%B0mr%C3%A2n-suresi/313/20-ayet-tefsiri', 'https://kuran.diyanet.gov.tr/tefsir/%C3%82l-i%20%C4%B0mr%C3%A2n-suresi/314/21-ayet-tefsiri', 'https://kuran.diyanet.gov.tr/tefsir/%C3%82l-i%20%C4%B0mr%C3%A2n-suresi/315/22-ayet-tefsiri', 'https://kuran.diyanet.gov.tr/tefsir/%C3%82l-i%20%C4%B0mr%C3%A2n-suresi/316/23-ayet-tefsiri', 'https://kuran.diyanet.gov.tr/tefsir/%C3%82l-i%20%C4%B0mr%C3%A2n-suresi/317/24-ayet-tefsiri', 'https://kuran.diyanet.gov.tr/tefsir/%C3%82l-i%20%C4%B0mr%C3%A2n-suresi/318/25-ayet-tefsiri', 'https://kuran.diyanet.gov.tr/tefsir/%C3%82l-i%20%C4%B0mr%C3%A2n-suresi/319/26-ayet-tefsiri', 'https://kuran.diyanet.gov.tr/tefsir/%C3%82l-i%20%C4%B0mr%C3%A2n-suresi/320/27-ayet-tefsiri', 'https://kuran.diyanet.gov.tr/tefsir/%C3%82l-i%20%C4%B0mr%C3%A2n-suresi/321/28-ayet-tefsiri', 'https://kuran.diyanet.gov.tr/tefsir/%C3%82l-i%20%C4%B0mr%C3%A2n-suresi/322/29-ayet-tefsiri', 'https://kuran.diyanet.gov.tr/tefsir/%C3%82l-i%20%C4%B0mr%C3%A2n-suresi/323/30-ayet-tefsiri', 'https://kuran.diyanet.gov.tr/tefsir/%C3%82l-i%20%C4%B0mr%C3%A2n-suresi/324/31-ayet-tefsiri', 'https://kuran.diyanet.gov.tr/tefsir/%C3%82l-i%20%C4%B0mr%C3%A2n-suresi/325/32-ayet-tefsiri', 'https://kuran.diyanet.gov.tr/tefsir/%C3%82l-i%20%C4%B0mr%C3%A2n-suresi/326/33-34-ayet-tefsiri', 'https://kuran.diyanet.gov.tr/tefsir/%C3%82l-i%20%C4%B0mr%C3%A2n-suresi/328/35-ayet-tefsiri', 'https://kuran.diyanet.gov.tr/tefsir/%C3%82l-i%20%C4%B0mr%C3%A2n-suresi/329/36-ayet-tefsiri', 'https://kuran.diyanet.gov.tr/tefsir/%C3%82l-i%20%C4%B0mr%C3%A2n-suresi/330/37-ayet-tefsiri', 'https://kuran.diyanet.gov.tr/tefsir/%C3%82l-i%20%C4%B0mr%C3%A2n-suresi/331/38-41-ayet-tefsiri', 'https://kuran.diyanet.gov.tr/tefsir/%C3%82l-i%20%C4%B0mr%C3%A2n-suresi/335/42-ayet-tefsiri', 'https://kuran.diyanet.gov.tr/tefsir/%C3%82l-i%20%C4%B0mr%C3%A2n-suresi/336/43-ayet-tefsiri', 'https://kuran.diyanet.gov.tr/tefsir/%C3%82l-i%20%C4%B0mr%C3%A2n-suresi/337/44-ayet-tefsiri', 'https://kuran.diyanet.gov.tr/tefsir/%C3%82l-i%20%C4%B0mr%C3%A2n-suresi/338/45-ayet-tefsiri', 'https://kuran.diyanet.gov.tr/tefsir/%C3%82l-i%20%C4%B0mr%C3%A2n-suresi/339/46-ayet-tefsiri', 'https://kuran.diyanet.gov.tr/tefsir/%C3%82l-i%20%C4%B0mr%C3%A2n-suresi/340/47-ayet-tefsiri', 'https://kuran.diyanet.gov.tr/tefsir/%C3%82l-i%20%C4%B0mr%C3%A2n-suresi/341/48-ayet-tefsiri', 'https://kuran.diyanet.gov.tr/tefsir/%C3%82l-i%20%C4%B0mr%C3%A2n-suresi/342/49-ayet-tefsiri', 'https://kuran.diyanet.gov.tr/tefsir/%C3%82l-i%20%C4%B0mr%C3%A2n-suresi/343/50-51-ayet-tefsiri', 'https://kuran.diyanet.gov.tr/tefsir/%C3%82l-i%20%C4%B0mr%C3%A2n-suresi/345/52-53-ayet-tefsiri', 'https://kuran.diyanet.gov.tr/tefsir/%C3%82l-i%20%C4%B0mr%C3%A2n-suresi/347/54-ayet-tefsiri', 'https://kuran.diyanet.gov.tr/tefsir/%C3%82l-i%20%C4%B0mr%C3%A2n-suresi/348/55-ayet-tefsiri', 'https://kuran.diyanet.gov.tr/tefsir/%C3%82l-i%20%C4%B0mr%C3%A2n-suresi/349/56-ayet-tefsiri', 'https://kuran.diyanet.gov.tr/tefsir/%C3%82l-i%20%C4%B0mr%C3%A2n-suresi/350/57-ayet-tefsiri', 'https://kuran.diyanet.gov.tr/tefsir/%C3%82l-i%20%C4%B0mr%C3%A2n-suresi/351/58-ayet-tefsiri', 'https://kuran.diyanet.gov.tr/tefsir/%C3%82l-i%20%C4%B0mr%C3%A2n-suresi/352/59-ayet-tefsiri', 'https://kuran.diyanet.gov.tr/tefsir/%C3%82l-i%20%C4%B0mr%C3%A2n-suresi/353/60-ayet-tefsiri', 'https://kuran.diyanet.gov.tr/tefsir/%C3%82l-i%20%C4%B0mr%C3%A2n-suresi/354/61-ayet-tefsiri', 'https://kuran.diyanet.gov.tr/tefsir/%C3%82l-i%20%C4%B0mr%C3%A2n-suresi/355/62-ayet-tefsiri', 'https://kuran.diyanet.gov.tr/tefsir/%C3%82l-i%20%C4%B0mr%C3%A2n-suresi/356/63-ayet-tefsiri', 'https://kuran.diyanet.gov.tr/tefsir/%C3%82l-i%20%C4%B0mr%C3%A2n-suresi/357/64-ayet-tefsiri', 'https://kuran.diyanet.gov.tr/tefsir/%C3%82l-i%20%C4%B0mr%C3%A2n-suresi/358/65-68-ayet-tefsiri', 'https://kuran.diyanet.gov.tr/tefsir/%C3%82l-i%20%C4%B0mr%C3%A2n-suresi/362/69-ayet-tefsiri', 'https://kuran.diyanet.gov.tr/tefsir/%C3%82l-i%20%C4%B0mr%C3%A2n-suresi/363/70-71-ayet-tefsiri', 'https://kuran.diyanet.gov.tr/tefsir/%C3%82l-i%20%C4%B0mr%C3%A2n-suresi/365/72-ayet-tefsiri', 'https://kuran.diyanet.gov.tr/tefsir/%C3%82l-i%20%C4%B0mr%C3%A2n-suresi/366/73-ayet-tefsiri', 'https://kuran.diyanet.gov.tr/tefsir/%C3%82l-i%20%C4%B0mr%C3%A2n-suresi/367/74-ayet-tefsiri', 'https://kuran.diyanet.gov.tr/tefsir/%C3%82l-i%20%C4%B0mr%C3%A2n-suresi/368/75-ayet-tefsiri', 'https://kuran.diyanet.gov.tr/tefsir/%C3%82l-i%20%C4%B0mr%C3%A2n-suresi/369/76-ayet-tefsiri', 'https://kuran.diyanet.gov.tr/tefsir/%C3%82l-i%20%C4%B0mr%C3%A2n-suresi/370/77-ayet-tefsiri', 'https://kuran.diyanet.gov.tr/tefsir/%C3%82l-i%20%C4%B0mr%C3%A2n-suresi/371/78-ayet-tefsiri', 'https://kuran.diyanet.gov.tr/tefsir/%C3%82l-i%20%C4%B0mr%C3%A2n-suresi/372/79-80-ayet-tefsiri', 'https://kuran.diyanet.gov.tr/tefsir/%C3%82l-i%20%C4%B0mr%C3%A2n-suresi/374/81-ayet-tefsiri', 'https://kuran.diyanet.gov.tr/tefsir/%C3%82l-i%20%C4%B0mr%C3%A2n-suresi/375/82-ayet-tefsiri', 'https://kuran.diyanet.gov.tr/tefsir/%C3%82l-i%20%C4%B0mr%C3%A2n-suresi/376/83-ayet-tefsiri', 'https://kuran.diyanet.gov.tr/tefsir/%C3%82l-i%20%C4%B0mr%C3%A2n-suresi/377/84-ayet-tefsiri', 'https://kuran.diyanet.gov.tr/tefsir/%C3%82l-i%20%C4%B0mr%C3%A2n-suresi/378/85-ayet-tefsiri', 'https://kuran.diyanet.gov.tr/tefsir/%C3%82l-i%20%C4%B0mr%C3%A2n-suresi/379/86-ayet-tefsiri', 'https://kuran.diyanet.gov.tr/tefsir/%C3%82l-i%20%C4%B0mr%C3%A2n-suresi/380/87-ayet-tefsiri', 'https://kuran.diyanet.gov.tr/tefsir/%C3%82l-i%20%C4%B0mr%C3%A2n-suresi/381/88-ayet-tefsiri', 'https://kuran.diyanet.gov.tr/tefsir/%C3%82l-i%20%C4%B0mr%C3%A2n-suresi/382/89-ayet-tefsiri', 'https://kuran.diyanet.gov.tr/tefsir/%C3%82l-i%20%C4%B0mr%C3%A2n-suresi/383/90-ayet-tefsiri', 'https://kuran.diyanet.gov.tr/tefsir/%C3%82l-i%20%C4%B0mr%C3%A2n-suresi/384/91-ayet-tefsiri', 'https://kuran.diyanet.gov.tr/tefsir/%C3%82l-i%20%C4%B0mr%C3%A2n-suresi/385/92-ayet-tefsiri', 'https://kuran.diyanet.gov.tr/tefsir/%C3%82l-i%20%C4%B0mr%C3%A2n-suresi/386/93-94-ayet-tefsiri', 'https://kuran.diyanet.gov.tr/tefsir/%C3%82l-i%20%C4%B0mr%C3%A2n-suresi/388/95-ayet-tefsiri', 'https://kuran.diyanet.gov.tr/tefsir/%C3%82l-i%20%C4%B0mr%C3%A2n-suresi/389/96-ayet-tefsiri', 'https://kuran.diyanet.gov.tr/tefsir/%C3%82l-i%20%C4%B0mr%C3%A2n-suresi/390/97-ayet-tefsiri', 'https://kuran.diyanet.gov.tr/tefsir/%C3%82l-i%20%C4%B0mr%C3%A2n-suresi/391/98-99-ayet-tefsiri', 'https://kuran.diyanet.gov.tr/tefsir/%C3%82l-i%20%C4%B0mr%C3%A2n-suresi/393/100-101-ayet-tefsiri', 'https://kuran.diyanet.gov.tr/tefsir/%C3%82l-i%20%C4%B0mr%C3%A2n-suresi/395/102-ayet-tefsiri', 'https://kuran.diyanet.gov.tr/tefsir/%C3%82l-i%20%C4%B0mr%C3%A2n-suresi/396/103-ayet-tefsiri', 'https://kuran.diyanet.gov.tr/tefsir/%C3%82l-i%20%C4%B0mr%C3%A2n-suresi/397/104-ayet-tefsiri', 'https://kuran.diyanet.gov.tr/tefsir/%C3%82l-i%20%C4%B0mr%C3%A2n-suresi/398/105-ayet-tefsiri', 'https://kuran.diyanet.gov.tr/tefsir/%C3%82l-i%20%C4%B0mr%C3%A2n-suresi/399/106-107-ayet-tefsiri', 'https://kuran.diyanet.gov.tr/tefsir/%C3%82l-i%20%C4%B0mr%C3%A2n-suresi/401/108-109-ayet-tefsiri', 'https://kuran.diyanet.gov.tr/tefsir/%C3%82l-i%20%C4%B0mr%C3%A2n-suresi/403/110-ayet-tefsiri', 'https://kuran.diyanet.gov.tr/tefsir/%C3%82l-i%20%C4%B0mr%C3%A2n-suresi/404/111-ayet-tefsiri', 'https://kuran.diyanet.gov.tr/tefsir/%C3%82l-i%20%C4%B0mr%C3%A2n-suresi/405/112-ayet-tefsiri', 'https://kuran.diyanet.gov.tr/tefsir/%C3%82l-i%20%C4%B0mr%C3%A2n-suresi/406/113-115-ayet-tefsiri', 'https://kuran.diyanet.gov.tr/tefsir/%C3%82l-i%20%C4%B0mr%C3%A2n-suresi/409/116-ayet-tefsiri', 'https://kuran.diyanet.gov.tr/tefsir/%C3%82l-i%20%C4%B0mr%C3%A2n-suresi/410/117-ayet-tefsiri', 'https://kuran.diyanet.gov.tr/tefsir/%C3%82l-i%20%C4%B0mr%C3%A2n-suresi/411/118-120-ayet-tefsiri', 'https://kuran.diyanet.gov.tr/tefsir/%C3%82l-i%20%C4%B0mr%C3%A2n-suresi/414/121-122-ayet-tefsiri', 'https://kuran.diyanet.gov.tr/tefsir/%C3%82l-i%20%C4%B0mr%C3%A2n-suresi/416/123-ayet-tefsiri', 'https://kuran.diyanet.gov.tr/tefsir/%C3%82l-i%20%C4%B0mr%C3%A2n-suresi/417/124-125-ayet-tefsiri', 'https://kuran.diyanet.gov.tr/tefsir/%C3%82l-i%20%C4%B0mr%C3%A2n-suresi/419/126-127-ayet-tefsiri', 'https://kuran.diyanet.gov.tr/tefsir/%C3%82l-i%20%C4%B0mr%C3%A2n-suresi/421/128-129-ayet-tefsiri', 'https://kuran.diyanet.gov.tr/tefsir/%C3%82l-i%20%C4%B0mr%C3%A2n-suresi/423/130-132-ayet-tefsiri', 'https://kuran.diyanet.gov.tr/tefsir/%C3%82l-i%20%C4%B0mr%C3%A2n-suresi/426/133-135-ayet-tefsiri', 'https://kuran.diyanet.gov.tr/tefsir/%C3%82l-i%20%C4%B0mr%C3%A2n-suresi/429/136-ayet-tefsiri', 'https://kuran.diyanet.gov.tr/tefsir/%C3%82l-i%20%C4%B0mr%C3%A2n-suresi/430/137-ayet-tefsiri', 'https://kuran.diyanet.gov.tr/tefsir/%C3%82l-i%20%C4%B0mr%C3%A2n-suresi/431/138-ayet-tefsiri', 'https://kuran.diyanet.gov.tr/tefsir/%C3%82l-i%20%C4%B0mr%C3%A2n-suresi/432/139-ayet-tefsiri', 'https://kuran.diyanet.gov.tr/tefsir/%C3%82l-i%20%C4%B0mr%C3%A2n-suresi/433/140-141-ayet-tefsiri', 'https://kuran.diyanet.gov.tr/tefsir/%C3%82l-i%20%C4%B0mr%C3%A2n-suresi/435/142-ayet-tefsiri', 'https://kuran.diyanet.gov.tr/tefsir/%C3%82l-i%20%C4%B0mr%C3%A2n-suresi/436/143-ayet-tefsiri', 'https://kuran.diyanet.gov.tr/tefsir/%C3%82l-i%20%C4%B0mr%C3%A2n-suresi/437/144-ayet-tefsiri', 'https://kuran.diyanet.gov.tr/tefsir/%C3%82l-i%20%C4%B0mr%C3%A2n-suresi/438/145-ayet-tefsiri', 'https://kuran.diyanet.gov.tr/tefsir/%C3%82l-i%20%C4%B0mr%C3%A2n-suresi/439/146-ayet-tefsiri', 'https://kuran.diyanet.gov.tr/tefsir/%C3%82l-i%20%C4%B0mr%C3%A2n-suresi/440/147-148-ayet-tefsiri', 'https://kuran.diyanet.gov.tr/tefsir/%C3%82l-i%20%C4%B0mr%C3%A2n-suresi/442/149-150-ayet-tefsiri', 'https://kuran.diyanet.gov.tr/tefsir/%C3%82l-i%20%C4%B0mr%C3%A2n-suresi/444/151-ayet-tefsiri', 'https://kuran.diyanet.gov.tr/tefsir/%C3%82l-i%20%C4%B0mr%C3%A2n-suresi/445/152-ayet-tefsiri', 'https://kuran.diyanet.gov.tr/tefsir/%C3%82l-i%20%C4%B0mr%C3%A2n-suresi/446/153-ayet-tefsiri', 'https://kuran.diyanet.gov.tr/tefsir/%C3%82l-i%20%C4%B0mr%C3%A2n-suresi/447/154-ayet-tefsiri', 'https://kuran.diyanet.gov.tr/tefsir/%C3%82l-i%20%C4%B0mr%C3%A2n-suresi/448/155-ayet-tefsiri', 'https://kuran.diyanet.gov.tr/tefsir/%C3%82l-i%20%C4%B0mr%C3%A2n-suresi/449/156-ayet-tefsiri', 'https://kuran.diyanet.gov.tr/tefsir/%C3%82l-i%20%C4%B0mr%C3%A2n-suresi/450/157-ayet-tefsiri', 'https://kuran.diyanet.gov.tr/tefsir/%C3%82l-i%20%C4%B0mr%C3%A2n-suresi/451/158-ayet-tefsiri', 'https://kuran.diyanet.gov.tr/tefsir/%C3%82l-i%20%C4%B0mr%C3%A2n-suresi/452/159-ayet-tefsiri', 'https://kuran.diyanet.gov.tr/tefsir/%C3%82l-i%20%C4%B0mr%C3%A2n-suresi/453/160-ayet-tefsiri', 'https://kuran.diyanet.gov.tr/tefsir/%C3%82l-i%20%C4%B0mr%C3%A2n-suresi/454/161-ayet-tefsiri', 'https://kuran.diyanet.gov.tr/tefsir/%C3%82l-i%20%C4%B0mr%C3%A2n-suresi/455/162-163-ayet-tefsiri', 'https://kuran.diyanet.gov.tr/tefsir/%C3%82l-i%20%C4%B0mr%C3%A2n-suresi/457/164-ayet-tefsiri', 'https://kuran.diyanet.gov.tr/tefsir/%C3%82l-i%20%C4%B0mr%C3%A2n-suresi/458/165-ayet-tefsiri', 'https://kuran.diyanet.gov.tr/tefsir/%C3%82l-i%20%C4%B0mr%C3%A2n-suresi/459/166-167-ayet-tefsiri', 'https://kuran.diyanet.gov.tr/tefsir/%C3%82l-i%20%C4%B0mr%C3%A2n-suresi/461/168-ayet-tefsiri', 'https://kuran.diyanet.gov.tr/tefsir/%C3%82l-i%20%C4%B0mr%C3%A2n-suresi/462/169-171-ayet-tefsiri', 'https://kuran.diyanet.gov.tr/tefsir/%C3%82l-i%20%C4%B0mr%C3%A2n-suresi/465/172-ayet-tefsiri', 'https://kuran.diyanet.gov.tr/tefsir/%C3%82l-i%20%C4%B0mr%C3%A2n-suresi/466/173-ayet-tefsiri', 'https://kuran.diyanet.gov.tr/tefsir/%C3%82l-i%20%C4%B0mr%C3%A2n-suresi/467/174-ayet-tefsiri', 'https://kuran.diyanet.gov.tr/tefsir/%C3%82l-i%20%C4%B0mr%C3%A2n-suresi/468/175-ayet-tefsiri', 'https://kuran.diyanet.gov.tr/tefsir/%C3%82l-i%20%C4%B0mr%C3%A2n-suresi/469/176-ayet-tefsiri', 'https://kuran.diyanet.gov.tr/tefsir/%C3%82l-i%20%C4%B0mr%C3%A2n-suresi/470/177-ayet-tefsiri', 'https://kuran.diyanet.gov.tr/tefsir/%C3%82l-i%20%C4%B0mr%C3%A2n-suresi/471/178-ayet-tefsiri', 'https://kuran.diyanet.gov.tr/tefsir/%C3%82l-i%20%C4%B0mr%C3%A2n-suresi/472/179-ayet-tefsiri', 'https://kuran.diyanet.gov.tr/tefsir/%C3%82l-i%20%C4%B0mr%C3%A2n-suresi/473/180-ayet-tefsiri', 'https://kuran.diyanet.gov.tr/tefsir/%C3%82l-i%20%C4%B0mr%C3%A2n-suresi/474/181-182-ayet-tefsiri', 'https://kuran.diyanet.gov.tr/tefsir/%C3%82l-i%20%C4%B0mr%C3%A2n-suresi/476/183-ayet-tefsiri', 'https://kuran.diyanet.gov.tr/tefsir/%C3%82l-i%20%C4%B0mr%C3%A2n-suresi/477/184-ayet-tefsiri', 'https://kuran.diyanet.gov.tr/tefsir/%C3%82l-i%20%C4%B0mr%C3%A2n-suresi/478/185-ayet-tefsiri', 'https://kuran.diyanet.gov.tr/tefsir/%C3%82l-i%20%C4%B0mr%C3%A2n-suresi/479/186-ayet-tefsiri', 'https://kuran.diyanet.gov.tr/tefsir/%C3%82l-i%20%C4%B0mr%C3%A2n-suresi/480/187-ayet-tefsiri', 'https://kuran.diyanet.gov.tr/tefsir/%C3%82l-i%20%C4%B0mr%C3%A2n-suresi/481/188-ayet-tefsiri', 'https://kuran.diyanet.gov.tr/tefsir/%C3%82l-i%20%C4%B0mr%C3%A2n-suresi/482/189-ayet-tefsiri', 'https://kuran.diyanet.gov.tr/tefsir/%C3%82l-i%20%C4%B0mr%C3%A2n-suresi/483/190-191-ayet-tefsiri', 'https://kuran.diyanet.gov.tr/tefsir/%C3%82l-i%20%C4%B0mr%C3%A2n-suresi/485/192-194-ayet-tefsiri', 'https://kuran.diyanet.gov.tr/tefsir/%C3%82l-i%20%C4%B0mr%C3%A2n-suresi/488/195-ayet-tefsiri', 'https://kuran.diyanet.gov.tr/tefsir/%C3%82l-i%20%C4%B0mr%C3%A2n-suresi/489/196-198-ayet-tefsiri', 'https://kuran.diyanet.gov.tr/tefsir/%C3%82l-i%20%C4%B0mr%C3%A2n-suresi/492/199-ayet-tefsiri', 'https://kuran.diyanet.gov.tr/tefsir/%C3%82l-i%20%C4%B0mr%C3%A2n-suresi/493/200-ayet-tefsiri']"
4,"Hakkında
                    Medine döneminde inmiştir. 176 âyettir. Sûre, özellikle kadın haklarından,onların hukûkî ve sosyal konumlarından bahsettiği için bu adı almıştır. “Nisâ” kadınlar demektir.","Nuzül
 Mushaftaki sıralamada dördüncü, iniş sırasına göre doksan ikinci sûredir. Mümtehine sûresinden sonra, Zilzâl’den önce inmiştir. Bakara, Enfâl, Âl-i İmrân, Ahzâb ve Mümtehine sûreleri Medine’de Nisâ’dan önce nâzil olmuştur. Sûrenin, hicretten sonra 5 veya 6. yılda Müreysî Gazvesi’nde dinî hükümler ve uygulamalar arasına girdiği bilinen teyemmüm âyetini ihtiva etmesi, ağırlıklı olarak bu yıllarda indiğini düşündürmektedir. Buhârî’de yer alan (“Ferâiz”, 14) Nisâ sûresinin 176. âyetinin Kur’an’ın son âyeti olduğu yönündeki rivayet dikkate alındığında, başka bazı sûreler gibi bunun da nüzûlünün geniş bir sürede tamamlandığı söylenebilir.Sûrenin hicret günlerinde veya Mekke’de nâzil olduğunu ifade eden rivayetler zayıf bulunmuştur. “Ey insanlar!” hitabıyla başlayan sûrelerin Mekke’de vahyedildiği yönündeki kabulden hareketle ileri sürülen son iddiaya şöyle karşı çıkılmıştır: Medine’de geldiği bilinen birçok âyette benzer hitaplar bulunmaktadır ve Medine’de “ey insanlar!” denildiğinde bununla yalnızca Medineliler kastedilmez; dolayısıyla bu hitap Mekke’de inişin işareti değildir (İbn Âşûr, IV, 212).","Konusu
 Kur’an-ı Kerîm’in özü ve özeti olan Fâtiha sûresinde müminler, “(Rabbimiz!) Ancak sana kulluk eder ve yalnız senden yardım dileriz. Bizi dosdoğru yola ilet” (1/5-6) diyorlardı. Bu sûrede, Fâtiha’da yer alan ilkelerin –daha ziyade kulluk ve doğru yolla ilgili– detayları üç ayrı alanda verilmektedir:a) Kadın-erkek ilişkisi ve aile hayatı. Bu alanla ilgili olarak bütün insanların aynı kökten geldiği, kadının da aynı nefisten yaratıldığı, insanların hemcinslerine iyi davranmaları, erkek ve kadın her insanın hayata başladıkları koruyucu ve besleyici yatak olan ana rahmini ve akrabalık ilişkisinin doğurduğu hakları unutmamaları gerektiği bildirilmiş; akraba, eş, analı-babalı, yetim, hür ve câriye olarak kadınların hakları, aile hayatının kuralları ve miras hükümleri açıklanmış, gerektiği yer ve durumda hükümler müeyyidelere bağlanmıştır.b) Kur’an-ı Kerîm’in inanan muhatapları, kadın-erkek ve aile ilişkilerinde Allah’a kulluk edecekleri gibi inanan ve inanmayan diğer insanlarla ilişkilerinde de Allah’a kul olma şuurunu koruyacak, O’nun tâlimatına uygun davranacaklardır. Bu alana ait olmak üzere sûrede canın, malın ve mülkiyetin korunması, bunlara karşı yapılan tecavüzlerin cezalandırılması; adalet, iyilik, yardımlaşma, emanete riayet edilmesi gibi konulara ve hükümlere yer verilmiş; müminlerle “münafıklar, yahudiler ve müşrikler” arasındaki ilişkilere ait kaide ve hükümler getirilmiş; hicretin hükmü açıklanmış ve câhiliye izlerinin silinmesi teşvik edilerek alkollü içki kullanımının yasaklanmasına ilk adımlar atılmıştır.c) Üçüncü olarak da çeşitli âyetlerde vakit namazı, korku namazı, namaz için gerekli bulunan temizlik (tahâret) gibi ibadetlere, ferdî ve sosyal ahlâk kurallarına yer verilmiş; böylece sosyal kurallar, düzenlemeler ve kurumlardan maksadın sağlıklı bir “Allah-kul ilişkisi” kurmaya, yalnızca Allah’a kul olmak isteyenlerin önündeki engelleri kaldırmaya yönelik olduğuna işaret buyurulmuştur.",Fazileti,"['https://kuran.diyanet.gov.tr/tefsir/Nis%C3%A2-suresi/494/1-ayet-tefsiri', 'https://kuran.diyanet.gov.tr/tefsir/Nis%C3%A2-suresi/495/2-ayet-tefsiri', 'https://kuran.diyanet.gov.tr/tefsir/Nis%C3%A2-suresi/496/3-ayet-tefsiri', 'https://kuran.diyanet.gov.tr/tefsir/Nis%C3%A2-suresi/497/4-ayet-tefsiri', 'https://kuran.diyanet.gov.tr/tefsir/Nis%C3%A2-suresi/498/5-ayet-tefsiri', 'https://kuran.diyanet.gov.tr/tefsir/Nis%C3%A2-suresi/499/6-ayet-tefsiri', 'https://kuran.diyanet.gov.tr/tefsir/Nis%C3%A2-suresi/500/7-ayet-tefsiri', 'https://kuran.diyanet.gov.tr/tefsir/Nis%C3%A2-suresi/501/8-ayet-tefsiri', 'https://kuran.diyanet.gov.tr/tefsir/Nis%C3%A2-suresi/502/9-ayet-tefsiri', 'https://kuran.diyanet.gov.tr/tefsir/Nis%C3%A2-suresi/503/10-ayet-tefsiri', 'https://kuran.diyanet.gov.tr/tefsir/Nis%C3%A2-suresi/504/11-12-ayet-tefsiri', 'https://kuran.diyanet.gov.tr/tefsir/Nis%C3%A2-suresi/506/13-ayet-tefsiri', 'https://kuran.diyanet.gov.tr/tefsir/Nis%C3%A2-suresi/507/14-ayet-tefsiri', 'https://kuran.diyanet.gov.tr/tefsir/Nis%C3%A2-suresi/508/15-16-ayet-tefsiri', 'https://kuran.diyanet.gov.tr/tefsir/Nis%C3%A2-suresi/510/17-18-ayet-tefsiri', 'https://kuran.diyanet.gov.tr/tefsir/Nis%C3%A2-suresi/512/19-ayet-tefsiri', 'https://kuran.diyanet.gov.tr/tefsir/Nis%C3%A2-suresi/513/20-21-ayet-tefsiri', 'https://kuran.diyanet.gov.tr/tefsir/Nis%C3%A2-suresi/515/22-23-ayet-tefsiri', 'https://kuran.diyanet.gov.tr/tefsir/Nis%C3%A2-suresi/517/24-ayet-tefsiri', 'https://kuran.diyanet.gov.tr/tefsir/Nis%C3%A2-suresi/518/25-ayet-tefsiri', 'https://kuran.diyanet.gov.tr/tefsir/Nis%C3%A2-suresi/519/26-ayet-tefsiri', 'https://kuran.diyanet.gov.tr/tefsir/Nis%C3%A2-suresi/520/27-ayet-tefsiri', 'https://kuran.diyanet.gov.tr/tefsir/Nis%C3%A2-suresi/521/28-ayet-tefsiri', 'https://kuran.diyanet.gov.tr/tefsir/Nis%C3%A2-suresi/522/29-ayet-tefsiri', 'https://kuran.diyanet.gov.tr/tefsir/Nis%C3%A2-suresi/523/30-ayet-tefsiri', 'https://kuran.diyanet.gov.tr/tefsir/Nis%C3%A2-suresi/524/31-ayet-tefsiri', 'https://kuran.diyanet.gov.tr/tefsir/Nis%C3%A2-suresi/525/32-ayet-tefsiri', 'https://kuran.diyanet.gov.tr/tefsir/Nis%C3%A2-suresi/526/33-ayet-tefsiri', 'https://kuran.diyanet.gov.tr/tefsir/Nis%C3%A2-suresi/527/34-ayet-tefsiri', 'https://kuran.diyanet.gov.tr/tefsir/Nis%C3%A2-suresi/528/35-ayet-tefsiri', 'https://kuran.diyanet.gov.tr/tefsir/Nis%C3%A2-suresi/529/36-39-ayet-tefsiri', 'https://kuran.diyanet.gov.tr/tefsir/Nis%C3%A2-suresi/533/40-ayet-tefsiri', 'https://kuran.diyanet.gov.tr/tefsir/Nis%C3%A2-suresi/534/41-ayet-tefsiri', 'https://kuran.diyanet.gov.tr/tefsir/Nis%C3%A2-suresi/535/42-ayet-tefsiri', 'https://kuran.diyanet.gov.tr/tefsir/Nis%C3%A2-suresi/536/43-ayet-tefsiri', 'https://kuran.diyanet.gov.tr/tefsir/Nis%C3%A2-suresi/537/44-45-ayet-tefsiri', 'https://kuran.diyanet.gov.tr/tefsir/Nis%C3%A2-suresi/539/46-ayet-tefsiri', 'https://kuran.diyanet.gov.tr/tefsir/Nis%C3%A2-suresi/540/47-ayet-tefsiri', 'https://kuran.diyanet.gov.tr/tefsir/Nis%C3%A2-suresi/541/48-ayet-tefsiri', 'https://kuran.diyanet.gov.tr/tefsir/Nis%C3%A2-suresi/542/49-ayet-tefsiri', 'https://kuran.diyanet.gov.tr/tefsir/Nis%C3%A2-suresi/543/50-ayet-tefsiri', 'https://kuran.diyanet.gov.tr/tefsir/Nis%C3%A2-suresi/544/51-ayet-tefsiri', 'https://kuran.diyanet.gov.tr/tefsir/Nis%C3%A2-suresi/545/52-ayet-tefsiri', 'https://kuran.diyanet.gov.tr/tefsir/Nis%C3%A2-suresi/546/53-ayet-tefsiri', 'https://kuran.diyanet.gov.tr/tefsir/Nis%C3%A2-suresi/547/54-ayet-tefsiri', 'https://kuran.diyanet.gov.tr/tefsir/Nis%C3%A2-suresi/548/55-ayet-tefsiri', 'https://kuran.diyanet.gov.tr/tefsir/Nis%C3%A2-suresi/549/56-ayet-tefsiri', 'https://kuran.diyanet.gov.tr/tefsir/Nis%C3%A2-suresi/550/57-ayet-tefsiri', 'https://kuran.diyanet.gov.tr/tefsir/Nis%C3%A2-suresi/551/58-ayet-tefsiri', 'https://kuran.diyanet.gov.tr/tefsir/Nis%C3%A2-suresi/552/59-ayet-tefsiri', 'https://kuran.diyanet.gov.tr/tefsir/Nis%C3%A2-suresi/553/60-61-ayet-tefsiri', 'https://kuran.diyanet.gov.tr/tefsir/Nis%C3%A2-suresi/555/62-63-ayet-tefsiri', 'https://kuran.diyanet.gov.tr/tefsir/Nis%C3%A2-suresi/557/64-ayet-tefsiri', 'https://kuran.diyanet.gov.tr/tefsir/Nis%C3%A2-suresi/558/65-ayet-tefsiri', 'https://kuran.diyanet.gov.tr/tefsir/Nis%C3%A2-suresi/559/66-ayet-tefsiri', 'https://kuran.diyanet.gov.tr/tefsir/Nis%C3%A2-suresi/560/67-ayet-tefsiri', 'https://kuran.diyanet.gov.tr/tefsir/Nis%C3%A2-suresi/561/68-ayet-tefsiri', 'https://kuran.diyanet.gov.tr/tefsir/Nis%C3%A2-suresi/562/69-70-ayet-tefsiri', 'https://kuran.diyanet.gov.tr/tefsir/Nis%C3%A2-suresi/564/71-ayet-tefsiri', 'https://kuran.diyanet.gov.tr/tefsir/Nis%C3%A2-suresi/565/72-73-ayet-tefsiri', 'https://kuran.diyanet.gov.tr/tefsir/Nis%C3%A2-suresi/567/74-ayet-tefsiri', 'https://kuran.diyanet.gov.tr/tefsir/Nis%C3%A2-suresi/568/75-76-ayet-tefsiri', 'https://kuran.diyanet.gov.tr/tefsir/Nis%C3%A2-suresi/570/77-ayet-tefsiri', 'https://kuran.diyanet.gov.tr/tefsir/Nis%C3%A2-suresi/571/78-79-ayet-tefsiri', 'https://kuran.diyanet.gov.tr/tefsir/Nis%C3%A2-suresi/573/80-ayet-tefsiri', 'https://kuran.diyanet.gov.tr/tefsir/Nis%C3%A2-suresi/574/81-ayet-tefsiri', 'https://kuran.diyanet.gov.tr/tefsir/Nis%C3%A2-suresi/575/82-ayet-tefsiri', 'https://kuran.diyanet.gov.tr/tefsir/Nis%C3%A2-suresi/576/83-ayet-tefsiri', 'https://kuran.diyanet.gov.tr/tefsir/Nis%C3%A2-suresi/577/84-ayet-tefsiri', 'https://kuran.diyanet.gov.tr/tefsir/Nis%C3%A2-suresi/578/85-ayet-tefsiri', 'https://kuran.diyanet.gov.tr/tefsir/Nis%C3%A2-suresi/579/86-ayet-tefsiri', 'https://kuran.diyanet.gov.tr/tefsir/Nis%C3%A2-suresi/580/87-ayet-tefsiri', 'https://kuran.diyanet.gov.tr/tefsir/Nis%C3%A2-suresi/581/88-89-ayet-tefsiri', 'https://kuran.diyanet.gov.tr/tefsir/Nis%C3%A2-suresi/583/90-ayet-tefsiri', 'https://kuran.diyanet.gov.tr/tefsir/Nis%C3%A2-suresi/584/91-ayet-tefsiri', 'https://kuran.diyanet.gov.tr/tefsir/Nis%C3%A2-suresi/585/92-ayet-tefsiri', 'https://kuran.diyanet.gov.tr/tefsir/Nis%C3%A2-suresi/586/93-ayet-tefsiri', 'https://kuran.diyanet.gov.tr/tefsir/Nis%C3%A2-suresi/587/94-ayet-tefsiri', 'https://kuran.diyanet.gov.tr/tefsir/Nis%C3%A2-suresi/588/95-ayet-tefsiri', 'https://kuran.diyanet.gov.tr/tefsir/Nis%C3%A2-suresi/589/96-ayet-tefsiri', 'https://kuran.diyanet.gov.tr/tefsir/Nis%C3%A2-suresi/590/97-ayet-tefsiri', 'https://kuran.diyanet.gov.tr/tefsir/Nis%C3%A2-suresi/591/98-99-ayet-tefsiri', 'https://kuran.diyanet.gov.tr/tefsir/Nis%C3%A2-suresi/593/100-ayet-tefsiri', 'https://kuran.diyanet.gov.tr/tefsir/Nis%C3%A2-suresi/594/101-ayet-tefsiri', 'https://kuran.diyanet.gov.tr/tefsir/Nis%C3%A2-suresi/595/102-ayet-tefsiri', 'https://kuran.diyanet.gov.tr/tefsir/Nis%C3%A2-suresi/596/103-ayet-tefsiri', 'https://kuran.diyanet.gov.tr/tefsir/Nis%C3%A2-suresi/597/104-ayet-tefsiri', 'https://kuran.diyanet.gov.tr/tefsir/Nis%C3%A2-suresi/598/105-ayet-tefsiri', 'https://kuran.diyanet.gov.tr/tefsir/Nis%C3%A2-suresi/599/106-ayet-tefsiri', 'https://kuran.diyanet.gov.tr/tefsir/Nis%C3%A2-suresi/600/107-ayet-tefsiri', 'https://kuran.diyanet.gov.tr/tefsir/Nis%C3%A2-suresi/601/108-ayet-tefsiri', 'https://kuran.diyanet.gov.tr/tefsir/Nis%C3%A2-suresi/602/109-ayet-tefsiri', 'https://kuran.diyanet.gov.tr/tefsir/Nis%C3%A2-suresi/603/110-ayet-tefsiri', 'https://kuran.diyanet.gov.tr/tefsir/Nis%C3%A2-suresi/604/111-ayet-tefsiri', 'https://kuran.diyanet.gov.tr/tefsir/Nis%C3%A2-suresi/605/112-ayet-tefsiri', 'https://kuran.diyanet.gov.tr/tefsir/Nis%C3%A2-suresi/606/113-ayet-tefsiri', 'https://kuran.diyanet.gov.tr/tefsir/Nis%C3%A2-suresi/607/114-ayet-tefsiri', 'https://kuran.diyanet.gov.tr/tefsir/Nis%C3%A2-suresi/608/115-ayet-tefsiri', 'https://kuran.diyanet.gov.tr/tefsir/Nis%C3%A2-suresi/609/116-ayet-tefsiri', 'https://kuran.diyanet.gov.tr/tefsir/Nis%C3%A2-suresi/610/117-ayet-tefsiri', 'https://kuran.diyanet.gov.tr/tefsir/Nis%C3%A2-suresi/611/118-121-ayet-tefsiri', 'https://kuran.diyanet.gov.tr/tefsir/Nis%C3%A2-suresi/615/122-ayet-tefsiri', 'https://kuran.diyanet.gov.tr/tefsir/Nis%C3%A2-suresi/616/123-124-ayet-tefsiri', 'https://kuran.diyanet.gov.tr/tefsir/Nis%C3%A2-suresi/618/125-ayet-tefsiri', 'https://kuran.diyanet.gov.tr/tefsir/Nis%C3%A2-suresi/619/126-ayet-tefsiri', 'https://kuran.diyanet.gov.tr/tefsir/Nis%C3%A2-suresi/620/127-ayet-tefsiri', 'https://kuran.diyanet.gov.tr/tefsir/Nis%C3%A2-suresi/621/128-ayet-tefsiri', 'https://kuran.diyanet.gov.tr/tefsir/Nis%C3%A2-suresi/622/129-ayet-tefsiri', 'https://kuran.diyanet.gov.tr/tefsir/Nis%C3%A2-suresi/623/130-ayet-tefsiri', 'https://kuran.diyanet.gov.tr/tefsir/Nis%C3%A2-suresi/624/131-133-ayet-tefsiri', 'https://kuran.diyanet.gov.tr/tefsir/Nis%C3%A2-suresi/627/134-ayet-tefsiri', 'https://kuran.diyanet.gov.tr/tefsir/Nis%C3%A2-suresi/628/135-ayet-tefsiri', 'https://kuran.diyanet.gov.tr/tefsir/Nis%C3%A2-suresi/629/136-ayet-tefsiri', 'https://kuran.diyanet.gov.tr/tefsir/Nis%C3%A2-suresi/630/137-ayet-tefsiri', 'https://kuran.diyanet.gov.tr/tefsir/Nis%C3%A2-suresi/631/138-139-ayet-tefsiri', 'https://kuran.diyanet.gov.tr/tefsir/Nis%C3%A2-suresi/633/140-ayet-tefsiri', 'https://kuran.diyanet.gov.tr/tefsir/Nis%C3%A2-suresi/634/141-ayet-tefsiri', 'https://kuran.diyanet.gov.tr/tefsir/Nis%C3%A2-suresi/635/142-143-ayet-tefsiri', 'https://kuran.diyanet.gov.tr/tefsir/Nis%C3%A2-suresi/637/144-ayet-tefsiri', 'https://kuran.diyanet.gov.tr/tefsir/Nis%C3%A2-suresi/638/145-ayet-tefsiri', 'https://kuran.diyanet.gov.tr/tefsir/Nis%C3%A2-suresi/639/146-ayet-tefsiri', 'https://kuran.diyanet.gov.tr/tefsir/Nis%C3%A2-suresi/640/147-ayet-tefsiri', 'https://kuran.diyanet.gov.tr/tefsir/Nis%C3%A2-suresi/641/148-ayet-tefsiri', 'https://kuran.diyanet.gov.tr/tefsir/Nis%C3%A2-suresi/642/149-ayet-tefsiri', 'https://kuran.diyanet.gov.tr/tefsir/Nis%C3%A2-suresi/643/150-152-ayet-tefsiri', 'https://kuran.diyanet.gov.tr/tefsir/Nis%C3%A2-suresi/646/153-154-ayet-tefsiri', 'https://kuran.diyanet.gov.tr/tefsir/Nis%C3%A2-suresi/648/155-161-ayet-tefsiri', 'https://kuran.diyanet.gov.tr/tefsir/Nis%C3%A2-suresi/655/162-ayet-tefsiri', 'https://kuran.diyanet.gov.tr/tefsir/Nis%C3%A2-suresi/656/163-165-ayet-tefsiri', 'https://kuran.diyanet.gov.tr/tefsir/Nis%C3%A2-suresi/659/166-ayet-tefsiri', 'https://kuran.diyanet.gov.tr/tefsir/Nis%C3%A2-suresi/660/167-169-ayet-tefsiri', 'https://kuran.diyanet.gov.tr/tefsir/Nis%C3%A2-suresi/663/170-ayet-tefsiri', 'https://kuran.diyanet.gov.tr/tefsir/Nis%C3%A2-suresi/664/171-ayet-tefsiri', 'https://kuran.diyanet.gov.tr/tefsir/Nis%C3%A2-suresi/665/172-173-ayet-tefsiri', 'https://kuran.diyanet.gov.tr/tefsir/Nis%C3%A2-suresi/667/174-175-ayet-tefsiri', 'https://kuran.diyanet.gov.tr/tefsir/Nis%C3%A2-suresi/669/176-ayet-tefsiri']"
5,"Hakkında
                    Medine döneminde inmiştir. 120 âyettir. Sûre, adını 112. ve 114. âyetlerde yer alan “mâide” (sofra) kelimesinden almıştır. Sûrede başlıca; verilen sözlerin yerine getirilmesi, İsrailoğullarının sözlerinde durmamaları, Hıristiyanların yanlış inançları, dünyaya düşkünlükleri ve yolsuzlukları, Müslümanlar için bazı talimat, uyarı ve dinî hükümler konu edilmektedir.","Nuzül
 Mushaftaki sıralamada 5., iniş sırasına göre 112. sûredir. Fetih sûresinden sonra, Tevbe’den önce Medine’de nâzil olmuştur. Medine döneminde bir defada indiğine ve son inen sûrelerden olduğuna dair rivayetler bulunmakla birlikte (Tirmizî, “Tefsîr”, 6/20; Müsned, II, 176; VI, 455; Hâkim, Müstedrek, II, 311), bu rivayetlerin gerek sûrenin ihtiva ettiği konulara gerekse sûre içindeki âyetlerin iniş sebebiyle ilgili bilgilere uygun düşmediğini savunan Ateş’e göre sûre, Medine döneminde uzun bir zaman dilimi içerisinde peyderpey inmiş, ancak Hz. Peygamber’in hayatının sonlarında tertip edilmiş olması sebebiyle tamamının bir defada indiği sanılarak bu rivayetler ortaya çıkmıştır (II, 448). Gösterilen gerekçeler incelendiğinde bu görüşün daha isabetli olduğu anlaşılmaktadır.","Konusu
 Muhteva bakımından Nisâ sûresinin devamı mahiyetindedir. Zira Nisâ sûresinin son bölümünde değinilen yahudi ve hıristiyanların bâtıl inançları, tutum ve davranışları bu sûrede de ağırlıklı olarak ele alınmış ve bunlarla ilgili önemli açıklamalar yapılmıştır. Bunun dışında akidlere bağlılık, yardımlaşmada ölçü, helâl ve haram olan yiyecekler, av ve avlanma hükümleri, hayvanlarla ilgili bazı Câhiliye âdetlerinin yersizliği, Ehl-i kitabın kestiklerini yemenin ve kadınlarıyla evlenmenin câiz olması; abdest, gusül, teyemmüm, temizlik ve hac farîzasıyla ilgili hükümler; hırsızlık, yol kesicilik ve ülkede fesat çıkarmanın cezası, cihadın lüzumu, insanların birbirlerine iyilikle muamele etmeleri, fiil ve niyette doğruluk ve adalet üzere bulunmaları, yemin kefâreti, vasiyet, dinden dönmenin kötülüğü, içtimaî ve ahlâkî münasebetler, içki ve kumar yasağı gibi dinî ve hukukî konular ele alınmaktadır. Bunlara ek olarak sûrede öğüt ve ibret alınacak kıssalar yer almıştır. Bunlar, Hz. Âdem’in iki oğlunun kıssası ile Hz. Mûsâ ve Hz. Îsâ’nın hayat hikâyelerinden kesitler şeklindedir. Ayrıca sûrede âhiret hallerinden de bahsedilmektedir.","Fazileti
 Abdullah b. Amr b. Âs’ın şöyle dediği rivayet edilir: “Hz. Peygamber bineği üzerinde iken ona Mâide sûresi indi. (O sıradaki ruh halinden dolayı) binek onu taşıyamadı, bunun üzerine Hz. Peygamber bineğinden indi” (Müsned, II, 176).Sûrenin bir defada indiği görüşünde olanları destekleyen bir başka rivayete göre Esmâ binti Yezîd şöyle demiştir: “Ben Hz. Peygamber’in devesi Adbâ’nın yularını tutuyordum, o anda Hz. Peygamber’e Mâide sûresinin tamamı nâzil oldu. Sûrenin ağırlığından neredeyse devenin bacakları kırılacaktı” (Müsned, VI, 455).","['https://kuran.diyanet.gov.tr/tefsir/M%C3%A2ide-suresi/670/1-ayet-tefsiri', 'https://kuran.diyanet.gov.tr/tefsir/M%C3%A2ide-suresi/671/2-ayet-tefsiri', 'https://kuran.diyanet.gov.tr/tefsir/M%C3%A2ide-suresi/672/3-ayet-tefsiri', 'https://kuran.diyanet.gov.tr/tefsir/M%C3%A2ide-suresi/673/4-ayet-tefsiri', 'https://kuran.diyanet.gov.tr/tefsir/M%C3%A2ide-suresi/674/5-ayet-tefsiri', 'https://kuran.diyanet.gov.tr/tefsir/M%C3%A2ide-suresi/675/6-ayet-tefsiri', 'https://kuran.diyanet.gov.tr/tefsir/M%C3%A2ide-suresi/676/7-ayet-tefsiri', 'https://kuran.diyanet.gov.tr/tefsir/M%C3%A2ide-suresi/677/8-ayet-tefsiri', 'https://kuran.diyanet.gov.tr/tefsir/M%C3%A2ide-suresi/678/9-ayet-tefsiri', 'https://kuran.diyanet.gov.tr/tefsir/M%C3%A2ide-suresi/679/10-ayet-tefsiri', 'https://kuran.diyanet.gov.tr/tefsir/M%C3%A2ide-suresi/680/11-ayet-tefsiri', 'https://kuran.diyanet.gov.tr/tefsir/M%C3%A2ide-suresi/681/12-14-ayet-tefsiri', 'https://kuran.diyanet.gov.tr/tefsir/M%C3%A2ide-suresi/684/15-16-ayet-tefsiri', 'https://kuran.diyanet.gov.tr/tefsir/M%C3%A2ide-suresi/686/17-ayet-tefsiri', 'https://kuran.diyanet.gov.tr/tefsir/M%C3%A2ide-suresi/687/18-ayet-tefsiri', 'https://kuran.diyanet.gov.tr/tefsir/M%C3%A2ide-suresi/688/19-ayet-tefsiri', 'https://kuran.diyanet.gov.tr/tefsir/M%C3%A2ide-suresi/689/20-ayet-tefsiri', 'https://kuran.diyanet.gov.tr/tefsir/M%C3%A2ide-suresi/690/21-26-ayet-tefsiri', 'https://kuran.diyanet.gov.tr/tefsir/M%C3%A2ide-suresi/696/27-ayet-tefsiri', 'https://kuran.diyanet.gov.tr/tefsir/M%C3%A2ide-suresi/697/28-ayet-tefsiri', 'https://kuran.diyanet.gov.tr/tefsir/M%C3%A2ide-suresi/698/29-30-ayet-tefsiri', 'https://kuran.diyanet.gov.tr/tefsir/M%C3%A2ide-suresi/700/31-ayet-tefsiri', 'https://kuran.diyanet.gov.tr/tefsir/M%C3%A2ide-suresi/701/32-ayet-tefsiri', 'https://kuran.diyanet.gov.tr/tefsir/M%C3%A2ide-suresi/702/33-34-ayet-tefsiri', 'https://kuran.diyanet.gov.tr/tefsir/M%C3%A2ide-suresi/704/35-37-ayet-tefsiri', 'https://kuran.diyanet.gov.tr/tefsir/M%C3%A2ide-suresi/707/38-ayet-tefsiri', 'https://kuran.diyanet.gov.tr/tefsir/M%C3%A2ide-suresi/708/39-ayet-tefsiri', 'https://kuran.diyanet.gov.tr/tefsir/M%C3%A2ide-suresi/709/40-ayet-tefsiri', 'https://kuran.diyanet.gov.tr/tefsir/M%C3%A2ide-suresi/710/41-ayet-tefsiri', 'https://kuran.diyanet.gov.tr/tefsir/M%C3%A2ide-suresi/711/42-ayet-tefsiri', 'https://kuran.diyanet.gov.tr/tefsir/M%C3%A2ide-suresi/712/43-ayet-tefsiri', 'https://kuran.diyanet.gov.tr/tefsir/M%C3%A2ide-suresi/713/44-ayet-tefsiri', 'https://kuran.diyanet.gov.tr/tefsir/M%C3%A2ide-suresi/714/45-ayet-tefsiri', 'https://kuran.diyanet.gov.tr/tefsir/M%C3%A2ide-suresi/715/46-ayet-tefsiri', 'https://kuran.diyanet.gov.tr/tefsir/M%C3%A2ide-suresi/716/47-ayet-tefsiri', 'https://kuran.diyanet.gov.tr/tefsir/M%C3%A2ide-suresi/717/48-ayet-tefsiri', 'https://kuran.diyanet.gov.tr/tefsir/M%C3%A2ide-suresi/718/49-ayet-tefsiri', 'https://kuran.diyanet.gov.tr/tefsir/M%C3%A2ide-suresi/719/50-ayet-tefsiri', 'https://kuran.diyanet.gov.tr/tefsir/M%C3%A2ide-suresi/720/51-ayet-tefsiri', 'https://kuran.diyanet.gov.tr/tefsir/M%C3%A2ide-suresi/721/52-ayet-tefsiri', 'https://kuran.diyanet.gov.tr/tefsir/M%C3%A2ide-suresi/722/53-ayet-tefsiri', 'https://kuran.diyanet.gov.tr/tefsir/M%C3%A2ide-suresi/723/54-ayet-tefsiri', 'https://kuran.diyanet.gov.tr/tefsir/M%C3%A2ide-suresi/724/55-ayet-tefsiri', 'https://kuran.diyanet.gov.tr/tefsir/M%C3%A2ide-suresi/725/56-ayet-tefsiri', 'https://kuran.diyanet.gov.tr/tefsir/M%C3%A2ide-suresi/726/57-ayet-tefsiri', 'https://kuran.diyanet.gov.tr/tefsir/M%C3%A2ide-suresi/727/58-ayet-tefsiri', 'https://kuran.diyanet.gov.tr/tefsir/M%C3%A2ide-suresi/728/59-ayet-tefsiri', 'https://kuran.diyanet.gov.tr/tefsir/M%C3%A2ide-suresi/729/60-ayet-tefsiri', 'https://kuran.diyanet.gov.tr/tefsir/M%C3%A2ide-suresi/730/61-ayet-tefsiri', 'https://kuran.diyanet.gov.tr/tefsir/M%C3%A2ide-suresi/731/62-ayet-tefsiri', 'https://kuran.diyanet.gov.tr/tefsir/M%C3%A2ide-suresi/732/63-ayet-tefsiri', 'https://kuran.diyanet.gov.tr/tefsir/M%C3%A2ide-suresi/733/64-ayet-tefsiri', 'https://kuran.diyanet.gov.tr/tefsir/M%C3%A2ide-suresi/734/65-66-ayet-tefsiri', 'https://kuran.diyanet.gov.tr/tefsir/M%C3%A2ide-suresi/736/67-ayet-tefsiri', 'https://kuran.diyanet.gov.tr/tefsir/M%C3%A2ide-suresi/737/68-ayet-tefsiri', 'https://kuran.diyanet.gov.tr/tefsir/M%C3%A2ide-suresi/738/69-ayet-tefsiri', 'https://kuran.diyanet.gov.tr/tefsir/M%C3%A2ide-suresi/739/70-ayet-tefsiri', 'https://kuran.diyanet.gov.tr/tefsir/M%C3%A2ide-suresi/740/71-ayet-tefsiri', 'https://kuran.diyanet.gov.tr/tefsir/M%C3%A2ide-suresi/741/72-77-ayet-tefsiri', 'https://kuran.diyanet.gov.tr/tefsir/M%C3%A2ide-suresi/747/78-ayet-tefsiri', 'https://kuran.diyanet.gov.tr/tefsir/M%C3%A2ide-suresi/748/79-80-ayet-tefsiri', 'https://kuran.diyanet.gov.tr/tefsir/M%C3%A2ide-suresi/750/81-ayet-tefsiri', 'https://kuran.diyanet.gov.tr/tefsir/M%C3%A2ide-suresi/751/82-86-ayet-tefsiri', 'https://kuran.diyanet.gov.tr/tefsir/M%C3%A2ide-suresi/756/87-88-ayet-tefsiri', 'https://kuran.diyanet.gov.tr/tefsir/M%C3%A2ide-suresi/758/89-ayet-tefsiri', 'https://kuran.diyanet.gov.tr/tefsir/M%C3%A2ide-suresi/759/90-91-ayet-tefsiri', 'https://kuran.diyanet.gov.tr/tefsir/M%C3%A2ide-suresi/761/92-ayet-tefsiri', 'https://kuran.diyanet.gov.tr/tefsir/M%C3%A2ide-suresi/762/93-ayet-tefsiri', 'https://kuran.diyanet.gov.tr/tefsir/M%C3%A2ide-suresi/763/94-ayet-tefsiri', 'https://kuran.diyanet.gov.tr/tefsir/M%C3%A2ide-suresi/764/95-98-ayet-tefsiri', 'https://kuran.diyanet.gov.tr/tefsir/M%C3%A2ide-suresi/768/99-ayet-tefsiri', 'https://kuran.diyanet.gov.tr/tefsir/M%C3%A2ide-suresi/769/100-ayet-tefsiri', 'https://kuran.diyanet.gov.tr/tefsir/M%C3%A2ide-suresi/770/101-102-ayet-tefsiri', 'https://kuran.diyanet.gov.tr/tefsir/M%C3%A2ide-suresi/772/103-104-ayet-tefsiri', 'https://kuran.diyanet.gov.tr/tefsir/M%C3%A2ide-suresi/774/105-ayet-tefsiri', 'https://kuran.diyanet.gov.tr/tefsir/M%C3%A2ide-suresi/775/106-108-ayet-tefsiri', 'https://kuran.diyanet.gov.tr/tefsir/M%C3%A2ide-suresi/778/109-ayet-tefsiri', 'https://kuran.diyanet.gov.tr/tefsir/M%C3%A2ide-suresi/779/110-111-ayet-tefsiri', 'https://kuran.diyanet.gov.tr/tefsir/M%C3%A2ide-suresi/781/112-115-ayet-tefsiri', 'https://kuran.diyanet.gov.tr/tefsir/M%C3%A2ide-suresi/785/116-120-ayet-tefsiri']"
6,"Hakkında
                    Mekke döneminde inmiştir. Kuvvetli görüşe göre, 91, 92, 93, 151, 152 ve 153. âyetler Medine’de inmiştir. 165 âyettir. Adını, 136, 138 ve 139. âyetlerde yer alan “el-En’âm” kelimesinden almıştır. En’âm, koyun, keçi, deve ve sığır cinsi ehli hayvanları ifade eden bir kelimedir. Sûrede başlıca tevhide, adalete, peygamberliğe, ahirete dair meseleler ile küfrün ve batıl inançların reddi ve bazı temel ahlâk kuralları konu edilmektedir.","Nuzül
 Mushaftaki sıralamada 6., iniş sırasına göre 55. sûredir. Hicr sûresinden sonra, Sâffât sûresinden önce Mekke’de nâzil olmuştur. Tamamına yakınının Mekke’de indiği hususunda ittifak vardır. Abdullah b. Ömer’e ulaşan bir rivayete göre Hz. Peygamber şöyle buyurmuştur: “En‘âm sûresi bana toplu olarak indi. 70.000 melek tesbih ve hamd sözleriyle bu sûrenin inişine eşlik etti” (Taberânî, el-Mu‘cemü’s-sağ^r, I, 145). Abdullah b. Abbas’tan aktarılan bir rivayette de Mekke’de “bir defada” indiği teyit edilmiştir (Taberânî, el-Mu‘cemü’l-kebîr, XX, 215). Ancak birkaç âyetinin Medine’de indiğine dair görüşler de vardır (bk. İbn Atıyye, II, 265; Elmalılı, III, 1861).","Konusu
 Ağırlıklı olarak Allah’ın birliği (tevhid), ilim, irade, kudret, adalet gibi sıfatları; peygamberlik, vahiy, yeniden dirilme, müşrik ve inkârcı zümrelerin bâtıl inançlarının reddi, doğru inanca ulaşmanın yolları vb. itikadî konulardır. Sûrede ayrıca Hz. Peygamber’in şahsına ve risâletine yapılan itirazlar cevaplandırılmış, uğradıkları sıkıntılar yüzünden kaygıya ve üzüntüye kapılan Hz. Peygamber ile arkadaşlarına teselli ve ümit verilmiştir. Hz. İbrâhim’in, aklıyla ve gözlemleriyle Allah’ın varlığı ve birliği hakkında kesin bilgi ve inanca ulaşmasını anlatan âyetler İslâm âlimlerinin özellikle ilgisini çekmiştir. Ayrıca 151-153. âyetleri İslâm ahlâkının başta gelen kurallarını ihtiva etmektedir.","Fazileti
 Faziletine ilişkin bazı rivayetler nakledilmiştir. Bu sûrenin inişine 70.000 meleğin eşlik ettiğini bildiren yukarıdaki hadis bunlardan biridir. Başka bir rivayette Hz. Ömer’in, “En‘âm sûresi Kur’an’ın seçkin sûrelerinden biridir” dediği (Dârimî, “Fezâilü’l-Kur’ân”, 17) ve faziletini vurguladığı; Hz. Ali’nin de okuyan kimsenin Allah’ın rızâsını kazanacağını ifade ettiği yolunda rivayetler vardır (bk. İbn Atıyye, II, 265).","[""https://kuran.diyanet.gov.tr/tefsir/En'%C3%A2m-suresi/790/1-ayet-tefsiri"", ""https://kuran.diyanet.gov.tr/tefsir/En'%C3%A2m-suresi/791/2-ayet-tefsiri"", ""https://kuran.diyanet.gov.tr/tefsir/En'%C3%A2m-suresi/792/3-ayet-tefsiri"", ""https://kuran.diyanet.gov.tr/tefsir/En'%C3%A2m-suresi/793/4-5-ayet-tefsiri"", ""https://kuran.diyanet.gov.tr/tefsir/En'%C3%A2m-suresi/795/6-ayet-tefsiri"", ""https://kuran.diyanet.gov.tr/tefsir/En'%C3%A2m-suresi/796/7-ayet-tefsiri"", ""https://kuran.diyanet.gov.tr/tefsir/En'%C3%A2m-suresi/797/8-ayet-tefsiri"", ""https://kuran.diyanet.gov.tr/tefsir/En'%C3%A2m-suresi/798/9-ayet-tefsiri"", ""https://kuran.diyanet.gov.tr/tefsir/En'%C3%A2m-suresi/799/10-11-ayet-tefsiri"", ""https://kuran.diyanet.gov.tr/tefsir/En'%C3%A2m-suresi/801/12-ayet-tefsiri"", ""https://kuran.diyanet.gov.tr/tefsir/En'%C3%A2m-suresi/802/13-ayet-tefsiri"", ""https://kuran.diyanet.gov.tr/tefsir/En'%C3%A2m-suresi/803/14-ayet-tefsiri"", ""https://kuran.diyanet.gov.tr/tefsir/En'%C3%A2m-suresi/804/15-ayet-tefsiri"", ""https://kuran.diyanet.gov.tr/tefsir/En'%C3%A2m-suresi/805/16-ayet-tefsiri"", ""https://kuran.diyanet.gov.tr/tefsir/En'%C3%A2m-suresi/806/17-18-ayet-tefsiri"", ""https://kuran.diyanet.gov.tr/tefsir/En'%C3%A2m-suresi/808/19-ayet-tefsiri"", ""https://kuran.diyanet.gov.tr/tefsir/En'%C3%A2m-suresi/809/20-ayet-tefsiri"", ""https://kuran.diyanet.gov.tr/tefsir/En'%C3%A2m-suresi/810/21-ayet-tefsiri"", ""https://kuran.diyanet.gov.tr/tefsir/En'%C3%A2m-suresi/811/22-24-ayet-tefsiri"", ""https://kuran.diyanet.gov.tr/tefsir/En'%C3%A2m-suresi/814/25-26-ayet-tefsiri"", ""https://kuran.diyanet.gov.tr/tefsir/En'%C3%A2m-suresi/816/27-ayet-tefsiri"", ""https://kuran.diyanet.gov.tr/tefsir/En'%C3%A2m-suresi/817/28-ayet-tefsiri"", ""https://kuran.diyanet.gov.tr/tefsir/En'%C3%A2m-suresi/818/29-ayet-tefsiri"", ""https://kuran.diyanet.gov.tr/tefsir/En'%C3%A2m-suresi/819/30-31-ayet-tefsiri"", ""https://kuran.diyanet.gov.tr/tefsir/En'%C3%A2m-suresi/821/32-ayet-tefsiri"", ""https://kuran.diyanet.gov.tr/tefsir/En'%C3%A2m-suresi/822/33-ayet-tefsiri"", ""https://kuran.diyanet.gov.tr/tefsir/En'%C3%A2m-suresi/823/34-ayet-tefsiri"", ""https://kuran.diyanet.gov.tr/tefsir/En'%C3%A2m-suresi/824/35-36-ayet-tefsiri"", ""https://kuran.diyanet.gov.tr/tefsir/En'%C3%A2m-suresi/826/37-ayet-tefsiri"", ""https://kuran.diyanet.gov.tr/tefsir/En'%C3%A2m-suresi/827/38-ayet-tefsiri"", ""https://kuran.diyanet.gov.tr/tefsir/En'%C3%A2m-suresi/828/39-ayet-tefsiri"", ""https://kuran.diyanet.gov.tr/tefsir/En'%C3%A2m-suresi/829/40-41-ayet-tefsiri"", ""https://kuran.diyanet.gov.tr/tefsir/En'%C3%A2m-suresi/831/42-ayet-tefsiri"", ""https://kuran.diyanet.gov.tr/tefsir/En'%C3%A2m-suresi/832/43-ayet-tefsiri"", ""https://kuran.diyanet.gov.tr/tefsir/En'%C3%A2m-suresi/833/44-45-ayet-tefsiri"", ""https://kuran.diyanet.gov.tr/tefsir/En'%C3%A2m-suresi/835/46-47-ayet-tefsiri"", ""https://kuran.diyanet.gov.tr/tefsir/En'%C3%A2m-suresi/837/48-ayet-tefsiri"", ""https://kuran.diyanet.gov.tr/tefsir/En'%C3%A2m-suresi/838/49-ayet-tefsiri"", ""https://kuran.diyanet.gov.tr/tefsir/En'%C3%A2m-suresi/839/50-ayet-tefsiri"", ""https://kuran.diyanet.gov.tr/tefsir/En'%C3%A2m-suresi/840/51-ayet-tefsiri"", ""https://kuran.diyanet.gov.tr/tefsir/En'%C3%A2m-suresi/841/52-ayet-tefsiri"", ""https://kuran.diyanet.gov.tr/tefsir/En'%C3%A2m-suresi/842/53-ayet-tefsiri"", ""https://kuran.diyanet.gov.tr/tefsir/En'%C3%A2m-suresi/843/54-ayet-tefsiri"", ""https://kuran.diyanet.gov.tr/tefsir/En'%C3%A2m-suresi/844/55-ayet-tefsiri"", ""https://kuran.diyanet.gov.tr/tefsir/En'%C3%A2m-suresi/845/56-ayet-tefsiri"", ""https://kuran.diyanet.gov.tr/tefsir/En'%C3%A2m-suresi/846/57-59-ayet-tefsiri"", ""https://kuran.diyanet.gov.tr/tefsir/En'%C3%A2m-suresi/849/60-ayet-tefsiri"", ""https://kuran.diyanet.gov.tr/tefsir/En'%C3%A2m-suresi/850/61-ayet-tefsiri"", ""https://kuran.diyanet.gov.tr/tefsir/En'%C3%A2m-suresi/851/62-ayet-tefsiri"", ""https://kuran.diyanet.gov.tr/tefsir/En'%C3%A2m-suresi/852/63-64-ayet-tefsiri"", ""https://kuran.diyanet.gov.tr/tefsir/En'%C3%A2m-suresi/854/65-ayet-tefsiri"", ""https://kuran.diyanet.gov.tr/tefsir/En'%C3%A2m-suresi/855/66-ayet-tefsiri"", ""https://kuran.diyanet.gov.tr/tefsir/En'%C3%A2m-suresi/856/67-ayet-tefsiri"", ""https://kuran.diyanet.gov.tr/tefsir/En'%C3%A2m-suresi/857/68-ayet-tefsiri"", ""https://kuran.diyanet.gov.tr/tefsir/En'%C3%A2m-suresi/858/69-ayet-tefsiri"", ""https://kuran.diyanet.gov.tr/tefsir/En'%C3%A2m-suresi/859/70-ayet-tefsiri"", ""https://kuran.diyanet.gov.tr/tefsir/En'%C3%A2m-suresi/860/71-ayet-tefsiri"", ""https://kuran.diyanet.gov.tr/tefsir/En'%C3%A2m-suresi/861/72-ayet-tefsiri"", ""https://kuran.diyanet.gov.tr/tefsir/En'%C3%A2m-suresi/862/73-ayet-tefsiri"", ""https://kuran.diyanet.gov.tr/tefsir/En'%C3%A2m-suresi/863/74-ayet-tefsiri"", ""https://kuran.diyanet.gov.tr/tefsir/En'%C3%A2m-suresi/864/75-ayet-tefsiri"", ""https://kuran.diyanet.gov.tr/tefsir/En'%C3%A2m-suresi/865/76-79-ayet-tefsiri"", ""https://kuran.diyanet.gov.tr/tefsir/En'%C3%A2m-suresi/869/80-ayet-tefsiri"", ""https://kuran.diyanet.gov.tr/tefsir/En'%C3%A2m-suresi/870/81-ayet-tefsiri"", ""https://kuran.diyanet.gov.tr/tefsir/En'%C3%A2m-suresi/871/82-ayet-tefsiri"", ""https://kuran.diyanet.gov.tr/tefsir/En'%C3%A2m-suresi/872/83-ayet-tefsiri"", ""https://kuran.diyanet.gov.tr/tefsir/En'%C3%A2m-suresi/873/84-86-ayet-tefsiri"", ""https://kuran.diyanet.gov.tr/tefsir/En'%C3%A2m-suresi/876/87-88-ayet-tefsiri"", ""https://kuran.diyanet.gov.tr/tefsir/En'%C3%A2m-suresi/878/89-ayet-tefsiri"", ""https://kuran.diyanet.gov.tr/tefsir/En'%C3%A2m-suresi/879/90-ayet-tefsiri"", ""https://kuran.diyanet.gov.tr/tefsir/En'%C3%A2m-suresi/880/91-ayet-tefsiri"", ""https://kuran.diyanet.gov.tr/tefsir/En'%C3%A2m-suresi/881/92-ayet-tefsiri"", ""https://kuran.diyanet.gov.tr/tefsir/En'%C3%A2m-suresi/882/93-ayet-tefsiri"", ""https://kuran.diyanet.gov.tr/tefsir/En'%C3%A2m-suresi/883/94-ayet-tefsiri"", ""https://kuran.diyanet.gov.tr/tefsir/En'%C3%A2m-suresi/884/95-ayet-tefsiri"", ""https://kuran.diyanet.gov.tr/tefsir/En'%C3%A2m-suresi/885/96-ayet-tefsiri"", ""https://kuran.diyanet.gov.tr/tefsir/En'%C3%A2m-suresi/886/97-ayet-tefsiri"", ""https://kuran.diyanet.gov.tr/tefsir/En'%C3%A2m-suresi/887/98-ayet-tefsiri"", ""https://kuran.diyanet.gov.tr/tefsir/En'%C3%A2m-suresi/888/99-ayet-tefsiri"", ""https://kuran.diyanet.gov.tr/tefsir/En'%C3%A2m-suresi/889/100-ayet-tefsiri"", ""https://kuran.diyanet.gov.tr/tefsir/En'%C3%A2m-suresi/890/101-ayet-tefsiri"", ""https://kuran.diyanet.gov.tr/tefsir/En'%C3%A2m-suresi/891/102-ayet-tefsiri"", ""https://kuran.diyanet.gov.tr/tefsir/En'%C3%A2m-suresi/892/103-ayet-tefsiri"", ""https://kuran.diyanet.gov.tr/tefsir/En'%C3%A2m-suresi/893/104-ayet-tefsiri"", ""https://kuran.diyanet.gov.tr/tefsir/En'%C3%A2m-suresi/894/105-ayet-tefsiri"", ""https://kuran.diyanet.gov.tr/tefsir/En'%C3%A2m-suresi/895/106-107-ayet-tefsiri"", ""https://kuran.diyanet.gov.tr/tefsir/En'%C3%A2m-suresi/897/108-ayet-tefsiri"", ""https://kuran.diyanet.gov.tr/tefsir/En'%C3%A2m-suresi/898/109-ayet-tefsiri"", ""https://kuran.diyanet.gov.tr/tefsir/En'%C3%A2m-suresi/899/110-ayet-tefsiri"", ""https://kuran.diyanet.gov.tr/tefsir/En'%C3%A2m-suresi/900/111-ayet-tefsiri"", ""https://kuran.diyanet.gov.tr/tefsir/En'%C3%A2m-suresi/901/112-113-ayet-tefsiri"", ""https://kuran.diyanet.gov.tr/tefsir/En'%C3%A2m-suresi/903/114-ayet-tefsiri"", ""https://kuran.diyanet.gov.tr/tefsir/En'%C3%A2m-suresi/904/115-ayet-tefsiri"", ""https://kuran.diyanet.gov.tr/tefsir/En'%C3%A2m-suresi/905/116-ayet-tefsiri"", ""https://kuran.diyanet.gov.tr/tefsir/En'%C3%A2m-suresi/906/117-ayet-tefsiri"", ""https://kuran.diyanet.gov.tr/tefsir/En'%C3%A2m-suresi/907/118-ayet-tefsiri"", ""https://kuran.diyanet.gov.tr/tefsir/En'%C3%A2m-suresi/908/119-ayet-tefsiri"", ""https://kuran.diyanet.gov.tr/tefsir/En'%C3%A2m-suresi/909/120-ayet-tefsiri"", ""https://kuran.diyanet.gov.tr/tefsir/En'%C3%A2m-suresi/910/121-ayet-tefsiri"", ""https://kuran.diyanet.gov.tr/tefsir/En'%C3%A2m-suresi/911/122-ayet-tefsiri"", ""https://kuran.diyanet.gov.tr/tefsir/En'%C3%A2m-suresi/912/123-ayet-tefsiri"", ""https://kuran.diyanet.gov.tr/tefsir/En'%C3%A2m-suresi/913/124-ayet-tefsiri"", ""https://kuran.diyanet.gov.tr/tefsir/En'%C3%A2m-suresi/914/125-ayet-tefsiri"", ""https://kuran.diyanet.gov.tr/tefsir/En'%C3%A2m-suresi/915/126-127-ayet-tefsiri"", ""https://kuran.diyanet.gov.tr/tefsir/En'%C3%A2m-suresi/917/128-ayet-tefsiri"", ""https://kuran.diyanet.gov.tr/tefsir/En'%C3%A2m-suresi/918/129-ayet-tefsiri"", ""https://kuran.diyanet.gov.tr/tefsir/En'%C3%A2m-suresi/919/130-ayet-tefsiri"", ""https://kuran.diyanet.gov.tr/tefsir/En'%C3%A2m-suresi/920/131-132-ayet-tefsiri"", ""https://kuran.diyanet.gov.tr/tefsir/En'%C3%A2m-suresi/922/133-134-ayet-tefsiri"", ""https://kuran.diyanet.gov.tr/tefsir/En'%C3%A2m-suresi/924/135-ayet-tefsiri"", ""https://kuran.diyanet.gov.tr/tefsir/En'%C3%A2m-suresi/925/136-ayet-tefsiri"", ""https://kuran.diyanet.gov.tr/tefsir/En'%C3%A2m-suresi/926/137-ayet-tefsiri"", ""https://kuran.diyanet.gov.tr/tefsir/En'%C3%A2m-suresi/927/138-ayet-tefsiri"", ""https://kuran.diyanet.gov.tr/tefsir/En'%C3%A2m-suresi/928/139-ayet-tefsiri"", ""https://kuran.diyanet.gov.tr/tefsir/En'%C3%A2m-suresi/929/140-ayet-tefsiri"", ""https://kuran.diyanet.gov.tr/tefsir/En'%C3%A2m-suresi/930/141-142-ayet-tefsiri"", ""https://kuran.diyanet.gov.tr/tefsir/En'%C3%A2m-suresi/932/143-144-ayet-tefsiri"", ""https://kuran.diyanet.gov.tr/tefsir/En'%C3%A2m-suresi/934/145-ayet-tefsiri"", ""https://kuran.diyanet.gov.tr/tefsir/En'%C3%A2m-suresi/935/146-ayet-tefsiri"", ""https://kuran.diyanet.gov.tr/tefsir/En'%C3%A2m-suresi/936/147-ayet-tefsiri"", ""https://kuran.diyanet.gov.tr/tefsir/En'%C3%A2m-suresi/937/148-ayet-tefsiri"", ""https://kuran.diyanet.gov.tr/tefsir/En'%C3%A2m-suresi/938/149-ayet-tefsiri"", ""https://kuran.diyanet.gov.tr/tefsir/En'%C3%A2m-suresi/939/150-ayet-tefsiri"", ""https://kuran.diyanet.gov.tr/tefsir/En'%C3%A2m-suresi/940/151-153-ayet-tefsiri"", ""https://kuran.diyanet.gov.tr/tefsir/En'%C3%A2m-suresi/943/154-155-ayet-tefsiri"", ""https://kuran.diyanet.gov.tr/tefsir/En'%C3%A2m-suresi/945/156-157-ayet-tefsiri"", ""https://kuran.diyanet.gov.tr/tefsir/En'%C3%A2m-suresi/947/158-ayet-tefsiri"", ""https://kuran.diyanet.gov.tr/tefsir/En'%C3%A2m-suresi/948/159-ayet-tefsiri"", ""https://kuran.diyanet.gov.tr/tefsir/En'%C3%A2m-suresi/949/160-ayet-tefsiri"", ""https://kuran.diyanet.gov.tr/tefsir/En'%C3%A2m-suresi/950/161-165-ayet-tefsiri""]"
7,"Hakkında
                    Mekke döneminde inmiştir. 163-170. âyetlerin Medine döneminde indiğini söyleyen âlimler de vardır. 206 âyettir. Sûre, adını 46. ve 48. âyetlerde geçen“el-A’râf ” kelimesinden almıştır. “el-A’râf ”, yüksek yerler, yüksek mevkiler demektir. Sûrede temel konu olarak, ilâhî vahyin doğruluğu ve vahye duyulan ihtiyaç işlenmektedir.","Nuzül
 Mushaftaki sıralamada 7., iniş sırasına göre 39. sûredir. Sâd sûresinden sonra, Cin sûresinden önce Mekke’de nâzil olmuştur. 163-170. âyetlerinin Medine’de indiği de rivayet edilir. Âyet sayısı itibariyle Mekke’de inen sûrelerin en uzunudur, Kur’an’da da en uzun sûrelerin üçüncüsüdür. Bu sebeple “es-seb‘u’t-tıvâl” (yedi uzun sûre) arasında gösterilir. Ayrıca En‘âm sûresiyle birlikte “iki uzun sûre” diye de anılır (İbn Âşûr, VIII/2, s. 5-6).","Konusu
 Üslûp ve muhteva bakımından bir önceki sûrenin (En‘âm) devamı gibi görünen A‘râf sûresinde de iman meseleleri, bilhassa âhiretle ilgili hususlarla vahyin önemi, ataları körü körüne taklit etmenin yanlışlığı ve zararları, müminlerle inkârcıların âhiretteki durumlarının mukayesesi, Allah’ın mutlak hükümranlığı, rahmetinin genişliği gibi itikadî konular işlenir. Bunun yanında geçmiş peygamberlerin hayatlarından misaller verilerek onların iman uğrundaki mücadeleleri gözler önüne serilir; sırası geldikçe müşrikler uyarılır; müminlere de sabır ve sebat tavsiye edilir.","Fazileti
 Nesâî’nin naklettiği bir hadise göre Resûlullah, akşam namazının ilk rek‘atında Fâtiha’dan sonra bu sûrenin bir bölümünü, ikinci rek‘atında da kalan bölümünü okurdu (“İftitâh”, 67).","[""https://kuran.diyanet.gov.tr/tefsir/A'r%C3%A2f-suresi/955/1-ayet-tefsiri"", ""https://kuran.diyanet.gov.tr/tefsir/A'r%C3%A2f-suresi/956/2-ayet-tefsiri"", ""https://kuran.diyanet.gov.tr/tefsir/A'r%C3%A2f-suresi/957/3-ayet-tefsiri"", ""https://kuran.diyanet.gov.tr/tefsir/A'r%C3%A2f-suresi/958/4-ayet-tefsiri"", ""https://kuran.diyanet.gov.tr/tefsir/A'r%C3%A2f-suresi/959/5-ayet-tefsiri"", ""https://kuran.diyanet.gov.tr/tefsir/A'r%C3%A2f-suresi/960/6-ayet-tefsiri"", ""https://kuran.diyanet.gov.tr/tefsir/A'r%C3%A2f-suresi/961/7-ayet-tefsiri"", ""https://kuran.diyanet.gov.tr/tefsir/A'r%C3%A2f-suresi/962/8-9-ayet-tefsiri"", ""https://kuran.diyanet.gov.tr/tefsir/A'r%C3%A2f-suresi/964/10-ayet-tefsiri"", ""https://kuran.diyanet.gov.tr/tefsir/A'r%C3%A2f-suresi/965/11-ayet-tefsiri"", ""https://kuran.diyanet.gov.tr/tefsir/A'r%C3%A2f-suresi/966/12-13-ayet-tefsiri"", ""https://kuran.diyanet.gov.tr/tefsir/A'r%C3%A2f-suresi/968/14-15-ayet-tefsiri"", ""https://kuran.diyanet.gov.tr/tefsir/A'r%C3%A2f-suresi/970/16-18-ayet-tefsiri"", ""https://kuran.diyanet.gov.tr/tefsir/A'r%C3%A2f-suresi/973/19-ayet-tefsiri"", ""https://kuran.diyanet.gov.tr/tefsir/A'r%C3%A2f-suresi/974/20-21-ayet-tefsiri"", ""https://kuran.diyanet.gov.tr/tefsir/A'r%C3%A2f-suresi/976/22-23-ayet-tefsiri"", ""https://kuran.diyanet.gov.tr/tefsir/A'r%C3%A2f-suresi/978/24-25-ayet-tefsiri"", ""https://kuran.diyanet.gov.tr/tefsir/A'r%C3%A2f-suresi/980/26-ayet-tefsiri"", ""https://kuran.diyanet.gov.tr/tefsir/A'r%C3%A2f-suresi/981/27-ayet-tefsiri"", ""https://kuran.diyanet.gov.tr/tefsir/A'r%C3%A2f-suresi/982/28-ayet-tefsiri"", ""https://kuran.diyanet.gov.tr/tefsir/A'r%C3%A2f-suresi/983/29-ayet-tefsiri"", ""https://kuran.diyanet.gov.tr/tefsir/A'r%C3%A2f-suresi/984/30-ayet-tefsiri"", ""https://kuran.diyanet.gov.tr/tefsir/A'r%C3%A2f-suresi/985/31-ayet-tefsiri"", ""https://kuran.diyanet.gov.tr/tefsir/A'r%C3%A2f-suresi/986/32-ayet-tefsiri"", ""https://kuran.diyanet.gov.tr/tefsir/A'r%C3%A2f-suresi/987/33-ayet-tefsiri"", ""https://kuran.diyanet.gov.tr/tefsir/A'r%C3%A2f-suresi/988/34-ayet-tefsiri"", ""https://kuran.diyanet.gov.tr/tefsir/A'r%C3%A2f-suresi/989/35-36-ayet-tefsiri"", ""https://kuran.diyanet.gov.tr/tefsir/A'r%C3%A2f-suresi/991/37-ayet-tefsiri"", ""https://kuran.diyanet.gov.tr/tefsir/A'r%C3%A2f-suresi/992/38-39-ayet-tefsiri"", ""https://kuran.diyanet.gov.tr/tefsir/A'r%C3%A2f-suresi/994/40-ayet-tefsiri"", ""https://kuran.diyanet.gov.tr/tefsir/A'r%C3%A2f-suresi/995/41-42-ayet-tefsiri"", ""https://kuran.diyanet.gov.tr/tefsir/A'r%C3%A2f-suresi/997/43-ayet-tefsiri"", ""https://kuran.diyanet.gov.tr/tefsir/A'r%C3%A2f-suresi/998/44-45-ayet-tefsiri"", ""https://kuran.diyanet.gov.tr/tefsir/A'r%C3%A2f-suresi/1000/46-47-ayet-tefsiri"", ""https://kuran.diyanet.gov.tr/tefsir/A'r%C3%A2f-suresi/1002/48-49-ayet-tefsiri"", ""https://kuran.diyanet.gov.tr/tefsir/A'r%C3%A2f-suresi/1004/50-51-ayet-tefsiri"", ""https://kuran.diyanet.gov.tr/tefsir/A'r%C3%A2f-suresi/1006/52-ayet-tefsiri"", ""https://kuran.diyanet.gov.tr/tefsir/A'r%C3%A2f-suresi/1007/53-ayet-tefsiri"", ""https://kuran.diyanet.gov.tr/tefsir/A'r%C3%A2f-suresi/1008/54-ayet-tefsiri"", ""https://kuran.diyanet.gov.tr/tefsir/A'r%C3%A2f-suresi/1009/55-56-ayet-tefsiri"", ""https://kuran.diyanet.gov.tr/tefsir/A'r%C3%A2f-suresi/1011/57-ayet-tefsiri"", ""https://kuran.diyanet.gov.tr/tefsir/A'r%C3%A2f-suresi/1012/58-ayet-tefsiri"", ""https://kuran.diyanet.gov.tr/tefsir/A'r%C3%A2f-suresi/1013/59-ayet-tefsiri"", ""https://kuran.diyanet.gov.tr/tefsir/A'r%C3%A2f-suresi/1014/60-ayet-tefsiri"", ""https://kuran.diyanet.gov.tr/tefsir/A'r%C3%A2f-suresi/1015/61-63-ayet-tefsiri"", ""https://kuran.diyanet.gov.tr/tefsir/A'r%C3%A2f-suresi/1018/64-ayet-tefsiri"", ""https://kuran.diyanet.gov.tr/tefsir/A'r%C3%A2f-suresi/1019/65-69-ayet-tefsiri"", ""https://kuran.diyanet.gov.tr/tefsir/A'r%C3%A2f-suresi/1024/70-72-ayet-tefsiri"", ""https://kuran.diyanet.gov.tr/tefsir/A'r%C3%A2f-suresi/1027/73-74-ayet-tefsiri"", ""https://kuran.diyanet.gov.tr/tefsir/A'r%C3%A2f-suresi/1029/75-79-ayet-tefsiri"", ""https://kuran.diyanet.gov.tr/tefsir/A'r%C3%A2f-suresi/1034/80-81-ayet-tefsiri"", ""https://kuran.diyanet.gov.tr/tefsir/A'r%C3%A2f-suresi/1036/82-ayet-tefsiri"", ""https://kuran.diyanet.gov.tr/tefsir/A'r%C3%A2f-suresi/1037/83-84-ayet-tefsiri"", ""https://kuran.diyanet.gov.tr/tefsir/A'r%C3%A2f-suresi/1039/85-87-ayet-tefsiri"", ""https://kuran.diyanet.gov.tr/tefsir/A'r%C3%A2f-suresi/1042/88-89-ayet-tefsiri"", ""https://kuran.diyanet.gov.tr/tefsir/A'r%C3%A2f-suresi/1044/90-93-ayet-tefsiri"", ""https://kuran.diyanet.gov.tr/tefsir/A'r%C3%A2f-suresi/1048/94-95-ayet-tefsiri"", ""https://kuran.diyanet.gov.tr/tefsir/A'r%C3%A2f-suresi/1050/96-ayet-tefsiri"", ""https://kuran.diyanet.gov.tr/tefsir/A'r%C3%A2f-suresi/1051/97-99-ayet-tefsiri"", ""https://kuran.diyanet.gov.tr/tefsir/A'r%C3%A2f-suresi/1054/100-102-ayet-tefsiri"", ""https://kuran.diyanet.gov.tr/tefsir/A'r%C3%A2f-suresi/1057/103-ayet-tefsiri"", ""https://kuran.diyanet.gov.tr/tefsir/A'r%C3%A2f-suresi/1058/104-105-ayet-tefsiri"", ""https://kuran.diyanet.gov.tr/tefsir/A'r%C3%A2f-suresi/1060/106-108-ayet-tefsiri"", ""https://kuran.diyanet.gov.tr/tefsir/A'r%C3%A2f-suresi/1063/109-110-ayet-tefsiri"", ""https://kuran.diyanet.gov.tr/tefsir/A'r%C3%A2f-suresi/1065/111-112-ayet-tefsiri"", ""https://kuran.diyanet.gov.tr/tefsir/A'r%C3%A2f-suresi/1067/113-114-ayet-tefsiri"", ""https://kuran.diyanet.gov.tr/tefsir/A'r%C3%A2f-suresi/1069/115-116-ayet-tefsiri"", ""https://kuran.diyanet.gov.tr/tefsir/A'r%C3%A2f-suresi/1071/117-119-ayet-tefsiri"", ""https://kuran.diyanet.gov.tr/tefsir/A'r%C3%A2f-suresi/1074/120-122-ayet-tefsiri"", ""https://kuran.diyanet.gov.tr/tefsir/A'r%C3%A2f-suresi/1077/123-124-ayet-tefsiri"", ""https://kuran.diyanet.gov.tr/tefsir/A'r%C3%A2f-suresi/1079/125-126-ayet-tefsiri"", ""https://kuran.diyanet.gov.tr/tefsir/A'r%C3%A2f-suresi/1081/127-ayet-tefsiri"", ""https://kuran.diyanet.gov.tr/tefsir/A'r%C3%A2f-suresi/1082/128-ayet-tefsiri"", ""https://kuran.diyanet.gov.tr/tefsir/A'r%C3%A2f-suresi/1083/129-ayet-tefsiri"", ""https://kuran.diyanet.gov.tr/tefsir/A'r%C3%A2f-suresi/1084/130-ayet-tefsiri"", ""https://kuran.diyanet.gov.tr/tefsir/A'r%C3%A2f-suresi/1085/131-ayet-tefsiri"", ""https://kuran.diyanet.gov.tr/tefsir/A'r%C3%A2f-suresi/1086/132-133-ayet-tefsiri"", ""https://kuran.diyanet.gov.tr/tefsir/A'r%C3%A2f-suresi/1088/134-ayet-tefsiri"", ""https://kuran.diyanet.gov.tr/tefsir/A'r%C3%A2f-suresi/1089/135-136-ayet-tefsiri"", ""https://kuran.diyanet.gov.tr/tefsir/A'r%C3%A2f-suresi/1091/137-ayet-tefsiri"", ""https://kuran.diyanet.gov.tr/tefsir/A'r%C3%A2f-suresi/1092/138-139-ayet-tefsiri"", ""https://kuran.diyanet.gov.tr/tefsir/A'r%C3%A2f-suresi/1094/140-ayet-tefsiri"", ""https://kuran.diyanet.gov.tr/tefsir/A'r%C3%A2f-suresi/1095/141-ayet-tefsiri"", ""https://kuran.diyanet.gov.tr/tefsir/A'r%C3%A2f-suresi/1096/142-ayet-tefsiri"", ""https://kuran.diyanet.gov.tr/tefsir/A'r%C3%A2f-suresi/1097/143-ayet-tefsiri"", ""https://kuran.diyanet.gov.tr/tefsir/A'r%C3%A2f-suresi/1098/144-ayet-tefsiri"", ""https://kuran.diyanet.gov.tr/tefsir/A'r%C3%A2f-suresi/1099/145-ayet-tefsiri"", ""https://kuran.diyanet.gov.tr/tefsir/A'r%C3%A2f-suresi/1100/146-147-ayet-tefsiri"", ""https://kuran.diyanet.gov.tr/tefsir/A'r%C3%A2f-suresi/1102/148-ayet-tefsiri"", ""https://kuran.diyanet.gov.tr/tefsir/A'r%C3%A2f-suresi/1103/149-ayet-tefsiri"", ""https://kuran.diyanet.gov.tr/tefsir/A'r%C3%A2f-suresi/1104/150-ayet-tefsiri"", ""https://kuran.diyanet.gov.tr/tefsir/A'r%C3%A2f-suresi/1105/151-ayet-tefsiri"", ""https://kuran.diyanet.gov.tr/tefsir/A'r%C3%A2f-suresi/1106/152-ayet-tefsiri"", ""https://kuran.diyanet.gov.tr/tefsir/A'r%C3%A2f-suresi/1107/153-ayet-tefsiri"", ""https://kuran.diyanet.gov.tr/tefsir/A'r%C3%A2f-suresi/1108/154-ayet-tefsiri"", ""https://kuran.diyanet.gov.tr/tefsir/A'r%C3%A2f-suresi/1109/155-156-ayet-tefsiri"", ""https://kuran.diyanet.gov.tr/tefsir/A'r%C3%A2f-suresi/1111/157-ayet-tefsiri"", ""https://kuran.diyanet.gov.tr/tefsir/A'r%C3%A2f-suresi/1112/158-ayet-tefsiri"", ""https://kuran.diyanet.gov.tr/tefsir/A'r%C3%A2f-suresi/1113/159-ayet-tefsiri"", ""https://kuran.diyanet.gov.tr/tefsir/A'r%C3%A2f-suresi/1114/160-162-ayet-tefsiri"", ""https://kuran.diyanet.gov.tr/tefsir/A'r%C3%A2f-suresi/1117/163-ayet-tefsiri"", ""https://kuran.diyanet.gov.tr/tefsir/A'r%C3%A2f-suresi/1118/164-ayet-tefsiri"", ""https://kuran.diyanet.gov.tr/tefsir/A'r%C3%A2f-suresi/1119/165-ayet-tefsiri"", ""https://kuran.diyanet.gov.tr/tefsir/A'r%C3%A2f-suresi/1120/166-ayet-tefsiri"", ""https://kuran.diyanet.gov.tr/tefsir/A'r%C3%A2f-suresi/1121/167-168-ayet-tefsiri"", ""https://kuran.diyanet.gov.tr/tefsir/A'r%C3%A2f-suresi/1123/169-ayet-tefsiri"", ""https://kuran.diyanet.gov.tr/tefsir/A'r%C3%A2f-suresi/1124/170-ayet-tefsiri"", ""https://kuran.diyanet.gov.tr/tefsir/A'r%C3%A2f-suresi/1125/171-ayet-tefsiri"", ""https://kuran.diyanet.gov.tr/tefsir/A'r%C3%A2f-suresi/1126/172-173-ayet-tefsiri"", ""https://kuran.diyanet.gov.tr/tefsir/A'r%C3%A2f-suresi/1128/174-ayet-tefsiri"", ""https://kuran.diyanet.gov.tr/tefsir/A'r%C3%A2f-suresi/1129/175-ayet-tefsiri"", ""https://kuran.diyanet.gov.tr/tefsir/A'r%C3%A2f-suresi/1130/176-178-ayet-tefsiri"", ""https://kuran.diyanet.gov.tr/tefsir/A'r%C3%A2f-suresi/1133/179-ayet-tefsiri"", ""https://kuran.diyanet.gov.tr/tefsir/A'r%C3%A2f-suresi/1134/180-ayet-tefsiri"", ""https://kuran.diyanet.gov.tr/tefsir/A'r%C3%A2f-suresi/1135/181-ayet-tefsiri"", ""https://kuran.diyanet.gov.tr/tefsir/A'r%C3%A2f-suresi/1136/182-183-ayet-tefsiri"", ""https://kuran.diyanet.gov.tr/tefsir/A'r%C3%A2f-suresi/1138/184-ayet-tefsiri"", ""https://kuran.diyanet.gov.tr/tefsir/A'r%C3%A2f-suresi/1139/185-186-ayet-tefsiri"", ""https://kuran.diyanet.gov.tr/tefsir/A'r%C3%A2f-suresi/1141/187-ayet-tefsiri"", ""https://kuran.diyanet.gov.tr/tefsir/A'r%C3%A2f-suresi/1142/188-ayet-tefsiri"", ""https://kuran.diyanet.gov.tr/tefsir/A'r%C3%A2f-suresi/1143/189-190-ayet-tefsiri"", ""https://kuran.diyanet.gov.tr/tefsir/A'r%C3%A2f-suresi/1145/191-192-ayet-tefsiri"", ""https://kuran.diyanet.gov.tr/tefsir/A'r%C3%A2f-suresi/1147/193-195-ayet-tefsiri"", ""https://kuran.diyanet.gov.tr/tefsir/A'r%C3%A2f-suresi/1150/196-ayet-tefsiri"", ""https://kuran.diyanet.gov.tr/tefsir/A'r%C3%A2f-suresi/1151/197-198-ayet-tefsiri"", ""https://kuran.diyanet.gov.tr/tefsir/A'r%C3%A2f-suresi/1153/199-ayet-tefsiri"", ""https://kuran.diyanet.gov.tr/tefsir/A'r%C3%A2f-suresi/1154/200-201-ayet-tefsiri"", ""https://kuran.diyanet.gov.tr/tefsir/A'r%C3%A2f-suresi/1156/202-ayet-tefsiri"", ""https://kuran.diyanet.gov.tr/tefsir/A'r%C3%A2f-suresi/1157/203-ayet-tefsiri"", ""https://kuran.diyanet.gov.tr/tefsir/A'r%C3%A2f-suresi/1158/204-ayet-tefsiri"", ""https://kuran.diyanet.gov.tr/tefsir/A'r%C3%A2f-suresi/1159/205-ayet-tefsiri"", ""https://kuran.diyanet.gov.tr/tefsir/A'r%C3%A2f-suresi/1160/206-ayet-tefsiri""]"
8,"Hakkında
                    Medine döneminde hicretin ikinci yılında Bedir savaşından sonra inmiştir.75 âyettir. Sûre, adını ilk ayetteki “el-Enfâl” kelimesinden almıştır. “Enfâl”, savaş ganimetleri demektir. Sûrede başlıca, savaş, özellikle Bedir savaşı sonrası elde edilen ganimetlerle, bunların kimlere ve nasıl pay edileceği konu edilmektedir.","Nuzül
 Mushaftaki sıralamada sekizinci, iniş sırasına göre seksen sekizinci sûredir. Bakara sûresinden sonra, Âl-i İmrân’dan önce inmiştir.Sûrenin 30-36. âyetleri dışında kalan kısmının Medine’de indiğinde ittifak vardır. Bu yedi âyet ise bazı müfessirlere göre Mekke’de nâzil olmuştur. Sûre Medine’de, Bakara’dan sonra ikinci sırada gelmeye başlamış, fakat araya başka sûrelerin bazı âyetlerinin nüzûlü de girmiştir.Hicretin üzerinden bir buçuk yıl geçip ramazan ayı gelince müslümanlar Medine yakınlarındaki Bedir mevkiinde, Mekkeli müşriklerle ilk önemli savaşlarını yapmışlardı. Savaş müslümanların zaferiyle sonuçlanmış, düşmandan ganimet de elde edilmişti. Ganimetlerin paylaşımı konusunda daha önceden uygulanarak sabit olmuş İslâmî bir kural bulunmadığı için, doğrudan çarpışmaya katılanlarla cephe gerisinde hizmet verenler, gençlerle yaşlılar, teşvik vb. maksatlarla kendilerine ödül vaad edilmiş kimselerle buna razı olmayanlar arasında ihtilâf çıkmıştı. Ayrıca bu savaşta kardeşini şehid vermiş olan Sa‘d b. Ebû Vakkās da müşriklerden Saîd b. Âsî’yi katletmiş, maktulün kılıcını alarak Resûlullah’a gelmiş, bunun kendisine verilmesini istemişti. İşte bu olaylar ve talepler üzerine daha Bedir’den ayrılmadan ve ganimetler paylaştırılmadan sûrenin ilk âyeti nâzil olmuştur. Bazı müfessirlere göre Hz. Peygamber’i ve müminleri savaşa teşvik eden, iman cephesinin bire karşı on kişiyle savaşsalar bile galip geleceklerini bildiren 64-65. âyetler savaştan önce gelmiştir. Şu halde sûrenin Medine’de, Bedir Savaşı sırasında gelmeye başladığı kesinlik kazanmakta, tamamlanmasının ise daha sonraki zamanlarda olduğu anlaşılmaktadır (İbn Kesîr, III, 545; İbn Âşûr, IX, 245-246).","Konusu
 Kur’an-ı Kerîm’in bir özeti olan Fâtiha sûresinde Allah’ın lutfuna mazhar olanlarla O’nun gazabına uğrayanlardan ve doğru yoldan sapanlardan söz edilmiş, yalnız Allah’a kulluk eden ve sadece O’ndan yardım dileyenlere doğru yoldan ayrılmamaları telkin buyurulmuştu. Kulluk yolundan sapanların bir kısmı bu yolda sebat edenlere düşman oldukları ve onlara hayat hakkı tanımadıkları için tarih boyunca hak ile bâtılın mensupları arasında mücadele devam etmiştir. Bu mücadelenin bazan kaçınılmaz hale gelen şekillerinden biri de savaştır. Sûrenin asıl konusu Bedir örneğinden hareketle genel olarak savaşın amacı, barış, savaşta ele geçen esirler ve ganimetle ilgili hükümlerdir. Kur’an’ın temel amacı insanlara iman, ibadet ve ahlâk değerlerini kazandırmak olduğu için sûrede yeri geldikçe bu doğrultuda şu konulara yer verilmiştir:1. Gerçek bir müminde bulunması gereken nitelikler,2. Hicret,3. Allah’ın ihlâslı ve fedakâr kullarına müstesna yardımları,4. Allah ve resulüne itaatin gerekliliği ve sonuçları,5. Takva ahlâkı ile hakkı bâtıldan ayırma bilinci arasındaki ilişki,6. İnkârın dünya ve âhiret hayatında insana getirdikleri,7. Allah’ın lutuf, nimet ve cezasının, kulların kendilerini değiştirme ve iyileştirme çabalarıyla bağlantısı,8. Maddî ve mânevî değerleri koruyabilmek ve meşrû savunmayı gerçekleştirebilmek için gerekli olan stratejik donanım ve hazırlık,9. Müminler arasındaki birlik ve dayanışma ilişkisinin (velâyet) şartları ile boyutları.",Fazileti,"['https://kuran.diyanet.gov.tr/tefsir/Enf%C3%A2l-suresi/1161/1-ayet-tefsiri', 'https://kuran.diyanet.gov.tr/tefsir/Enf%C3%A2l-suresi/1162/2-3-ayet-tefsiri', 'https://kuran.diyanet.gov.tr/tefsir/Enf%C3%A2l-suresi/1164/4-ayet-tefsiri', 'https://kuran.diyanet.gov.tr/tefsir/Enf%C3%A2l-suresi/1165/5-ayet-tefsiri', 'https://kuran.diyanet.gov.tr/tefsir/Enf%C3%A2l-suresi/1166/6-8-ayet-tefsiri', 'https://kuran.diyanet.gov.tr/tefsir/Enf%C3%A2l-suresi/1169/9-10-ayet-tefsiri', 'https://kuran.diyanet.gov.tr/tefsir/Enf%C3%A2l-suresi/1171/11-ayet-tefsiri', 'https://kuran.diyanet.gov.tr/tefsir/Enf%C3%A2l-suresi/1172/12-ayet-tefsiri', 'https://kuran.diyanet.gov.tr/tefsir/Enf%C3%A2l-suresi/1173/13-14-ayet-tefsiri', 'https://kuran.diyanet.gov.tr/tefsir/Enf%C3%A2l-suresi/1175/15-16-ayet-tefsiri', 'https://kuran.diyanet.gov.tr/tefsir/Enf%C3%A2l-suresi/1177/17-18-ayet-tefsiri', 'https://kuran.diyanet.gov.tr/tefsir/Enf%C3%A2l-suresi/1179/19-ayet-tefsiri', 'https://kuran.diyanet.gov.tr/tefsir/Enf%C3%A2l-suresi/1180/20-23-ayet-tefsiri', 'https://kuran.diyanet.gov.tr/tefsir/Enf%C3%A2l-suresi/1184/24-ayet-tefsiri', 'https://kuran.diyanet.gov.tr/tefsir/Enf%C3%A2l-suresi/1185/25-ayet-tefsiri', 'https://kuran.diyanet.gov.tr/tefsir/Enf%C3%A2l-suresi/1186/26-ayet-tefsiri', 'https://kuran.diyanet.gov.tr/tefsir/Enf%C3%A2l-suresi/1187/27-ayet-tefsiri', 'https://kuran.diyanet.gov.tr/tefsir/Enf%C3%A2l-suresi/1188/28-ayet-tefsiri', 'https://kuran.diyanet.gov.tr/tefsir/Enf%C3%A2l-suresi/1189/29-ayet-tefsiri', 'https://kuran.diyanet.gov.tr/tefsir/Enf%C3%A2l-suresi/1190/30-ayet-tefsiri', 'https://kuran.diyanet.gov.tr/tefsir/Enf%C3%A2l-suresi/1191/31-ayet-tefsiri', 'https://kuran.diyanet.gov.tr/tefsir/Enf%C3%A2l-suresi/1192/32-33-ayet-tefsiri', 'https://kuran.diyanet.gov.tr/tefsir/Enf%C3%A2l-suresi/1194/34-35-ayet-tefsiri', 'https://kuran.diyanet.gov.tr/tefsir/Enf%C3%A2l-suresi/1196/36-37-ayet-tefsiri', 'https://kuran.diyanet.gov.tr/tefsir/Enf%C3%A2l-suresi/1198/38-ayet-tefsiri', 'https://kuran.diyanet.gov.tr/tefsir/Enf%C3%A2l-suresi/1199/39-ayet-tefsiri', 'https://kuran.diyanet.gov.tr/tefsir/Enf%C3%A2l-suresi/1200/40-ayet-tefsiri', 'https://kuran.diyanet.gov.tr/tefsir/Enf%C3%A2l-suresi/1201/41-ayet-tefsiri', 'https://kuran.diyanet.gov.tr/tefsir/Enf%C3%A2l-suresi/1202/42-ayet-tefsiri', 'https://kuran.diyanet.gov.tr/tefsir/Enf%C3%A2l-suresi/1203/43-44-ayet-tefsiri', 'https://kuran.diyanet.gov.tr/tefsir/Enf%C3%A2l-suresi/1205/45-46-ayet-tefsiri', 'https://kuran.diyanet.gov.tr/tefsir/Enf%C3%A2l-suresi/1207/47-ayet-tefsiri', 'https://kuran.diyanet.gov.tr/tefsir/Enf%C3%A2l-suresi/1208/48-ayet-tefsiri', 'https://kuran.diyanet.gov.tr/tefsir/Enf%C3%A2l-suresi/1209/49-ayet-tefsiri', 'https://kuran.diyanet.gov.tr/tefsir/Enf%C3%A2l-suresi/1210/50-51-ayet-tefsiri', 'https://kuran.diyanet.gov.tr/tefsir/Enf%C3%A2l-suresi/1212/52-ayet-tefsiri', 'https://kuran.diyanet.gov.tr/tefsir/Enf%C3%A2l-suresi/1213/53-ayet-tefsiri', 'https://kuran.diyanet.gov.tr/tefsir/Enf%C3%A2l-suresi/1214/54-ayet-tefsiri', 'https://kuran.diyanet.gov.tr/tefsir/Enf%C3%A2l-suresi/1215/55-57-ayet-tefsiri', 'https://kuran.diyanet.gov.tr/tefsir/Enf%C3%A2l-suresi/1218/58-ayet-tefsiri', 'https://kuran.diyanet.gov.tr/tefsir/Enf%C3%A2l-suresi/1219/59-ayet-tefsiri', 'https://kuran.diyanet.gov.tr/tefsir/Enf%C3%A2l-suresi/1220/60-ayet-tefsiri', 'https://kuran.diyanet.gov.tr/tefsir/Enf%C3%A2l-suresi/1221/61-ayet-tefsiri', 'https://kuran.diyanet.gov.tr/tefsir/Enf%C3%A2l-suresi/1222/62-63-ayet-tefsiri', 'https://kuran.diyanet.gov.tr/tefsir/Enf%C3%A2l-suresi/1224/64-ayet-tefsiri', 'https://kuran.diyanet.gov.tr/tefsir/Enf%C3%A2l-suresi/1225/65-66-ayet-tefsiri', 'https://kuran.diyanet.gov.tr/tefsir/Enf%C3%A2l-suresi/1227/67-69-ayet-tefsiri', 'https://kuran.diyanet.gov.tr/tefsir/Enf%C3%A2l-suresi/1230/70-ayet-tefsiri', 'https://kuran.diyanet.gov.tr/tefsir/Enf%C3%A2l-suresi/1231/71-ayet-tefsiri', 'https://kuran.diyanet.gov.tr/tefsir/Enf%C3%A2l-suresi/1232/72-73-ayet-tefsiri', 'https://kuran.diyanet.gov.tr/tefsir/Enf%C3%A2l-suresi/1234/74-75-ayet-tefsiri']"
9,"Hakkında
                    Son iki âyet hariç Medine döneminde, Peygamber Efendimizin irtihaline yakın bir zamanda inmiştir. 129 âyettir. Sûre, adını Allah’ın kullarının tövbesini kabul edeceğini bildirdiği 104. âyetten almıştır. İlk âyette geçen “berâet” kelimesinden dolayı sûreye Berâe sûresi adı da verilmiştir. Başında besmele olmayan tek sûredir. Sûrenin başına besmelenin yazılmamış oluşunu bazı bilginler, onun bir önceki sûrenin devamı mahiyetinde oluşu ile açıklamışlardır. Sûrede başlıca, yaptıkları antlaşmalara bağlı kalmayan düşmanlarla ilişkilerin kesilmesi, antlaşmalara bağlı kalanlara karşı ise antlaşmalara bağlı kalınmasının gerekliliği; Tebük seferine hazırlık, Tebük seferi öncesi ve dönüşü sırasında münafıkların sergilediği iki yüzlü tavır, ehl-i kitapla ilişkiler, cizye ve zekât hükümleri, çölde yaşayan Arapların Kur’an talimatı karşısındaki tavırları, Kur’an’ın müslümanlar üzerinde oluşturduğu etki ve Hz. Peygamber’in müslümanlar adına duyduğu endişe söz konusu edilmektedir","Nuzül
 Mushaftaki sıralamada dokuzuncu, iniş sırasına göre yüz on üçüncü sûredir. Mâide sûresinden sonra, Nasr sûresinden önce Medine’de nâzil olmuştur. Müfessirler arasındaki hâkim kanaate göre son iki âyeti Mekke’de inmiştir. 113. âyetinin de Mekke’de indiğine dair bir rivayet bulunmaktadır. Hicretin 9. yılında nâzil olmaya başlayan bu sûrenin Kur’an’ın en son inen sûresi olduğu yönünde bir rivayet de vardır (Şevkânî, II, 378; Elmalılı, IV, 2441).İçeriği ve konusuna ilişkin tarihî bilgiler, sûrenin hemen tamamının Tebük Seferi’nden az bir zaman önce başlayıp sefer süresince ve seferden hemen sonraki günlerde, en büyük kısmıyla da Medine’den Tebük’e yapılan uzun yürüyüş sırasında vahyedildiğini göstermektedir (bk. Esed, I, 343). Aşağıda açıklanacağı üzere sûrenin baş kısmı Tebük Seferi’ni takiben yani kronolojik sıra itibariyle diğer kısımlarından sonra inmiştir.Hz. Peygamber Tebük Seferi’nden döndükten sonra Hz. Ebû Bekir’i hac emîri olarak görevlendirmişti. Ebû Bekir beraberindeki müslümanlarla hareket ettikten sonra bu sûrenin baş kısmı nâzil oldu. Bunun üzerine Resûlullah sûredeki buyrukları hac esnasında insanlara tebliğ etmesi için Hz. Ali’ye görev verdi. Hz. Ali hac kafilesine yolda yetişti. Hz. Ebû Bekir ona âmir sıfatıyla mı yoksa memur sıfatıyla mı geldiğini sordu. O sadece sûreyi hac sırasında insanlara tebliğ etmekle memur olduğunu söyledi. Birlikte Mekke’ye gittiler. Hz. Ali kurban bayramının birinci günü Cemre-i Akabe yanında insanlara hitap etti, kendisinin Hz. Peygamber’in elçisi olduğunu bildirip sûreden otuz veya kırk (Mücâhid’den yapılan rivayete göre on üç) âyet okudu ve şu dört hususu özellikle tebliğ etmekle görevli olduğunu söyledi: Bu yıldan sonra Kâbe’ye müşrik yaklaşmayacak, kimse Kâbe’yi çıplak tavaf etmeyecek, mümin olmayan cennete giremeyecek, verilen söz mutlaka tutulacaktır (Zemahşerî, II, 138; Râzî, XV, 218).","Konusu
 Sûrede yer alan başlıca konular şunlardır: Antlaşmalarını bozan müşriklere fesih bildirimi yapılıp Mescid-i Harâm çevresinin putperestlerden arındırılması, Allah ve resulüne bağlılığın ve iman kardeşliğinin diğer bütün dünyevî bağların üstünde tutulması gerektiği, Allah’ın nimetlerini ve yardımlarını hiçbir zaman göz ardı etmeksizin iman mücadelesindeki azim ve kararlılığın korunması, özellikle Tebük Seferi’ne hazırlık, Tebük’e gidiş ve dönüş sırasında münafıkların sergiledikleri davranışlar, müslümanların böyle sıkıntılı durumlarda hataya düşme ihtimallerinin artması, Ehl-i kitap’la ilişkiler, cizye ve zekât hükümleri, bedevî Araplar’ın dinî bildirimler karşısındaki tavırları, yaptığı kötülüklerden samimi pişmanlık duyanların tövbelerinin kabulü hususunda yüce Allah’ın ne kadar lutufkâr olduğu, Resûlullah’a canla başla destek olan ilk müslümanların ve onların yolunu izleyenlerin Allah katında çok üstün bir mertebeye sahip oldukları, Hz. Muhammed’in müminlere karşı engin şefkati, bu gerçekleri görmezden gelenlere karşı arşın sahibi yüce Allah’a sığınmak, O’na güvenip dayanmak gerektiği.","Fazileti
 Diğer sûrelerden farklı olarak bu sûrenin başında “besmele”nin olmaması şu iki sebeple açıklanmaktadır: a) Bu sûrenin, aralarındaki anlam ve içerik yakınlığı itibariyle Enfâl sûresinin devamı olma ihtimali. Hz. Peygamber’den bu sûrenin Enfâl veya başka bir sûrenin parçası olduğuna dair bir açıklama nakledilmiş olmadığı için bu ihtimal zayıf bulunmuştur. Bu görüş şu açıdan da eleştirilmiştir: Eğer sebep bu olsaydı sadece Enfâl sûresinden bu sûreye geçerken besmele okunmaması gerekirdi, oysa bu sûreye başlarken de besmele okunmaz (Elmalılı, IV, 2442-2443). b) Sûrenin müşriklere ağır bir ihtarla ve –âyetin tefsiri sırasında açıklanacak sebeplere binaen– onlarla yapılmış antlaşmanın bozulup savaş ilân edilmesi tâlimatıyla başlaması. Bu izaha göre, besmele güven ve rahmetin ifadesi olduğundan iki zıt ifadenin birlikte okunması uygun görülmemiştir. Başka bazı sûrelerin de savaş buyruğu içerdiği (Derveze, XII, 66) veya “yazıklar olsun” gibi ifadelerle başladığı (Âlûsî, X, 61) gerekçesiyle bu izah eleştirilmişse de, başka bir sûrenin başında böyle şiddetli bir uyarı ve ahdi bozma ifadesi yer almamaktadır.Bu konudaki izah farklılıkları bir yana, İslâm âlimleri bu sûrenin başında besmelenin yazılmaması ve okunmaması gerektiği hususunda fikir birliği içindedirler. Bunun herkesçe kabul edilen ortak sebebi Resûlullah’ın bu sûrenin başında besmeleyi yazdırmamış olmasıdır. Bu durum, Kur’an’ın hiçbir değişikliğe uğratılmaksızın, aynen Hz. Peygamber’den öğrenildiği biçimde sonraki nesillere aktarılması konusunda sahâbenin büyük bir titizlik gösterdiğini ve bu ulvî emanetin nesiller boyu özenle korunduğunu açıkça ortaya koyan kanıtlardan biri sayılmalıdır (Râzî, XV, 216; Mevdûdî, II, 179). Şu hususa da işaret edilmelidir ki, Tevbe sûresinde besmele çekilmemesi bu sûrenin başıyla ilgilidir. Şayet Kur’an okumaya bu sûrenin başından başlanacaksa sadece “eûzü” çekilir; daha sonraki bir âyetinden başlanacaksa eûzü ile birlikte besmele de okunur. Enfâl sûresinden Tevbe sûresine geçilirken ise eûzü-besmele okumaksızın kıraate devam edilir.","['https://kuran.diyanet.gov.tr/tefsir/Tevbe-suresi/1236/1-6-ayet-tefsiri', 'https://kuran.diyanet.gov.tr/tefsir/Tevbe-suresi/1242/7-16-ayet-tefsiri', 'https://kuran.diyanet.gov.tr/tefsir/Tevbe-suresi/1252/17-22-ayet-tefsiri', 'https://kuran.diyanet.gov.tr/tefsir/Tevbe-suresi/1258/23-24-ayet-tefsiri', 'https://kuran.diyanet.gov.tr/tefsir/Tevbe-suresi/1260/25-27-ayet-tefsiri', 'https://kuran.diyanet.gov.tr/tefsir/Tevbe-suresi/1263/28-ayet-tefsiri', 'https://kuran.diyanet.gov.tr/tefsir/Tevbe-suresi/1264/29-ayet-tefsiri', 'https://kuran.diyanet.gov.tr/tefsir/Tevbe-suresi/1265/30-ayet-tefsiri', 'https://kuran.diyanet.gov.tr/tefsir/Tevbe-suresi/1266/31-ayet-tefsiri', 'https://kuran.diyanet.gov.tr/tefsir/Tevbe-suresi/1267/32-ayet-tefsiri', 'https://kuran.diyanet.gov.tr/tefsir/Tevbe-suresi/1268/33-ayet-tefsiri', 'https://kuran.diyanet.gov.tr/tefsir/Tevbe-suresi/1269/34-35-ayet-tefsiri', 'https://kuran.diyanet.gov.tr/tefsir/Tevbe-suresi/1271/36-37-ayet-tefsiri', 'https://kuran.diyanet.gov.tr/tefsir/Tevbe-suresi/1273/38-41-ayet-tefsiri', 'https://kuran.diyanet.gov.tr/tefsir/Tevbe-suresi/1277/42-57-ayet-tefsiri', 'https://kuran.diyanet.gov.tr/tefsir/Tevbe-suresi/1293/58-59-ayet-tefsiri', 'https://kuran.diyanet.gov.tr/tefsir/Tevbe-suresi/1295/60-ayet-tefsiri', 'https://kuran.diyanet.gov.tr/tefsir/Tevbe-suresi/1296/61-70-ayet-tefsiri', 'https://kuran.diyanet.gov.tr/tefsir/Tevbe-suresi/1306/71-72-ayet-tefsiri', 'https://kuran.diyanet.gov.tr/tefsir/Tevbe-suresi/1308/73-ayet-tefsiri', 'https://kuran.diyanet.gov.tr/tefsir/Tevbe-suresi/1309/74-ayet-tefsiri', 'https://kuran.diyanet.gov.tr/tefsir/Tevbe-suresi/1310/75-78-ayet-tefsiri', 'https://kuran.diyanet.gov.tr/tefsir/Tevbe-suresi/1314/79-ayet-tefsiri', 'https://kuran.diyanet.gov.tr/tefsir/Tevbe-suresi/1315/80-ayet-tefsiri', 'https://kuran.diyanet.gov.tr/tefsir/Tevbe-suresi/1316/81-85-ayet-tefsiri', 'https://kuran.diyanet.gov.tr/tefsir/Tevbe-suresi/1321/86-ayet-tefsiri', 'https://kuran.diyanet.gov.tr/tefsir/Tevbe-suresi/1322/87-ayet-tefsiri', 'https://kuran.diyanet.gov.tr/tefsir/Tevbe-suresi/1323/88-ayet-tefsiri', 'https://kuran.diyanet.gov.tr/tefsir/Tevbe-suresi/1324/89-ayet-tefsiri', 'https://kuran.diyanet.gov.tr/tefsir/Tevbe-suresi/1325/90-99-ayet-tefsiri', 'https://kuran.diyanet.gov.tr/tefsir/Tevbe-suresi/1335/100-ayet-tefsiri', 'https://kuran.diyanet.gov.tr/tefsir/Tevbe-suresi/1336/101-ayet-tefsiri', 'https://kuran.diyanet.gov.tr/tefsir/Tevbe-suresi/1337/102-ayet-tefsiri', 'https://kuran.diyanet.gov.tr/tefsir/Tevbe-suresi/1338/103-ayet-tefsiri', 'https://kuran.diyanet.gov.tr/tefsir/Tevbe-suresi/1339/104-ayet-tefsiri', 'https://kuran.diyanet.gov.tr/tefsir/Tevbe-suresi/1340/105-ayet-tefsiri', 'https://kuran.diyanet.gov.tr/tefsir/Tevbe-suresi/1341/106-ayet-tefsiri', 'https://kuran.diyanet.gov.tr/tefsir/Tevbe-suresi/1342/107-110-ayet-tefsiri', 'https://kuran.diyanet.gov.tr/tefsir/Tevbe-suresi/1346/111-ayet-tefsiri', 'https://kuran.diyanet.gov.tr/tefsir/Tevbe-suresi/1347/112-ayet-tefsiri', 'https://kuran.diyanet.gov.tr/tefsir/Tevbe-suresi/1348/113-114-ayet-tefsiri', 'https://kuran.diyanet.gov.tr/tefsir/Tevbe-suresi/1350/115-116-ayet-tefsiri', 'https://kuran.diyanet.gov.tr/tefsir/Tevbe-suresi/1352/117-ayet-tefsiri', 'https://kuran.diyanet.gov.tr/tefsir/Tevbe-suresi/1353/118-ayet-tefsiri', 'https://kuran.diyanet.gov.tr/tefsir/Tevbe-suresi/1354/119-ayet-tefsiri', 'https://kuran.diyanet.gov.tr/tefsir/Tevbe-suresi/1355/120-121-ayet-tefsiri', 'https://kuran.diyanet.gov.tr/tefsir/Tevbe-suresi/1357/122-ayet-tefsiri', 'https://kuran.diyanet.gov.tr/tefsir/Tevbe-suresi/1358/123-ayet-tefsiri', 'https://kuran.diyanet.gov.tr/tefsir/Tevbe-suresi/1359/124-127-ayet-tefsiri', 'https://kuran.diyanet.gov.tr/tefsir/Tevbe-suresi/1363/128-129-ayet-tefsiri']"
10,"Hakkında
                    40,94,95 ve 96. âyetler Medine döneminde, diğerleri Mekke döneminde inmiştir.109 âyettir. Sûrede temel konu olarak Allah’ın rahmetinin gazabına üstünolduğu vurgulanmaktadır. Sûrede, Yûnus, Nûh ve Mûsâ peygamberlerile bunların kavimlerinin kıssalarına yer verilmektedir. Sûre, adını içindekiYûnus kıssasından almıştır.","Nuzül
  Mushaftaki sıralamada onuncu, iniş sırasına göre elli birinci sûredir. İsrâ sûresinden sonra, Hûd’dan önce Mekke’de, büyük bir ihtimalle hicretten iki yıl önce nâzil olmuştur. 40. âyetle 94-96. âyetlerin Medine’de nüzûlüne dair rivayetler de vardır.","Konusu
  Yûnus sûresinin temel konuları, İslâmî kaynaklarda tevhid, nübüvvet ve âhiret terimleriyle ifade edilen, “bir Allah’a iman ve kulluk etmek, bilgi kaynağı vahiy, vahyin taşıyıcısı ve açıklayıcısı olarak peygamber ve dünya hayatında peygamberin çağrısına uyanlarla uymayanları ebedî âlemde bekleyen âkıbet”tir. Sûre bütün peygamberlerin görev ve işlevlerine, bu arada son peygamber Muhammed aleyhisselâmın gerçek bir peygamber olduğuna, onun insanları Allah’a iman ve yalnızca O’na kulluk etmeye çağırdığına, içlerinde Yûnus aleyhisselâmın da bulunduğu başka peygamberlerden örnekler vererek tarih boyunca yaşanan şirk-tevhid mücadelesine, hem Hz. Peygamber’in getirdiği kitabın kendisinin uydurduğu bir kitap olmadığı hem de Allah’tan başka bir tanrının bulunmadığı gerçekleriyle ilgili ikna edici delillere Kur’an’ın genel üslûbu ve sistematiği çerçevesinde temas etmektedir.",Fazileti,"['https://kuran.diyanet.gov.tr/tefsir/Y%C3%BBnus-suresi/1365/1-ayet-tefsiri', 'https://kuran.diyanet.gov.tr/tefsir/Y%C3%BBnus-suresi/1366/2-ayet-tefsiri', 'https://kuran.diyanet.gov.tr/tefsir/Y%C3%BBnus-suresi/1367/3-ayet-tefsiri', 'https://kuran.diyanet.gov.tr/tefsir/Y%C3%BBnus-suresi/1368/4-ayet-tefsiri', 'https://kuran.diyanet.gov.tr/tefsir/Y%C3%BBnus-suresi/1369/5-6-ayet-tefsiri', 'https://kuran.diyanet.gov.tr/tefsir/Y%C3%BBnus-suresi/1371/7-8-ayet-tefsiri', 'https://kuran.diyanet.gov.tr/tefsir/Y%C3%BBnus-suresi/1373/9-ayet-tefsiri', 'https://kuran.diyanet.gov.tr/tefsir/Y%C3%BBnus-suresi/1374/10-ayet-tefsiri', 'https://kuran.diyanet.gov.tr/tefsir/Y%C3%BBnus-suresi/1375/11-12-ayet-tefsiri', 'https://kuran.diyanet.gov.tr/tefsir/Y%C3%BBnus-suresi/1377/13-14-ayet-tefsiri', 'https://kuran.diyanet.gov.tr/tefsir/Y%C3%BBnus-suresi/1379/15-16-ayet-tefsiri', 'https://kuran.diyanet.gov.tr/tefsir/Y%C3%BBnus-suresi/1381/17-ayet-tefsiri', 'https://kuran.diyanet.gov.tr/tefsir/Y%C3%BBnus-suresi/1382/18-ayet-tefsiri', 'https://kuran.diyanet.gov.tr/tefsir/Y%C3%BBnus-suresi/1383/19-ayet-tefsiri', 'https://kuran.diyanet.gov.tr/tefsir/Y%C3%BBnus-suresi/1384/20-ayet-tefsiri', 'https://kuran.diyanet.gov.tr/tefsir/Y%C3%BBnus-suresi/1385/21-23-ayet-tefsiri', 'https://kuran.diyanet.gov.tr/tefsir/Y%C3%BBnus-suresi/1388/24-ayet-tefsiri', 'https://kuran.diyanet.gov.tr/tefsir/Y%C3%BBnus-suresi/1389/25-30-ayet-tefsiri', 'https://kuran.diyanet.gov.tr/tefsir/Y%C3%BBnus-suresi/1395/31-32-ayet-tefsiri', 'https://kuran.diyanet.gov.tr/tefsir/Y%C3%BBnus-suresi/1397/33-ayet-tefsiri', 'https://kuran.diyanet.gov.tr/tefsir/Y%C3%BBnus-suresi/1398/34-ayet-tefsiri', 'https://kuran.diyanet.gov.tr/tefsir/Y%C3%BBnus-suresi/1399/35-ayet-tefsiri', 'https://kuran.diyanet.gov.tr/tefsir/Y%C3%BBnus-suresi/1400/36-ayet-tefsiri', 'https://kuran.diyanet.gov.tr/tefsir/Y%C3%BBnus-suresi/1401/37-ayet-tefsiri', 'https://kuran.diyanet.gov.tr/tefsir/Y%C3%BBnus-suresi/1402/38-ayet-tefsiri', 'https://kuran.diyanet.gov.tr/tefsir/Y%C3%BBnus-suresi/1403/39-ayet-tefsiri', 'https://kuran.diyanet.gov.tr/tefsir/Y%C3%BBnus-suresi/1404/40-ayet-tefsiri', 'https://kuran.diyanet.gov.tr/tefsir/Y%C3%BBnus-suresi/1405/41-ayet-tefsiri', 'https://kuran.diyanet.gov.tr/tefsir/Y%C3%BBnus-suresi/1406/42-43-ayet-tefsiri', 'https://kuran.diyanet.gov.tr/tefsir/Y%C3%BBnus-suresi/1408/44-ayet-tefsiri', 'https://kuran.diyanet.gov.tr/tefsir/Y%C3%BBnus-suresi/1409/45-ayet-tefsiri', 'https://kuran.diyanet.gov.tr/tefsir/Y%C3%BBnus-suresi/1410/46-ayet-tefsiri', 'https://kuran.diyanet.gov.tr/tefsir/Y%C3%BBnus-suresi/1411/47-ayet-tefsiri', 'https://kuran.diyanet.gov.tr/tefsir/Y%C3%BBnus-suresi/1412/48-49-ayet-tefsiri', 'https://kuran.diyanet.gov.tr/tefsir/Y%C3%BBnus-suresi/1414/50-54-ayet-tefsiri', 'https://kuran.diyanet.gov.tr/tefsir/Y%C3%BBnus-suresi/1419/55-56-ayet-tefsiri', 'https://kuran.diyanet.gov.tr/tefsir/Y%C3%BBnus-suresi/1421/57-ayet-tefsiri', 'https://kuran.diyanet.gov.tr/tefsir/Y%C3%BBnus-suresi/1422/58-ayet-tefsiri', 'https://kuran.diyanet.gov.tr/tefsir/Y%C3%BBnus-suresi/1423/59-60-ayet-tefsiri', 'https://kuran.diyanet.gov.tr/tefsir/Y%C3%BBnus-suresi/1425/61-ayet-tefsiri', 'https://kuran.diyanet.gov.tr/tefsir/Y%C3%BBnus-suresi/1426/62-64-ayet-tefsiri', 'https://kuran.diyanet.gov.tr/tefsir/Y%C3%BBnus-suresi/1429/65-ayet-tefsiri', 'https://kuran.diyanet.gov.tr/tefsir/Y%C3%BBnus-suresi/1430/66-ayet-tefsiri', 'https://kuran.diyanet.gov.tr/tefsir/Y%C3%BBnus-suresi/1431/67-ayet-tefsiri', 'https://kuran.diyanet.gov.tr/tefsir/Y%C3%BBnus-suresi/1432/68-69-ayet-tefsiri', 'https://kuran.diyanet.gov.tr/tefsir/Y%C3%BBnus-suresi/1434/70-ayet-tefsiri', 'https://kuran.diyanet.gov.tr/tefsir/Y%C3%BBnus-suresi/1435/71-74-ayet-tefsiri', 'https://kuran.diyanet.gov.tr/tefsir/Y%C3%BBnus-suresi/1439/75-82-ayet-tefsiri', 'https://kuran.diyanet.gov.tr/tefsir/Y%C3%BBnus-suresi/1447/83-ayet-tefsiri', 'https://kuran.diyanet.gov.tr/tefsir/Y%C3%BBnus-suresi/1448/84-86-ayet-tefsiri', 'https://kuran.diyanet.gov.tr/tefsir/Y%C3%BBnus-suresi/1451/87-ayet-tefsiri', 'https://kuran.diyanet.gov.tr/tefsir/Y%C3%BBnus-suresi/1452/88-89-ayet-tefsiri', 'https://kuran.diyanet.gov.tr/tefsir/Y%C3%BBnus-suresi/1454/90-93-ayet-tefsiri', 'https://kuran.diyanet.gov.tr/tefsir/Y%C3%BBnus-suresi/1458/94-95-ayet-tefsiri', 'https://kuran.diyanet.gov.tr/tefsir/Y%C3%BBnus-suresi/1460/96-97-ayet-tefsiri', 'https://kuran.diyanet.gov.tr/tefsir/Y%C3%BBnus-suresi/1462/98-ayet-tefsiri', 'https://kuran.diyanet.gov.tr/tefsir/Y%C3%BBnus-suresi/1463/99-103-ayet-tefsiri', 'https://kuran.diyanet.gov.tr/tefsir/Y%C3%BBnus-suresi/1468/104-109-ayet-tefsiri']"
11,"Hakkında
                    Mekke döneminde inmiştir. 123 âyettir. Sûre, adını içinde söz konusu edilen Hûd peygamberden almıştır. Sûre de başlıca tevhit, peygamberlik, öldükten sonra dirilme ve ceza konuları ele alınmakta ve bunlar bazı peygamberlerin kıssalarıyla desteklenmektedir.","Nuzül
  Mushaftaki sıralamada on birinci, iniş sırasına göre elli ikinci sûredir. Yûnus sûresinden sonra, Yûsuf sûresinden önce Mekke döneminin son bir yılı içinde nâzil olmuştur. 12, 17 ve 114. âyetlerinin Medine’de indiği yolundaki görüş müfessirlerin çoğunluğunca kabul edilmemiştir (İbn Âşûr, XI, 311; Reşîd Rızâ, XII, 2; Ateş, IV, 291).","Konusu
  Hûd sûresi hem üslûp hem de içerik bakımından bir önceki Yûnus sûresiyle büyük bir benzerlik göstermektedir. Bu sûrede de ağırlıklı olarak Allah’ın varlığı, birliği, O’nun iradesinin peygamberleri aracılığıyla vahyedildiği gerçeği ve peygamberlik olgusunun gelmiş geçmiş toplumlardaki görünümü ele alınmakta, bazı peygamberlerin kıssalarına Yûnus sûresinde özet olarak, burada ise daha geniş bir şekilde yer verilmektedir. Nûh, Hûd, Sâlih, İbrâhim, Lût, Şuayb ve Mûsâ peygamberlerin kıssaları anlatılmakta; Kur’an’ın mûcize oluşu, öldükten sonra dirilme, hesap ve âhiret hayatıyla ilgili konulara yer verilmektedir.","Fazileti
  Hz. Peygamber, “Cuma günü Hûd sûresini okuyunuz” (Dârimî, “Fezâilü’l-Kur’ân”, 17) buyurarak sûrenin faziletine, “Hûd sûresi ve kardeşleri beni ihtiyarlattı” meâlindeki hadisiyle de ağır sorumlulukları hatırlatan bir içeriğe işaret etmektedir. Hûd sûresinin kardeşleri aynı hadisin devamında “Vâkıa, Hâkka, Mürselât, Nebe’ ve Tekvîr” sûreleri olarak belirtilmiştir (Tirmizî, “Tefsîr”, 57/3297; ayrıca bk. Şevkânî, II, 544; Kurtubî, XI, 1). Bu sûrelerde çok etkileyici bir üslûpla daha önceki peygamberlerin tevhid mücadelesinden kesitler verilmiş ve kıyamet sahnelerinin tasvir edilmiş olmasının Resûlullah’ı kendi sorumluluğu ve özellikle ümmetinin geleceği açısından derinden düşündürmüş olduğu anlaşılmaktadır.","['https://kuran.diyanet.gov.tr/tefsir/H%C3%BBd-suresi/1474/1-ayet-tefsiri', 'https://kuran.diyanet.gov.tr/tefsir/H%C3%BBd-suresi/1475/2-3-ayet-tefsiri', 'https://kuran.diyanet.gov.tr/tefsir/H%C3%BBd-suresi/1477/4-ayet-tefsiri', 'https://kuran.diyanet.gov.tr/tefsir/H%C3%BBd-suresi/1478/5-ayet-tefsiri', 'https://kuran.diyanet.gov.tr/tefsir/H%C3%BBd-suresi/1479/6-ayet-tefsiri', 'https://kuran.diyanet.gov.tr/tefsir/H%C3%BBd-suresi/1480/7-ayet-tefsiri', 'https://kuran.diyanet.gov.tr/tefsir/H%C3%BBd-suresi/1481/8-ayet-tefsiri', 'https://kuran.diyanet.gov.tr/tefsir/H%C3%BBd-suresi/1482/9-11-ayet-tefsiri', 'https://kuran.diyanet.gov.tr/tefsir/H%C3%BBd-suresi/1485/12-ayet-tefsiri', 'https://kuran.diyanet.gov.tr/tefsir/H%C3%BBd-suresi/1486/13-14-ayet-tefsiri', 'https://kuran.diyanet.gov.tr/tefsir/H%C3%BBd-suresi/1488/15-16-ayet-tefsiri', 'https://kuran.diyanet.gov.tr/tefsir/H%C3%BBd-suresi/1490/17-ayet-tefsiri', 'https://kuran.diyanet.gov.tr/tefsir/H%C3%BBd-suresi/1491/18-19-ayet-tefsiri', 'https://kuran.diyanet.gov.tr/tefsir/H%C3%BBd-suresi/1493/20-22-ayet-tefsiri', 'https://kuran.diyanet.gov.tr/tefsir/H%C3%BBd-suresi/1496/23-24-ayet-tefsiri', 'https://kuran.diyanet.gov.tr/tefsir/H%C3%BBd-suresi/1498/25-26-ayet-tefsiri', 'https://kuran.diyanet.gov.tr/tefsir/H%C3%BBd-suresi/1500/27-ayet-tefsiri', 'https://kuran.diyanet.gov.tr/tefsir/H%C3%BBd-suresi/1501/28-ayet-tefsiri', 'https://kuran.diyanet.gov.tr/tefsir/H%C3%BBd-suresi/1502/29-30-ayet-tefsiri', 'https://kuran.diyanet.gov.tr/tefsir/H%C3%BBd-suresi/1504/31-ayet-tefsiri', 'https://kuran.diyanet.gov.tr/tefsir/H%C3%BBd-suresi/1505/32-34-ayet-tefsiri', 'https://kuran.diyanet.gov.tr/tefsir/H%C3%BBd-suresi/1508/35-ayet-tefsiri', 'https://kuran.diyanet.gov.tr/tefsir/H%C3%BBd-suresi/1509/36-37-ayet-tefsiri', 'https://kuran.diyanet.gov.tr/tefsir/H%C3%BBd-suresi/1511/38-39-ayet-tefsiri', 'https://kuran.diyanet.gov.tr/tefsir/H%C3%BBd-suresi/1513/40-ayet-tefsiri', 'https://kuran.diyanet.gov.tr/tefsir/H%C3%BBd-suresi/1514/41-ayet-tefsiri', 'https://kuran.diyanet.gov.tr/tefsir/H%C3%BBd-suresi/1515/42-43-ayet-tefsiri', 'https://kuran.diyanet.gov.tr/tefsir/H%C3%BBd-suresi/1517/44-ayet-tefsiri', 'https://kuran.diyanet.gov.tr/tefsir/H%C3%BBd-suresi/1518/45-47-ayet-tefsiri', 'https://kuran.diyanet.gov.tr/tefsir/H%C3%BBd-suresi/1521/48-ayet-tefsiri', 'https://kuran.diyanet.gov.tr/tefsir/H%C3%BBd-suresi/1522/49-ayet-tefsiri', 'https://kuran.diyanet.gov.tr/tefsir/H%C3%BBd-suresi/1523/50-51-ayet-tefsiri', 'https://kuran.diyanet.gov.tr/tefsir/H%C3%BBd-suresi/1525/52-ayet-tefsiri', 'https://kuran.diyanet.gov.tr/tefsir/H%C3%BBd-suresi/1526/53-56-ayet-tefsiri', 'https://kuran.diyanet.gov.tr/tefsir/H%C3%BBd-suresi/1527/53-56-ayet-tefsiri', 'https://kuran.diyanet.gov.tr/tefsir/H%C3%BBd-suresi/1530/57-ayet-tefsiri', 'https://kuran.diyanet.gov.tr/tefsir/H%C3%BBd-suresi/1531/58-ayet-tefsiri', 'https://kuran.diyanet.gov.tr/tefsir/H%C3%BBd-suresi/1532/59-60-ayet-tefsiri', 'https://kuran.diyanet.gov.tr/tefsir/H%C3%BBd-suresi/1534/61-62-ayet-tefsiri', 'https://kuran.diyanet.gov.tr/tefsir/H%C3%BBd-suresi/1536/63-ayet-tefsiri', 'https://kuran.diyanet.gov.tr/tefsir/H%C3%BBd-suresi/1537/64-65-ayet-tefsiri', 'https://kuran.diyanet.gov.tr/tefsir/H%C3%BBd-suresi/1539/66-68-ayet-tefsiri', 'https://kuran.diyanet.gov.tr/tefsir/H%C3%BBd-suresi/1542/69-73-ayet-tefsiri', 'https://kuran.diyanet.gov.tr/tefsir/H%C3%BBd-suresi/1547/74-76-ayet-tefsiri', 'https://kuran.diyanet.gov.tr/tefsir/H%C3%BBd-suresi/1550/77-78-ayet-tefsiri', 'https://kuran.diyanet.gov.tr/tefsir/H%C3%BBd-suresi/1552/79-80-ayet-tefsiri', 'https://kuran.diyanet.gov.tr/tefsir/H%C3%BBd-suresi/1554/81-83-ayet-tefsiri', 'https://kuran.diyanet.gov.tr/tefsir/H%C3%BBd-suresi/1557/84-86-ayet-tefsiri', 'https://kuran.diyanet.gov.tr/tefsir/H%C3%BBd-suresi/1560/87-ayet-tefsiri', 'https://kuran.diyanet.gov.tr/tefsir/H%C3%BBd-suresi/1561/88-ayet-tefsiri', 'https://kuran.diyanet.gov.tr/tefsir/H%C3%BBd-suresi/1562/89-90-ayet-tefsiri', 'https://kuran.diyanet.gov.tr/tefsir/H%C3%BBd-suresi/1564/91-ayet-tefsiri', 'https://kuran.diyanet.gov.tr/tefsir/H%C3%BBd-suresi/1565/92-93-ayet-tefsiri', 'https://kuran.diyanet.gov.tr/tefsir/H%C3%BBd-suresi/1567/94-95-ayet-tefsiri', 'https://kuran.diyanet.gov.tr/tefsir/H%C3%BBd-suresi/1569/96-99-ayet-tefsiri', 'https://kuran.diyanet.gov.tr/tefsir/H%C3%BBd-suresi/1573/100-101-ayet-tefsiri', 'https://kuran.diyanet.gov.tr/tefsir/H%C3%BBd-suresi/1575/102-ayet-tefsiri', 'https://kuran.diyanet.gov.tr/tefsir/H%C3%BBd-suresi/1576/103-ayet-tefsiri', 'https://kuran.diyanet.gov.tr/tefsir/H%C3%BBd-suresi/1577/104-ayet-tefsiri', 'https://kuran.diyanet.gov.tr/tefsir/H%C3%BBd-suresi/1578/105-108-ayet-tefsiri', 'https://kuran.diyanet.gov.tr/tefsir/H%C3%BBd-suresi/1582/109-ayet-tefsiri', 'https://kuran.diyanet.gov.tr/tefsir/H%C3%BBd-suresi/1583/110-111-ayet-tefsiri', 'https://kuran.diyanet.gov.tr/tefsir/H%C3%BBd-suresi/1585/112-ayet-tefsiri', 'https://kuran.diyanet.gov.tr/tefsir/H%C3%BBd-suresi/1586/113-ayet-tefsiri', 'https://kuran.diyanet.gov.tr/tefsir/H%C3%BBd-suresi/1587/114-115-ayet-tefsiri', 'https://kuran.diyanet.gov.tr/tefsir/H%C3%BBd-suresi/1589/116-117-ayet-tefsiri', 'https://kuran.diyanet.gov.tr/tefsir/H%C3%BBd-suresi/1591/118-119-ayet-tefsiri', 'https://kuran.diyanet.gov.tr/tefsir/H%C3%BBd-suresi/1593/120-122-ayet-tefsiri', 'https://kuran.diyanet.gov.tr/tefsir/H%C3%BBd-suresi/1596/123-ayet-tefsiri']"
12,"Hakkında
                    Mekke döneminde inmiştir. 111 âyettir. Bu sûrede Yûsuf Peygamberin hayatta karşılaştığı sıkıntılar ve bunlara sabrederek nasıl başarıya ulaştığı anlatılmakta ve inananlar için faydalı öğütler, önemli mesajlar verilmektedir. Kur’an’da baştan sona kadar bir tek konuyu anlatan tek sûre budur.","Nuzül
  Mushaftaki sıralamada on ikinci, iniş sırasına göre elli üçüncü sûredir. Hûd sûresinden sonra, Hicr sûresinden önce Mekke’de nâzil olmuştur.Yahudilerin telkini ile Mekke müşriklerinin Hz. Peygamber’e, “İsrâiloğulları Mısır’a niçin gittiler?” şeklindeki sorusuna cevap olarak veya müslümanların Resûlullah’tan bir kıssa anlatmasını istemeleri üzerine indiği rivayet edilmiştir. Ancak Muhammed b. İshak’a göre sûrenin nüzûl sebebi, kavmi tarafından zulme uğramış olan Hz. Peygamber’i teselli etmektir (Elmalılı, IV, 2841). Kavminin baskıları ve işkenceleri karşısında Resûl-i Ekrem ve arkadaşları bunalmışlardı; bu bunalımdan bir çıkış yolu arıyorlardı. Böyle sıkıntılı bir anda bu sûrenin inmesi, müslümanlara bir teselli ve müjde olmuştur. Zira kıssanın kahramanı olan Hz. Yûsuf da Filistin’de kardeşlerinin bazı kötülüklerine mâruz kalmıştı. Fakat sonunda o, Mısır’da devlet yönetiminde söz sahibi oldu, kardeşleri de bu devletin yönetiminde görevlendirildiler. Bu sûrede anlatılan kıssa da, dolaylı olarak Hz. Muhammed ve arkadaşlarına, sabrettikleri takdirde Hz. Yûsuf’a verilmiş olan mükâfatın bir benzerinin onlara da verileceğini ve Kureyşliler’in kendilerine boyun eğeceğini müjdelemektedir. Nitekim kavminin baskısı neticesinde Medine’ye göç etmiş olan Resûlullah sekiz sene sonra Mekke’yi fethetmiş ve Kureyşliler ona boyun eğmiştir. Ancak Hz. Peygamber Kureyşliler’e, Hz. Yûsuf’un Mısır’da kardeşlerine söylediği sözün aynısını söylemiş ve şöyle demiştir: “Bugün sizi kınamak yok, Allah sizi affetsin! O, merhametlilerin en merhametlisidir” (İbn Sa‘d, Tabakāt, II, 142). “Gidiniz, hepiniz serbestsiniz!” (İbn Kesîr, es-Sîre, III, 570). Muhtevasına ve işaret ettiği konulara bakıldığında sûrenin, hicretin arifesinde meydana gelen olaylar esnasında, yani Kureyş’in Hz. Peygamber’i öldürme, sürgün etme veya hapsetme planlarını tasarladığı sırada ve bir defada inmiş olduğu anlaşılmaktadır.","Konusu
  İlk üç âyette bu sûredeki âyetlerin Kur’an-ı Kerîm’in âyetleri olduğu, Kur’an’ın Arap diliyle indirildiği ve bu sûrede kıssaların en güzelinin anlatılacağı bildirilmektedir. Bundan sonra 101. âyete kadar Hz. Yûsuf’un kıssası anlatılmıştır. Kıssada Hz. Yûsuf’un, kardeşleri tarafından kuyuya atılması, onu kuyudan çıkaran kafile tarafından Mısır’da köle olarak satılması, bir iftira sonucu cezaevine girmesi, Mısır kralının gördüğü rüyayı yorumlaması neticesinde cezaevinden çıkarılıp maliyeden sorumlu yüksek düzeyde yöneticiliğe getirilmesi, uzun süreli bir ayrılıktan sonra babası ve kardeşleriyle tekrar buluşması gibi konular ele alınmıştır. Daha sonraki âyetlerde ise müminlere müjde ve öğütler verilmektedir. Kur’an-ı Kerîm’deki kıssalar bazı hikmetlere dayanmaktadır. Özellikle peygamberlerin kıssaları, alınması gereken ibretlerle doludur. Nitekim bu sûrenin son âyetinde yüce Allah şöyle buyurmaktadır: “Andolsun onların kıssalarında akıl sahipleri için ibretler vardır.” Hz. Yûsuf’un kıssası hakkında da şöyle buyurmuştur: “Andolsun ki Yûsuf ve kardeşle­rinde, almak isteyenler için ibretler vardır” (Yûsuf 12/7).",Fazileti,"['https://kuran.diyanet.gov.tr/tefsir/Y%C3%BBsuf-suresi/1597/1-ayet-tefsiri', 'https://kuran.diyanet.gov.tr/tefsir/Y%C3%BBsuf-suresi/1598/2-ayet-tefsiri', 'https://kuran.diyanet.gov.tr/tefsir/Y%C3%BBsuf-suresi/1599/3-ayet-tefsiri', 'https://kuran.diyanet.gov.tr/tefsir/Y%C3%BBsuf-suresi/1600/4-6-ayet-tefsiri', 'https://kuran.diyanet.gov.tr/tefsir/Y%C3%BBsuf-suresi/1603/7-8-ayet-tefsiri', 'https://kuran.diyanet.gov.tr/tefsir/Y%C3%BBsuf-suresi/1605/9-10-ayet-tefsiri', 'https://kuran.diyanet.gov.tr/tefsir/Y%C3%BBsuf-suresi/1607/11-14-ayet-tefsiri', 'https://kuran.diyanet.gov.tr/tefsir/Y%C3%BBsuf-suresi/1611/15-ayet-tefsiri', 'https://kuran.diyanet.gov.tr/tefsir/Y%C3%BBsuf-suresi/1612/16-18-ayet-tefsiri', 'https://kuran.diyanet.gov.tr/tefsir/Y%C3%BBsuf-suresi/1615/19-ayet-tefsiri', 'https://kuran.diyanet.gov.tr/tefsir/Y%C3%BBsuf-suresi/1616/20-ayet-tefsiri', 'https://kuran.diyanet.gov.tr/tefsir/Y%C3%BBsuf-suresi/1617/21-ayet-tefsiri', 'https://kuran.diyanet.gov.tr/tefsir/Y%C3%BBsuf-suresi/1618/22-ayet-tefsiri', 'https://kuran.diyanet.gov.tr/tefsir/Y%C3%BBsuf-suresi/1619/23-ayet-tefsiri', 'https://kuran.diyanet.gov.tr/tefsir/Y%C3%BBsuf-suresi/1620/24-ayet-tefsiri', 'https://kuran.diyanet.gov.tr/tefsir/Y%C3%BBsuf-suresi/1621/25-ayet-tefsiri', 'https://kuran.diyanet.gov.tr/tefsir/Y%C3%BBsuf-suresi/1622/26-27-ayet-tefsiri', 'https://kuran.diyanet.gov.tr/tefsir/Y%C3%BBsuf-suresi/1624/28-29-ayet-tefsiri', 'https://kuran.diyanet.gov.tr/tefsir/Y%C3%BBsuf-suresi/1626/30-32-ayet-tefsiri', 'https://kuran.diyanet.gov.tr/tefsir/Y%C3%BBsuf-suresi/1629/33-ayet-tefsiri', 'https://kuran.diyanet.gov.tr/tefsir/Y%C3%BBsuf-suresi/1630/34-ayet-tefsiri', 'https://kuran.diyanet.gov.tr/tefsir/Y%C3%BBsuf-suresi/1631/35-ayet-tefsiri', 'https://kuran.diyanet.gov.tr/tefsir/Y%C3%BBsuf-suresi/1632/36-ayet-tefsiri', 'https://kuran.diyanet.gov.tr/tefsir/Y%C3%BBsuf-suresi/1633/37-38-ayet-tefsiri', 'https://kuran.diyanet.gov.tr/tefsir/Y%C3%BBsuf-suresi/1635/39-41-ayet-tefsiri', 'https://kuran.diyanet.gov.tr/tefsir/Y%C3%BBsuf-suresi/1638/42-ayet-tefsiri', 'https://kuran.diyanet.gov.tr/tefsir/Y%C3%BBsuf-suresi/1639/43-ayet-tefsiri', 'https://kuran.diyanet.gov.tr/tefsir/Y%C3%BBsuf-suresi/1640/44-ayet-tefsiri', 'https://kuran.diyanet.gov.tr/tefsir/Y%C3%BBsuf-suresi/1641/45-46-ayet-tefsiri', 'https://kuran.diyanet.gov.tr/tefsir/Y%C3%BBsuf-suresi/1643/47-ayet-tefsiri', 'https://kuran.diyanet.gov.tr/tefsir/Y%C3%BBsuf-suresi/1644/48-ayet-tefsiri', 'https://kuran.diyanet.gov.tr/tefsir/Y%C3%BBsuf-suresi/1645/49-ayet-tefsiri', 'https://kuran.diyanet.gov.tr/tefsir/Y%C3%BBsuf-suresi/1646/50-ayet-tefsiri', 'https://kuran.diyanet.gov.tr/tefsir/Y%C3%BBsuf-suresi/1647/51-ayet-tefsiri', 'https://kuran.diyanet.gov.tr/tefsir/Y%C3%BBsuf-suresi/1648/52-53-ayet-tefsiri', 'https://kuran.diyanet.gov.tr/tefsir/Y%C3%BBsuf-suresi/1650/54-55-ayet-tefsiri', 'https://kuran.diyanet.gov.tr/tefsir/Y%C3%BBsuf-suresi/1652/56-ayet-tefsiri', 'https://kuran.diyanet.gov.tr/tefsir/Y%C3%BBsuf-suresi/1653/57-ayet-tefsiri', 'https://kuran.diyanet.gov.tr/tefsir/Y%C3%BBsuf-suresi/1654/58-ayet-tefsiri', 'https://kuran.diyanet.gov.tr/tefsir/Y%C3%BBsuf-suresi/1655/59-60-ayet-tefsiri', 'https://kuran.diyanet.gov.tr/tefsir/Y%C3%BBsuf-suresi/1657/61-62-ayet-tefsiri', 'https://kuran.diyanet.gov.tr/tefsir/Y%C3%BBsuf-suresi/1659/63-ayet-tefsiri', 'https://kuran.diyanet.gov.tr/tefsir/Y%C3%BBsuf-suresi/1660/64-ayet-tefsiri', 'https://kuran.diyanet.gov.tr/tefsir/Y%C3%BBsuf-suresi/1661/65-ayet-tefsiri', 'https://kuran.diyanet.gov.tr/tefsir/Y%C3%BBsuf-suresi/1662/66-ayet-tefsiri', 'https://kuran.diyanet.gov.tr/tefsir/Y%C3%BBsuf-suresi/1663/67-ayet-tefsiri', 'https://kuran.diyanet.gov.tr/tefsir/Y%C3%BBsuf-suresi/1664/68-ayet-tefsiri', 'https://kuran.diyanet.gov.tr/tefsir/Y%C3%BBsuf-suresi/1665/69-ayet-tefsiri', 'https://kuran.diyanet.gov.tr/tefsir/Y%C3%BBsuf-suresi/1666/70-ayet-tefsiri', 'https://kuran.diyanet.gov.tr/tefsir/Y%C3%BBsuf-suresi/1667/71-ayet-tefsiri', 'https://kuran.diyanet.gov.tr/tefsir/Y%C3%BBsuf-suresi/1668/72-ayet-tefsiri', 'https://kuran.diyanet.gov.tr/tefsir/Y%C3%BBsuf-suresi/1669/73-ayet-tefsiri', 'https://kuran.diyanet.gov.tr/tefsir/Y%C3%BBsuf-suresi/1670/74-75-ayet-tefsiri', 'https://kuran.diyanet.gov.tr/tefsir/Y%C3%BBsuf-suresi/1672/76-ayet-tefsiri', 'https://kuran.diyanet.gov.tr/tefsir/Y%C3%BBsuf-suresi/1673/77-ayet-tefsiri', 'https://kuran.diyanet.gov.tr/tefsir/Y%C3%BBsuf-suresi/1674/78-79-ayet-tefsiri', 'https://kuran.diyanet.gov.tr/tefsir/Y%C3%BBsuf-suresi/1676/80-82-ayet-tefsiri', 'https://kuran.diyanet.gov.tr/tefsir/Y%C3%BBsuf-suresi/1679/83-ayet-tefsiri', 'https://kuran.diyanet.gov.tr/tefsir/Y%C3%BBsuf-suresi/1680/84-ayet-tefsiri', 'https://kuran.diyanet.gov.tr/tefsir/Y%C3%BBsuf-suresi/1681/85-ayet-tefsiri', 'https://kuran.diyanet.gov.tr/tefsir/Y%C3%BBsuf-suresi/1682/86-ayet-tefsiri', 'https://kuran.diyanet.gov.tr/tefsir/Y%C3%BBsuf-suresi/1683/87-ayet-tefsiri', 'https://kuran.diyanet.gov.tr/tefsir/Y%C3%BBsuf-suresi/1684/88-ayet-tefsiri', 'https://kuran.diyanet.gov.tr/tefsir/Y%C3%BBsuf-suresi/1685/89-92-ayet-tefsiri', 'https://kuran.diyanet.gov.tr/tefsir/Y%C3%BBsuf-suresi/1689/93-ayet-tefsiri', 'https://kuran.diyanet.gov.tr/tefsir/Y%C3%BBsuf-suresi/1690/94-ayet-tefsiri', 'https://kuran.diyanet.gov.tr/tefsir/Y%C3%BBsuf-suresi/1691/95-ayet-tefsiri', 'https://kuran.diyanet.gov.tr/tefsir/Y%C3%BBsuf-suresi/1692/96-ayet-tefsiri', 'https://kuran.diyanet.gov.tr/tefsir/Y%C3%BBsuf-suresi/1693/97-98-ayet-tefsiri', 'https://kuran.diyanet.gov.tr/tefsir/Y%C3%BBsuf-suresi/1695/99-ayet-tefsiri', 'https://kuran.diyanet.gov.tr/tefsir/Y%C3%BBsuf-suresi/1696/100-ayet-tefsiri', 'https://kuran.diyanet.gov.tr/tefsir/Y%C3%BBsuf-suresi/1697/101-ayet-tefsiri', 'https://kuran.diyanet.gov.tr/tefsir/Y%C3%BBsuf-suresi/1698/102-ayet-tefsiri', 'https://kuran.diyanet.gov.tr/tefsir/Y%C3%BBsuf-suresi/1699/103-ayet-tefsiri', 'https://kuran.diyanet.gov.tr/tefsir/Y%C3%BBsuf-suresi/1700/104-ayet-tefsiri', 'https://kuran.diyanet.gov.tr/tefsir/Y%C3%BBsuf-suresi/1701/105-ayet-tefsiri', 'https://kuran.diyanet.gov.tr/tefsir/Y%C3%BBsuf-suresi/1702/106-ayet-tefsiri', 'https://kuran.diyanet.gov.tr/tefsir/Y%C3%BBsuf-suresi/1703/107-ayet-tefsiri', 'https://kuran.diyanet.gov.tr/tefsir/Y%C3%BBsuf-suresi/1704/108-ayet-tefsiri', 'https://kuran.diyanet.gov.tr/tefsir/Y%C3%BBsuf-suresi/1705/109-ayet-tefsiri', 'https://kuran.diyanet.gov.tr/tefsir/Y%C3%BBsuf-suresi/1706/110-ayet-tefsiri', 'https://kuran.diyanet.gov.tr/tefsir/Y%C3%BBsuf-suresi/1707/111-ayet-tefsiri']"
13,"Hakkında
                    Mekke döneminde inmiştir. 43 âyettir. Sûre, adını 13. âyette geçen “Ra’d” kelimesinde nalmıştır. “Ra’d” gök gürültüsü demektir. Sûrede başlıca Allah’ın birliği, peygamberlik, öldükten sonra dirilmek ve hesap ile müşriklerin İslâm hakkında ortaya attıkları şüpheler konu edilmektedir.","Nuzül
  Mushaftaki sıralamada on üçüncü, iniş sırasına göre doksan altıncı sûredir. Muhammed sûresinden sonra, Rahmân sûresinden önce nâzil olmuştur; Mekke’de mi Medine’de mi indiği hakkında farklı rivayet ve tesbitler vardır. Mushaftaki tertibe göre sûrenin Mekke’de inmiş olan ve hurûf-i mukattaa ile başlayan sûrelerin arasına yerleştirilmiş olması, üslûbunun Mekkî sûrelere benzemesi, muhtevasında tevhid ilkeleri, müşriklerin kınanması ve yerilmesi gibi konuların yer alması sebebiyle Mekke’de inmiş olduğu rivayeti tercih edilmiştir; 31-32. âyetlerinin Mekke’de, diğerlerinin ise Medine’de indiğini, ayrıca tamamının Medine döneminde geldiğini söyleyenler de vardır.","Konusu
  Ra‘d sûresinde Allah’ın varlığı, birliği, ilmi ve kudretinin aklî delillerle ispatı; evrenin sahibi ve ondaki tasarruf hususunda tek yetkili oluşu, bu sebeple ibadete lâyık ve müstahak tek mâbud oluşu, peygamberlik ve peygamberlerin doğrulukları, evlenme, çocuk sahibi olma gibi bazı nitelikleri, vahiy ve Kur’an-ı Kerîm’in hak oluşu, Kur’an’ın özellikleri, öldükten sonra dirilme, hesap verme, cennet ve cehennem, samimi müminlerin özellikleri, müşriklerin ortaya attığı şüpheler ve bunlara verilen cevaplar, Ehl-i kitabın Kur’an karşısındaki tutumu ile toplumların kaderini etkileyecek derecede önemli birçok ahlâkî konu, tabiat olayları ve gök cisimleri arasındaki ilâhî nizam vb. konular ele alınmıştır.",Fazileti,"[""https://kuran.diyanet.gov.tr/tefsir/Ra'd-suresi/1708/1-ayet-tefsiri"", ""https://kuran.diyanet.gov.tr/tefsir/Ra'd-suresi/1709/2-ayet-tefsiri"", ""https://kuran.diyanet.gov.tr/tefsir/Ra'd-suresi/1710/3-ayet-tefsiri"", ""https://kuran.diyanet.gov.tr/tefsir/Ra'd-suresi/1711/4-ayet-tefsiri"", ""https://kuran.diyanet.gov.tr/tefsir/Ra'd-suresi/1712/5-ayet-tefsiri"", ""https://kuran.diyanet.gov.tr/tefsir/Ra'd-suresi/1713/6-ayet-tefsiri"", ""https://kuran.diyanet.gov.tr/tefsir/Ra'd-suresi/1714/7-ayet-tefsiri"", ""https://kuran.diyanet.gov.tr/tefsir/Ra'd-suresi/1715/8-10-ayet-tefsiri"", ""https://kuran.diyanet.gov.tr/tefsir/Ra'd-suresi/1718/11-ayet-tefsiri"", ""https://kuran.diyanet.gov.tr/tefsir/Ra'd-suresi/1719/12-13-ayet-tefsiri"", ""https://kuran.diyanet.gov.tr/tefsir/Ra'd-suresi/1721/14-ayet-tefsiri"", ""https://kuran.diyanet.gov.tr/tefsir/Ra'd-suresi/1722/15-ayet-tefsiri"", ""https://kuran.diyanet.gov.tr/tefsir/Ra'd-suresi/1723/16-ayet-tefsiri"", ""https://kuran.diyanet.gov.tr/tefsir/Ra'd-suresi/1724/17-ayet-tefsiri"", ""https://kuran.diyanet.gov.tr/tefsir/Ra'd-suresi/1725/18-ayet-tefsiri"", ""https://kuran.diyanet.gov.tr/tefsir/Ra'd-suresi/1726/19-22-ayet-tefsiri"", ""https://kuran.diyanet.gov.tr/tefsir/Ra'd-suresi/1730/23-24-ayet-tefsiri"", ""https://kuran.diyanet.gov.tr/tefsir/Ra'd-suresi/1732/25-26-ayet-tefsiri"", ""https://kuran.diyanet.gov.tr/tefsir/Ra'd-suresi/1734/27-28-ayet-tefsiri"", ""https://kuran.diyanet.gov.tr/tefsir/Ra'd-suresi/1736/29-ayet-tefsiri"", ""https://kuran.diyanet.gov.tr/tefsir/Ra'd-suresi/1737/30-ayet-tefsiri"", ""https://kuran.diyanet.gov.tr/tefsir/Ra'd-suresi/1738/31-ayet-tefsiri"", ""https://kuran.diyanet.gov.tr/tefsir/Ra'd-suresi/1739/32-ayet-tefsiri"", ""https://kuran.diyanet.gov.tr/tefsir/Ra'd-suresi/1740/33-ayet-tefsiri"", ""https://kuran.diyanet.gov.tr/tefsir/Ra'd-suresi/1741/34-ayet-tefsiri"", ""https://kuran.diyanet.gov.tr/tefsir/Ra'd-suresi/1742/35-ayet-tefsiri"", ""https://kuran.diyanet.gov.tr/tefsir/Ra'd-suresi/1743/36-ayet-tefsiri"", ""https://kuran.diyanet.gov.tr/tefsir/Ra'd-suresi/1744/37-ayet-tefsiri"", ""https://kuran.diyanet.gov.tr/tefsir/Ra'd-suresi/1745/38-ayet-tefsiri"", ""https://kuran.diyanet.gov.tr/tefsir/Ra'd-suresi/1746/39-ayet-tefsiri"", ""https://kuran.diyanet.gov.tr/tefsir/Ra'd-suresi/1747/40-ayet-tefsiri"", ""https://kuran.diyanet.gov.tr/tefsir/Ra'd-suresi/1748/41-ayet-tefsiri"", ""https://kuran.diyanet.gov.tr/tefsir/Ra'd-suresi/1749/42-ayet-tefsiri"", ""https://kuran.diyanet.gov.tr/tefsir/Ra'd-suresi/1750/43-ayet-tefsiri""]"
14,"Hakkında
                    Mekke döneminde inmiştir. 52 âyettir. İçinde Hz. İbrahim’den ve ailesinden söz edildiği için bu adı almıştır. Sûre de başlıca imanın temel konuları olan Allah’a iman, peygamberlere iman, öldükten sonra dirilme ve hesap ele alınmaktadır.","Nuzül
  Mushaftaki sıralamada on dördüncü, iniş sırasına göre yetmiş ikinci sûredir. Nûh sûresinden sonra, Enbiyâ sûresinden önce nâzil olmuştur. Müfessirlerin çoğunluğuna göre sûrenin tamamı Mekke döneminde inmiştir; 28 ve 29. âyetlerin Medine döneminde Bedir Savaşı’na katılan müşrikler hakkında indiğine dair rivayetler de vardır (Taberî, XIII, 219-223).Adı Sûre adını, 35-41. âyetlerde ismine ve dualarına yer verilen Hz. İbrâhim’den almıştır.","Konusu
  Sûre Allah’ın varlığı ve birliği, vahiy, peygamberler, öldükten sonra dirilme ve sorgulanma gibi temel inanç konularını ana hatlarıyla içermektedir. Bu çerçevede getirilen deliller, insanların aydınlatılması için indirilmiş olan vahiy, insanları Allah yolundan alıkoyanların kınanması, peygamberlerin görevleri, Hz. Mûsâ’nın peygamberliği ve kıssasından bazı kesitler, peygamberlere karşı olumsuz tavır takınanların başlarına gelen sıkıntılar, Allah’a güvenme ve itaat etmenin önemi, âhiret halleri, inkârcıların dünyadaki amellerinin değeri, âhirette şeytanın suçlulara karşı tavrı, orada müminlere verilen mükâfat, inkârcılara verilen ceza, Hz. İbrâhim’in duası, son olarak Kur’an’ın insanlığa gönderilmiş bir mesaj oluşu gibi konulara da temas edilmiştir.",Fazileti,"['https://kuran.diyanet.gov.tr/tefsir/%C4%B0br%C3%A2h%C3%AEm-suresi/1751/1-2-ayet-tefsiri', 'https://kuran.diyanet.gov.tr/tefsir/%C4%B0br%C3%A2h%C3%AEm-suresi/1753/3-ayet-tefsiri', 'https://kuran.diyanet.gov.tr/tefsir/%C4%B0br%C3%A2h%C3%AEm-suresi/1754/4-ayet-tefsiri', 'https://kuran.diyanet.gov.tr/tefsir/%C4%B0br%C3%A2h%C3%AEm-suresi/1755/5-6-ayet-tefsiri', 'https://kuran.diyanet.gov.tr/tefsir/%C4%B0br%C3%A2h%C3%AEm-suresi/1757/7-8-ayet-tefsiri', 'https://kuran.diyanet.gov.tr/tefsir/%C4%B0br%C3%A2h%C3%AEm-suresi/1759/9-ayet-tefsiri', 'https://kuran.diyanet.gov.tr/tefsir/%C4%B0br%C3%A2h%C3%AEm-suresi/1760/10-12-ayet-tefsiri', 'https://kuran.diyanet.gov.tr/tefsir/%C4%B0br%C3%A2h%C3%AEm-suresi/1763/13-14-ayet-tefsiri', 'https://kuran.diyanet.gov.tr/tefsir/%C4%B0br%C3%A2h%C3%AEm-suresi/1765/15-17-ayet-tefsiri', 'https://kuran.diyanet.gov.tr/tefsir/%C4%B0br%C3%A2h%C3%AEm-suresi/1768/18-ayet-tefsiri', 'https://kuran.diyanet.gov.tr/tefsir/%C4%B0br%C3%A2h%C3%AEm-suresi/1769/19-20-ayet-tefsiri', 'https://kuran.diyanet.gov.tr/tefsir/%C4%B0br%C3%A2h%C3%AEm-suresi/1771/21-ayet-tefsiri', 'https://kuran.diyanet.gov.tr/tefsir/%C4%B0br%C3%A2h%C3%AEm-suresi/1772/22-ayet-tefsiri', 'https://kuran.diyanet.gov.tr/tefsir/%C4%B0br%C3%A2h%C3%AEm-suresi/1773/23-ayet-tefsiri', 'https://kuran.diyanet.gov.tr/tefsir/%C4%B0br%C3%A2h%C3%AEm-suresi/1774/24-25-ayet-tefsiri', 'https://kuran.diyanet.gov.tr/tefsir/%C4%B0br%C3%A2h%C3%AEm-suresi/1776/26-ayet-tefsiri', 'https://kuran.diyanet.gov.tr/tefsir/%C4%B0br%C3%A2h%C3%AEm-suresi/1777/27-ayet-tefsiri', 'https://kuran.diyanet.gov.tr/tefsir/%C4%B0br%C3%A2h%C3%AEm-suresi/1778/28-29-ayet-tefsiri', 'https://kuran.diyanet.gov.tr/tefsir/%C4%B0br%C3%A2h%C3%AEm-suresi/1780/30-ayet-tefsiri', 'https://kuran.diyanet.gov.tr/tefsir/%C4%B0br%C3%A2h%C3%AEm-suresi/1781/31-ayet-tefsiri', 'https://kuran.diyanet.gov.tr/tefsir/%C4%B0br%C3%A2h%C3%AEm-suresi/1782/32-34-ayet-tefsiri', 'https://kuran.diyanet.gov.tr/tefsir/%C4%B0br%C3%A2h%C3%AEm-suresi/1785/35-41-ayet-tefsiri', 'https://kuran.diyanet.gov.tr/tefsir/%C4%B0br%C3%A2h%C3%AEm-suresi/1792/42-43-ayet-tefsiri', 'https://kuran.diyanet.gov.tr/tefsir/%C4%B0br%C3%A2h%C3%AEm-suresi/1794/44-45-ayet-tefsiri', 'https://kuran.diyanet.gov.tr/tefsir/%C4%B0br%C3%A2h%C3%AEm-suresi/1796/46-47-ayet-tefsiri', 'https://kuran.diyanet.gov.tr/tefsir/%C4%B0br%C3%A2h%C3%AEm-suresi/1798/48-ayet-tefsiri', 'https://kuran.diyanet.gov.tr/tefsir/%C4%B0br%C3%A2h%C3%AEm-suresi/1799/49-50-ayet-tefsiri', 'https://kuran.diyanet.gov.tr/tefsir/%C4%B0br%C3%A2h%C3%AEm-suresi/1801/51-ayet-tefsiri', 'https://kuran.diyanet.gov.tr/tefsir/%C4%B0br%C3%A2h%C3%AEm-suresi/1802/52-ayet-tefsiri']"
15,"Hakkında
                    Mekke döneminde inmiştir. 99 âyettir. Sûre, adını 80. âyette geçen “Hicr” kelimesinden almıştır. Hicr, Medine’nin kuzeyinde vaktiyle Semûd kavminin yaşadığı bir yerin adıdır. Sûre de başlıca Allah’ın birliği, peygamberlik, öldükten sonra dirilme ve hesap konuları; peygamberlerin, çeşitli zamanlarda azgınlara ve inkârcılara karşı verdikleri mücadeleler çerçevesinde ele alınmaktadır. Bu sûre de ayrıca ilâhî kitapların kendisiyle kemale erdiği Kur’an’ın, her türlü tahriften korunacağı hükmü de yer almaktadır.","Nuzül
  Mushaftaki sıralamada on beşinci, iniş sırasına göre elli dördüncü sûredir. Yûsuf sûresinden sonra, En‘âm sûresinden önce Mekke döneminde, müşriklerin Hz. Peygamber’e ve müslümanlara yaptıkları baskıların şiddetlendiği yıllarda nâzil olmuştur (bk. âyet 94). İbn Âşûr’a göre (XIII, 6) bi‘setin (Hz. Peygamber’e vahyin gelmeye başlamasının) dördüncü yılının sonunda inmiştir. 87. âyetin Medine’de indiği yolundaki bilgi itimada şayan görülmemektedir.","Konusu
  Sûrenin ilk konusu Kur’an, vahiy ve peygamberliktir. Daha sonra insanın beden ve ruh varlığının yaratılış süreci ile İblîs’in Allah’tan gelen secde buyruğuna uymaması anlatılır. İyilerin uhrevî mükâfatları, Allah’ın rahmetinin genişliği; Hz. İbrâhim ve Lût ile Eyke halkı ve Hicr halkıyla ilgili kısa bilgiler, Hz. Peygamber’e ve müminlere verilen müjdeler, inkârcılara yapılan uyarılar sûrenin belli başlı konularıdır.",Fazileti,"['https://kuran.diyanet.gov.tr/tefsir/Hicr-suresi/1803/1-ayet-tefsiri', 'https://kuran.diyanet.gov.tr/tefsir/Hicr-suresi/1804/2-ayet-tefsiri', 'https://kuran.diyanet.gov.tr/tefsir/Hicr-suresi/1805/3-ayet-tefsiri', 'https://kuran.diyanet.gov.tr/tefsir/Hicr-suresi/1806/4-5-ayet-tefsiri', 'https://kuran.diyanet.gov.tr/tefsir/Hicr-suresi/1808/6-ayet-tefsiri', 'https://kuran.diyanet.gov.tr/tefsir/Hicr-suresi/1809/7-ayet-tefsiri', 'https://kuran.diyanet.gov.tr/tefsir/Hicr-suresi/1810/8-ayet-tefsiri', 'https://kuran.diyanet.gov.tr/tefsir/Hicr-suresi/1811/9-ayet-tefsiri', 'https://kuran.diyanet.gov.tr/tefsir/Hicr-suresi/1812/10-11-ayet-tefsiri', 'https://kuran.diyanet.gov.tr/tefsir/Hicr-suresi/1814/12-13-ayet-tefsiri', 'https://kuran.diyanet.gov.tr/tefsir/Hicr-suresi/1816/14-15-ayet-tefsiri', 'https://kuran.diyanet.gov.tr/tefsir/Hicr-suresi/1818/16-18-ayet-tefsiri', 'https://kuran.diyanet.gov.tr/tefsir/Hicr-suresi/1821/19-20-ayet-tefsiri', 'https://kuran.diyanet.gov.tr/tefsir/Hicr-suresi/1823/21-ayet-tefsiri', 'https://kuran.diyanet.gov.tr/tefsir/Hicr-suresi/1824/22-ayet-tefsiri', 'https://kuran.diyanet.gov.tr/tefsir/Hicr-suresi/1825/23-ayet-tefsiri', 'https://kuran.diyanet.gov.tr/tefsir/Hicr-suresi/1826/24-25-ayet-tefsiri', 'https://kuran.diyanet.gov.tr/tefsir/Hicr-suresi/1828/26-ayet-tefsiri', 'https://kuran.diyanet.gov.tr/tefsir/Hicr-suresi/1829/27-ayet-tefsiri', 'https://kuran.diyanet.gov.tr/tefsir/Hicr-suresi/1830/28-ayet-tefsiri', 'https://kuran.diyanet.gov.tr/tefsir/Hicr-suresi/1831/29-35-ayet-tefsiri', 'https://kuran.diyanet.gov.tr/tefsir/Hicr-suresi/1838/36-44-ayet-tefsiri', 'https://kuran.diyanet.gov.tr/tefsir/Hicr-suresi/1847/45-48-ayet-tefsiri', 'https://kuran.diyanet.gov.tr/tefsir/Hicr-suresi/1851/49-50-ayet-tefsiri', 'https://kuran.diyanet.gov.tr/tefsir/Hicr-suresi/1853/51-56-ayet-tefsiri', 'https://kuran.diyanet.gov.tr/tefsir/Hicr-suresi/1859/57-60-ayet-tefsiri', 'https://kuran.diyanet.gov.tr/tefsir/Hicr-suresi/1863/61-62-ayet-tefsiri', 'https://kuran.diyanet.gov.tr/tefsir/Hicr-suresi/1865/63-65-ayet-tefsiri', 'https://kuran.diyanet.gov.tr/tefsir/Hicr-suresi/1868/66-ayet-tefsiri', 'https://kuran.diyanet.gov.tr/tefsir/Hicr-suresi/1869/67-72-ayet-tefsiri', 'https://kuran.diyanet.gov.tr/tefsir/Hicr-suresi/1875/73-74-ayet-tefsiri', 'https://kuran.diyanet.gov.tr/tefsir/Hicr-suresi/1877/75-77-ayet-tefsiri', 'https://kuran.diyanet.gov.tr/tefsir/Hicr-suresi/1880/78-79-ayet-tefsiri', 'https://kuran.diyanet.gov.tr/tefsir/Hicr-suresi/1882/80-82-ayet-tefsiri', 'https://kuran.diyanet.gov.tr/tefsir/Hicr-suresi/1885/83-84-ayet-tefsiri', 'https://kuran.diyanet.gov.tr/tefsir/Hicr-suresi/1887/85-ayet-tefsiri', 'https://kuran.diyanet.gov.tr/tefsir/Hicr-suresi/1888/86-ayet-tefsiri', 'https://kuran.diyanet.gov.tr/tefsir/Hicr-suresi/1889/87-ayet-tefsiri', 'https://kuran.diyanet.gov.tr/tefsir/Hicr-suresi/1890/88-ayet-tefsiri', 'https://kuran.diyanet.gov.tr/tefsir/Hicr-suresi/1891/89-ayet-tefsiri', 'https://kuran.diyanet.gov.tr/tefsir/Hicr-suresi/1892/90-ayet-tefsiri', 'https://kuran.diyanet.gov.tr/tefsir/Hicr-suresi/1893/91-93-ayet-tefsiri', 'https://kuran.diyanet.gov.tr/tefsir/Hicr-suresi/1896/94-96-ayet-tefsiri', 'https://kuran.diyanet.gov.tr/tefsir/Hicr-suresi/1899/97-ayet-tefsiri', 'https://kuran.diyanet.gov.tr/tefsir/Hicr-suresi/1900/98-99-ayet-tefsiri']"
16,"Hakkında
                    Mekke döneminde inmiştir. 128 âyettir. Sûre, adını 68. âyette geçen “en-Nahl” kelimesinden almıştır. “en-Nahl” bal arısı demektir. Sûrede başlıca, kâinatta Allah’ın varlığını ve birliğini gösteren deliller, vahiy, öldükten sonra dirilme gibi konular yer almaktadır","Nuzül
  Mushaftaki sıralamada on altıncı, iniş sırasına göre yetmişinci sûredir. Kehf sûresinden sonra, Nûh sûresinden önce Mekke’de nâzil olmuştur. Sondan üç âyetin Medine’de indiği yolunda rivayetler vardır. Hicretten bahseden 41. âyet ve sonrasının Medine’de indiği yolundaki görüş zayıf bulunmaktadır (41. âyetin tefsirine bk.).","Konusu
  Sûrede ulûhiyyet, vahiy, öldükten sonra dirilme ve Allah’ın huzurunda hesap verme gibi dinin temel konuları ele alınmakta; ardından göklerde ve yerde Allah’ın mutlak kudretinin delilleri gösterilmekte, daha sonra O’nun nimetlerini görüp takdir etmemenin, şükretmemenin sonuçları hatırlatılarak bu hususta insanlar uyarılmakta; adalet, ihsan, sözünde durma, yemin, haram ve helâller, tövbe gibi dinî-ahlâkî konular üzerinde durulmakta; ayrıca Hz. Peygamber’e Allah yoluna davetin yöntemi hatırlatılarak adaletli, sabırlı olması istenmektedir.",Fazileti,"['https://kuran.diyanet.gov.tr/tefsir/Nahl-suresi/1902/1-ayet-tefsiri', 'https://kuran.diyanet.gov.tr/tefsir/Nahl-suresi/1903/2-ayet-tefsiri', 'https://kuran.diyanet.gov.tr/tefsir/Nahl-suresi/1904/3-8-ayet-tefsiri', 'https://kuran.diyanet.gov.tr/tefsir/Nahl-suresi/1910/9-ayet-tefsiri', 'https://kuran.diyanet.gov.tr/tefsir/Nahl-suresi/1911/10-11-ayet-tefsiri', 'https://kuran.diyanet.gov.tr/tefsir/Nahl-suresi/1913/12-13-ayet-tefsiri', 'https://kuran.diyanet.gov.tr/tefsir/Nahl-suresi/1915/14-16-ayet-tefsiri', 'https://kuran.diyanet.gov.tr/tefsir/Nahl-suresi/1918/17-19-ayet-tefsiri', 'https://kuran.diyanet.gov.tr/tefsir/Nahl-suresi/1921/20-21-ayet-tefsiri', 'https://kuran.diyanet.gov.tr/tefsir/Nahl-suresi/1923/22-23-ayet-tefsiri', 'https://kuran.diyanet.gov.tr/tefsir/Nahl-suresi/1925/24-25-ayet-tefsiri', 'https://kuran.diyanet.gov.tr/tefsir/Nahl-suresi/1927/26-ayet-tefsiri', 'https://kuran.diyanet.gov.tr/tefsir/Nahl-suresi/1928/27-ayet-tefsiri', 'https://kuran.diyanet.gov.tr/tefsir/Nahl-suresi/1929/28-29-ayet-tefsiri', 'https://kuran.diyanet.gov.tr/tefsir/Nahl-suresi/1931/30-32-ayet-tefsiri', 'https://kuran.diyanet.gov.tr/tefsir/Nahl-suresi/1934/33-ayet-tefsiri', 'https://kuran.diyanet.gov.tr/tefsir/Nahl-suresi/1935/34-35-ayet-tefsiri', 'https://kuran.diyanet.gov.tr/tefsir/Nahl-suresi/1937/36-ayet-tefsiri', 'https://kuran.diyanet.gov.tr/tefsir/Nahl-suresi/1938/37-ayet-tefsiri', 'https://kuran.diyanet.gov.tr/tefsir/Nahl-suresi/1939/38-39-ayet-tefsiri', 'https://kuran.diyanet.gov.tr/tefsir/Nahl-suresi/1941/40-ayet-tefsiri', 'https://kuran.diyanet.gov.tr/tefsir/Nahl-suresi/1942/41-42-ayet-tefsiri', 'https://kuran.diyanet.gov.tr/tefsir/Nahl-suresi/1944/43-ayet-tefsiri', 'https://kuran.diyanet.gov.tr/tefsir/Nahl-suresi/1945/44-ayet-tefsiri', 'https://kuran.diyanet.gov.tr/tefsir/Nahl-suresi/1946/45-47-ayet-tefsiri', 'https://kuran.diyanet.gov.tr/tefsir/Nahl-suresi/1949/48-ayet-tefsiri', 'https://kuran.diyanet.gov.tr/tefsir/Nahl-suresi/1950/49-50-ayet-tefsiri', 'https://kuran.diyanet.gov.tr/tefsir/Nahl-suresi/1952/51-52-ayet-tefsiri', 'https://kuran.diyanet.gov.tr/tefsir/Nahl-suresi/1954/53-ayet-tefsiri', 'https://kuran.diyanet.gov.tr/tefsir/Nahl-suresi/1955/54-55-ayet-tefsiri', 'https://kuran.diyanet.gov.tr/tefsir/Nahl-suresi/1957/56-ayet-tefsiri', 'https://kuran.diyanet.gov.tr/tefsir/Nahl-suresi/1958/57-ayet-tefsiri', 'https://kuran.diyanet.gov.tr/tefsir/Nahl-suresi/1959/58-59-ayet-tefsiri', 'https://kuran.diyanet.gov.tr/tefsir/Nahl-suresi/1961/60-ayet-tefsiri', 'https://kuran.diyanet.gov.tr/tefsir/Nahl-suresi/1962/61-ayet-tefsiri', 'https://kuran.diyanet.gov.tr/tefsir/Nahl-suresi/1963/62-ayet-tefsiri', 'https://kuran.diyanet.gov.tr/tefsir/Nahl-suresi/1964/63-ayet-tefsiri', 'https://kuran.diyanet.gov.tr/tefsir/Nahl-suresi/1965/64-ayet-tefsiri', 'https://kuran.diyanet.gov.tr/tefsir/Nahl-suresi/1966/65-ayet-tefsiri', 'https://kuran.diyanet.gov.tr/tefsir/Nahl-suresi/1967/66-ayet-tefsiri', 'https://kuran.diyanet.gov.tr/tefsir/Nahl-suresi/1968/67-ayet-tefsiri', 'https://kuran.diyanet.gov.tr/tefsir/Nahl-suresi/1969/68-69-ayet-tefsiri', 'https://kuran.diyanet.gov.tr/tefsir/Nahl-suresi/1971/70-ayet-tefsiri', 'https://kuran.diyanet.gov.tr/tefsir/Nahl-suresi/1972/71-ayet-tefsiri', 'https://kuran.diyanet.gov.tr/tefsir/Nahl-suresi/1973/72-73-ayet-tefsiri', 'https://kuran.diyanet.gov.tr/tefsir/Nahl-suresi/1975/74-ayet-tefsiri', 'https://kuran.diyanet.gov.tr/tefsir/Nahl-suresi/1976/75-76-ayet-tefsiri', 'https://kuran.diyanet.gov.tr/tefsir/Nahl-suresi/1978/77-ayet-tefsiri', 'https://kuran.diyanet.gov.tr/tefsir/Nahl-suresi/1979/78-ayet-tefsiri', 'https://kuran.diyanet.gov.tr/tefsir/Nahl-suresi/1980/79-81-ayet-tefsiri', 'https://kuran.diyanet.gov.tr/tefsir/Nahl-suresi/1983/82-ayet-tefsiri', 'https://kuran.diyanet.gov.tr/tefsir/Nahl-suresi/1984/83-ayet-tefsiri', 'https://kuran.diyanet.gov.tr/tefsir/Nahl-suresi/1985/84-ayet-tefsiri', 'https://kuran.diyanet.gov.tr/tefsir/Nahl-suresi/1986/85-ayet-tefsiri', 'https://kuran.diyanet.gov.tr/tefsir/Nahl-suresi/1987/86-ayet-tefsiri', 'https://kuran.diyanet.gov.tr/tefsir/Nahl-suresi/1988/87-ayet-tefsiri', 'https://kuran.diyanet.gov.tr/tefsir/Nahl-suresi/1989/88-ayet-tefsiri', 'https://kuran.diyanet.gov.tr/tefsir/Nahl-suresi/1990/89-ayet-tefsiri', 'https://kuran.diyanet.gov.tr/tefsir/Nahl-suresi/1991/90-ayet-tefsiri', 'https://kuran.diyanet.gov.tr/tefsir/Nahl-suresi/1992/91-ayet-tefsiri', 'https://kuran.diyanet.gov.tr/tefsir/Nahl-suresi/1993/92-ayet-tefsiri', 'https://kuran.diyanet.gov.tr/tefsir/Nahl-suresi/1994/93-94-ayet-tefsiri', 'https://kuran.diyanet.gov.tr/tefsir/Nahl-suresi/1996/95-96-ayet-tefsiri', 'https://kuran.diyanet.gov.tr/tefsir/Nahl-suresi/1998/97-ayet-tefsiri', 'https://kuran.diyanet.gov.tr/tefsir/Nahl-suresi/1999/98-100-ayet-tefsiri', 'https://kuran.diyanet.gov.tr/tefsir/Nahl-suresi/2002/101-ayet-tefsiri', 'https://kuran.diyanet.gov.tr/tefsir/Nahl-suresi/2003/102-ayet-tefsiri', 'https://kuran.diyanet.gov.tr/tefsir/Nahl-suresi/2004/103-105-ayet-tefsiri', 'https://kuran.diyanet.gov.tr/tefsir/Nahl-suresi/2007/106-ayet-tefsiri', 'https://kuran.diyanet.gov.tr/tefsir/Nahl-suresi/2008/107-109-ayet-tefsiri', 'https://kuran.diyanet.gov.tr/tefsir/Nahl-suresi/2011/110-111-ayet-tefsiri', 'https://kuran.diyanet.gov.tr/tefsir/Nahl-suresi/2013/112-113-ayet-tefsiri', 'https://kuran.diyanet.gov.tr/tefsir/Nahl-suresi/2015/114-117-ayet-tefsiri', 'https://kuran.diyanet.gov.tr/tefsir/Nahl-suresi/2019/118-ayet-tefsiri', 'https://kuran.diyanet.gov.tr/tefsir/Nahl-suresi/2020/119-ayet-tefsiri', 'https://kuran.diyanet.gov.tr/tefsir/Nahl-suresi/2021/120-121-ayet-tefsiri', 'https://kuran.diyanet.gov.tr/tefsir/Nahl-suresi/2023/122-ayet-tefsiri', 'https://kuran.diyanet.gov.tr/tefsir/Nahl-suresi/2024/123-ayet-tefsiri', 'https://kuran.diyanet.gov.tr/tefsir/Nahl-suresi/2025/124-ayet-tefsiri', 'https://kuran.diyanet.gov.tr/tefsir/Nahl-suresi/2026/125-ayet-tefsiri', 'https://kuran.diyanet.gov.tr/tefsir/Nahl-suresi/2027/126-ayet-tefsiri', 'https://kuran.diyanet.gov.tr/tefsir/Nahl-suresi/2028/127-128-ayet-tefsiri']"
17,"Hakkında
                    26,32,33 ve 57. âyetler ile 73-80. âyetler Medine döneminde, diğerleri Mekke döneminde inmiştir. 111 âyettir. Sûre, adını ilk âyetin konusu olan “İsrâ” olayından almıştır. “Geceleyin yürütmek” anlamına gelen “İsrâ”, Mîrac yolculuğunda, Hz. Peygamberin bir gece, Mekke’den Kudüs’e götürülmesini ifade eder. Sûrenin diğer bir adı da “Benî İsrâil Sûresi”dir.","Nuzül
  Mushaftaki sıralamada on yedinci, iniş sırasına göre ellinci sûredir. Kasas sûresinden sonra, Yûnus sûresinden önce Mekke döneminde inmiştir. 26, 32-33, 60, 73-74, 80, 107-111. âyetlerle diğer bazılarının Medine’de indiği yolunda değişik rivayetler varsa da, büyük ihtimalle tamamı Mekke’de nâzil olmuştur. İbn Âşûr, bu rivayetlerin, söz konusu âyetlerin içerdiği hükümlerin Medine dönemindekilerin muhtevasını hatırlatmasından ileri gelmiş olabileceğini, fakat bunun sağlam bir gerekçe olmadığını ifade eder (XV, 6).","Konusu
  İsrâ olayı, İsrâiloğulları’nın kötülükleri sebebiyle uğradıkları iki büyük işgal ve yıkım, önemli bir kısmı Kur’an-ı Kerîm’den önceki ilâhî kitaplarda da bulunan temel dinî ve ahlâkî buyruklar, yeniden dirilmenin mümkün olduğu ve âhiret sorumluluğu, Allah’ın kuşatıcı ilmi, ilk insanın yaratılışı, İblîs’in isyanı, insanın seçkin bir varlık oluşu, ibadet ve namaz, Kur’an’ın önemi, müşriklerin inatçılığı, müminlerin itaatkârlığı sûrenin başlıca konularıdır.","Fazileti
  İbn Hanbel, Tirmizî ve Nesâî gibi muhaddislerin aktardığı bir rivayete göre Hz. Âişe Peygamber efendimizin, genellikle geceleri Benî İsrâil (İsrâ) ve Zümer sûrelerini okuduğunu bildirmiştir (Şevkânî, III, 233).","['https://kuran.diyanet.gov.tr/tefsir/%C4%B0sr%C3%A2-suresi/2030/1-ayet-tefsiri', 'https://kuran.diyanet.gov.tr/tefsir/%C4%B0sr%C3%A2-suresi/2031/2-3-ayet-tefsiri', 'https://kuran.diyanet.gov.tr/tefsir/%C4%B0sr%C3%A2-suresi/2033/4-ayet-tefsiri', 'https://kuran.diyanet.gov.tr/tefsir/%C4%B0sr%C3%A2-suresi/2034/5-7-ayet-tefsiri', 'https://kuran.diyanet.gov.tr/tefsir/%C4%B0sr%C3%A2-suresi/2037/8-ayet-tefsiri', 'https://kuran.diyanet.gov.tr/tefsir/%C4%B0sr%C3%A2-suresi/2038/9-10-ayet-tefsiri', 'https://kuran.diyanet.gov.tr/tefsir/%C4%B0sr%C3%A2-suresi/2040/11-ayet-tefsiri', 'https://kuran.diyanet.gov.tr/tefsir/%C4%B0sr%C3%A2-suresi/2041/12-ayet-tefsiri', 'https://kuran.diyanet.gov.tr/tefsir/%C4%B0sr%C3%A2-suresi/2042/13-14-ayet-tefsiri', 'https://kuran.diyanet.gov.tr/tefsir/%C4%B0sr%C3%A2-suresi/2044/15-ayet-tefsiri', 'https://kuran.diyanet.gov.tr/tefsir/%C4%B0sr%C3%A2-suresi/2045/16-ayet-tefsiri', 'https://kuran.diyanet.gov.tr/tefsir/%C4%B0sr%C3%A2-suresi/2046/17-ayet-tefsiri', 'https://kuran.diyanet.gov.tr/tefsir/%C4%B0sr%C3%A2-suresi/2047/18-20-ayet-tefsiri', 'https://kuran.diyanet.gov.tr/tefsir/%C4%B0sr%C3%A2-suresi/2050/21-ayet-tefsiri', 'https://kuran.diyanet.gov.tr/tefsir/%C4%B0sr%C3%A2-suresi/2051/22-ayet-tefsiri', 'https://kuran.diyanet.gov.tr/tefsir/%C4%B0sr%C3%A2-suresi/2052/23-24-ayet-tefsiri', 'https://kuran.diyanet.gov.tr/tefsir/%C4%B0sr%C3%A2-suresi/2054/25-ayet-tefsiri', 'https://kuran.diyanet.gov.tr/tefsir/%C4%B0sr%C3%A2-suresi/2055/26-27-ayet-tefsiri', 'https://kuran.diyanet.gov.tr/tefsir/%C4%B0sr%C3%A2-suresi/2057/28-ayet-tefsiri', 'https://kuran.diyanet.gov.tr/tefsir/%C4%B0sr%C3%A2-suresi/2058/29-ayet-tefsiri', 'https://kuran.diyanet.gov.tr/tefsir/%C4%B0sr%C3%A2-suresi/2059/30-ayet-tefsiri', 'https://kuran.diyanet.gov.tr/tefsir/%C4%B0sr%C3%A2-suresi/2060/31-ayet-tefsiri', 'https://kuran.diyanet.gov.tr/tefsir/%C4%B0sr%C3%A2-suresi/2061/32-ayet-tefsiri', 'https://kuran.diyanet.gov.tr/tefsir/%C4%B0sr%C3%A2-suresi/2062/33-ayet-tefsiri', 'https://kuran.diyanet.gov.tr/tefsir/%C4%B0sr%C3%A2-suresi/2063/34-ayet-tefsiri', 'https://kuran.diyanet.gov.tr/tefsir/%C4%B0sr%C3%A2-suresi/2064/35-ayet-tefsiri', 'https://kuran.diyanet.gov.tr/tefsir/%C4%B0sr%C3%A2-suresi/2065/36-ayet-tefsiri', 'https://kuran.diyanet.gov.tr/tefsir/%C4%B0sr%C3%A2-suresi/2066/37-ayet-tefsiri', 'https://kuran.diyanet.gov.tr/tefsir/%C4%B0sr%C3%A2-suresi/2067/38-40-ayet-tefsiri', 'https://kuran.diyanet.gov.tr/tefsir/%C4%B0sr%C3%A2-suresi/2070/41-ayet-tefsiri', 'https://kuran.diyanet.gov.tr/tefsir/%C4%B0sr%C3%A2-suresi/2071/42-43-ayet-tefsiri', 'https://kuran.diyanet.gov.tr/tefsir/%C4%B0sr%C3%A2-suresi/2073/44-ayet-tefsiri', 'https://kuran.diyanet.gov.tr/tefsir/%C4%B0sr%C3%A2-suresi/2074/45-46-ayet-tefsiri', 'https://kuran.diyanet.gov.tr/tefsir/%C4%B0sr%C3%A2-suresi/2076/47-ayet-tefsiri', 'https://kuran.diyanet.gov.tr/tefsir/%C4%B0sr%C3%A2-suresi/2077/48-ayet-tefsiri', 'https://kuran.diyanet.gov.tr/tefsir/%C4%B0sr%C3%A2-suresi/2078/49-ayet-tefsiri', 'https://kuran.diyanet.gov.tr/tefsir/%C4%B0sr%C3%A2-suresi/2079/50-51-ayet-tefsiri', 'https://kuran.diyanet.gov.tr/tefsir/%C4%B0sr%C3%A2-suresi/2081/52-ayet-tefsiri', 'https://kuran.diyanet.gov.tr/tefsir/%C4%B0sr%C3%A2-suresi/2082/53-ayet-tefsiri', 'https://kuran.diyanet.gov.tr/tefsir/%C4%B0sr%C3%A2-suresi/2083/54-ayet-tefsiri', 'https://kuran.diyanet.gov.tr/tefsir/%C4%B0sr%C3%A2-suresi/2084/55-ayet-tefsiri', 'https://kuran.diyanet.gov.tr/tefsir/%C4%B0sr%C3%A2-suresi/2085/56-57-ayet-tefsiri', 'https://kuran.diyanet.gov.tr/tefsir/%C4%B0sr%C3%A2-suresi/2087/58-ayet-tefsiri', 'https://kuran.diyanet.gov.tr/tefsir/%C4%B0sr%C3%A2-suresi/2088/59-ayet-tefsiri', 'https://kuran.diyanet.gov.tr/tefsir/%C4%B0sr%C3%A2-suresi/2089/60-ayet-tefsiri', 'https://kuran.diyanet.gov.tr/tefsir/%C4%B0sr%C3%A2-suresi/2090/61-63-ayet-tefsiri', 'https://kuran.diyanet.gov.tr/tefsir/%C4%B0sr%C3%A2-suresi/2093/64-ayet-tefsiri', 'https://kuran.diyanet.gov.tr/tefsir/%C4%B0sr%C3%A2-suresi/2094/65-ayet-tefsiri', 'https://kuran.diyanet.gov.tr/tefsir/%C4%B0sr%C3%A2-suresi/2095/66-ayet-tefsiri', 'https://kuran.diyanet.gov.tr/tefsir/%C4%B0sr%C3%A2-suresi/2096/67-ayet-tefsiri', 'https://kuran.diyanet.gov.tr/tefsir/%C4%B0sr%C3%A2-suresi/2097/68-69-ayet-tefsiri', 'https://kuran.diyanet.gov.tr/tefsir/%C4%B0sr%C3%A2-suresi/2099/70-ayet-tefsiri', 'https://kuran.diyanet.gov.tr/tefsir/%C4%B0sr%C3%A2-suresi/2100/71-72-ayet-tefsiri', 'https://kuran.diyanet.gov.tr/tefsir/%C4%B0sr%C3%A2-suresi/2102/73-ayet-tefsiri', 'https://kuran.diyanet.gov.tr/tefsir/%C4%B0sr%C3%A2-suresi/2103/74-75-ayet-tefsiri', 'https://kuran.diyanet.gov.tr/tefsir/%C4%B0sr%C3%A2-suresi/2105/76-77-ayet-tefsiri', 'https://kuran.diyanet.gov.tr/tefsir/%C4%B0sr%C3%A2-suresi/2107/78-ayet-tefsiri', 'https://kuran.diyanet.gov.tr/tefsir/%C4%B0sr%C3%A2-suresi/2108/79-ayet-tefsiri', 'https://kuran.diyanet.gov.tr/tefsir/%C4%B0sr%C3%A2-suresi/2109/80-ayet-tefsiri', 'https://kuran.diyanet.gov.tr/tefsir/%C4%B0sr%C3%A2-suresi/2110/81-ayet-tefsiri', 'https://kuran.diyanet.gov.tr/tefsir/%C4%B0sr%C3%A2-suresi/2111/82-ayet-tefsiri', 'https://kuran.diyanet.gov.tr/tefsir/%C4%B0sr%C3%A2-suresi/2112/83-ayet-tefsiri', 'https://kuran.diyanet.gov.tr/tefsir/%C4%B0sr%C3%A2-suresi/2113/84-ayet-tefsiri', 'https://kuran.diyanet.gov.tr/tefsir/%C4%B0sr%C3%A2-suresi/2114/85-ayet-tefsiri', 'https://kuran.diyanet.gov.tr/tefsir/%C4%B0sr%C3%A2-suresi/2115/86-87-ayet-tefsiri', 'https://kuran.diyanet.gov.tr/tefsir/%C4%B0sr%C3%A2-suresi/2117/88-89-ayet-tefsiri', 'https://kuran.diyanet.gov.tr/tefsir/%C4%B0sr%C3%A2-suresi/2119/90-93-ayet-tefsiri', 'https://kuran.diyanet.gov.tr/tefsir/%C4%B0sr%C3%A2-suresi/2123/94-96-ayet-tefsiri', 'https://kuran.diyanet.gov.tr/tefsir/%C4%B0sr%C3%A2-suresi/2126/97-98-ayet-tefsiri', 'https://kuran.diyanet.gov.tr/tefsir/%C4%B0sr%C3%A2-suresi/2128/99-ayet-tefsiri', 'https://kuran.diyanet.gov.tr/tefsir/%C4%B0sr%C3%A2-suresi/2129/100-ayet-tefsiri', 'https://kuran.diyanet.gov.tr/tefsir/%C4%B0sr%C3%A2-suresi/2130/101-ayet-tefsiri', 'https://kuran.diyanet.gov.tr/tefsir/%C4%B0sr%C3%A2-suresi/2131/102-ayet-tefsiri', 'https://kuran.diyanet.gov.tr/tefsir/%C4%B0sr%C3%A2-suresi/2132/103-ayet-tefsiri', 'https://kuran.diyanet.gov.tr/tefsir/%C4%B0sr%C3%A2-suresi/2133/104-ayet-tefsiri', 'https://kuran.diyanet.gov.tr/tefsir/%C4%B0sr%C3%A2-suresi/2134/105-106-ayet-tefsiri', 'https://kuran.diyanet.gov.tr/tefsir/%C4%B0sr%C3%A2-suresi/2136/107-109-ayet-tefsiri', 'https://kuran.diyanet.gov.tr/tefsir/%C4%B0sr%C3%A2-suresi/2139/110-111-ayet-tefsiri']"
18,"Hakkında
                    Mekke döneminde inmiştir. 28. âyetin Medine döneminde indiği de rivayet edilmiştir. 110 âyettir. Sûre, adını; ilk defa dokuzuncu âyette olmak üzere,birkaç yerde geçen “kehf ” kelimesinden almıştır. Kehf, mağara demektir. Sûre de temel konu olarak, inançları sebebiyle öldürülmekten kurtulmak için bir mağaraya sığınan gençlerin mucizevî hâlleri, ayrıca Hz. Mûsâ ile Zülkarneyn konu edilmektedir.","Nuzül
 Mushaftaki sıralamada on sekizinci, iniş sırasına göre altmış dokuzuncu sûredir. Gāşiye sûresinden sonra, Nahl sûresinden önce Mekke’de inmiştir. Ancak 28. âyeti ile 83 ve 101. âyetlerinin Medine’de indiği rivayeti de vardır.Nüzûl sebebi olarak tefsir ve siyer kaynaklarında şöyle bir olay anlatılmaktadır: Müslümanların sayısının çoğalması üzerine müşrikler, Resûlullah’ın peygamber olup olmadığını araştırmak için Nadr b. Hâris ile Utbe b. Muayt’ı Medine’deki yahudi âlimlerine gönderip kendilerine şu tâlimatı vermişlerdi: “Muhammed’in durumunu onlara sorun, vasıflarını ve söylediklerini anlatın; onlar kitap ehlidir, peygamberler hakkında bizim bilmediklerimizi bilirler.” Bu iki adam, Medine’ye giderek meseleyi yahudi âlimlerine anlattılar. Onlar da, “Muhammed’e, geçmiş zamanlarda mağaraya sığınmış gençleri; dünyanın doğusunu ve batısını dolaşmış olan adamı; rûhun ne olduğunu sorun; eğer bunları size bildirirse o bir peygamberdir, ona uyun; aksi takdirde bir falcıdır, ona istediğinizi yapabilirsiniz” dediler.Nadr ile arkadaşı Mekke’ye dönüp bunları Hz. Peygamber’e sordular. O da “Sorularınıza yarın cevap veririm” dedi. Fakat “inşallah” demesi gerekirken bunu ihmal ettiği için o günden itibaren on beş gün vahiy gelmedi. Bunun üzerine Mekke halkı, “Muhammed bize, ‘Sorularınıza yarın cevap veririm’ diye söz vermişti. Ancak aradan on beş gün geçtiği halde hâlâ sorularımıza cevap vermedi” diyerek dedikoduya başladılar. Hz. Peygamber’e vahyin gecikmesi sırasında iyice bunaldığı bir sırada Cebrâil yukarıdaki soruların cevabını içeren Kehf sûresi ile İsrâ sûresinin 85. âyetini getirdi (İbn Âşûr, XV, 242-244).Tefsir ve siyer kaynaklarından bu rivayeti nakleden İbn Âşûr, Ashâb-ı Kehf hakkında Hz. Peygamber’e soru sormaya Kureyşliler’i teşvik edenlerin, ticaret maksadıyla Mekke’ye gelen bazı hıristiyanlar veya Kureyş’in Suriye ticaret yolu üzerinde bulunan kiliselerdeki hıristiyan din adamları olabileceğini söylemektedir (XV, 259-260).Elmalılı Muhammed Hamdi de yukarıdaki rivayeti geniş şekliyle naklettikten sonra, hadis tekniği açısından bu rivayetin zayıf olduğunu, buna dayanılarak sûrenin tefsir edilmesinin doğru olmayacağını ifade etmektedir. Elmalılı’ya göre sûrenin baş tarafındaki âyetler gösteriyor ki esas iniş sebebi, “Allah çocuk edindi” denilmiş olmasıdır. Sûre, bunun ilmî dayanağı bulunmayan büyük bir yalan olduğunu açıklamak, bu sözü söyleyenleri uyarmak ve onları tevhide davet etmek için indirilmiş, Zülkarneyn ile ilgili sorunun cevabı da bunun tamamlayıcısı olmuştur (V, 3220).","Konusu
 Yüce Allah’a hamd ile başlayan Kehf sûresinin başlangıcında Allah’ın kutsiyeti ve kemal sıfatlarıyla Kur’an’ın üstünlüğü, müminlere verilecek mükâfatın müjdesi ve Allah’a çocuk yakıştıranların uyarılması konuları yer alır; kâfirlerin inatçı tutumları karşısında üzülen Hz. Peygamber’in durumuna da işaret edilir (1-8). Bundan sonraki âyetlerin büyük bir kısmının konularını şu üç ibretli kıssa oluşturur: 1. Ashâb-ı Kehf kıssası (9-26). Bu kıssada inançları uğruna canlarını ortaya koyarak yurtlarından çıkıp dağdaki bir mağaraya sığınan gençlerin durumu anlatılır. 2. Hz. Mûsâ ile Hızır’ın kıssası (60-82). Bu kıssada Hızır ile Hz. Mûsâ arasında geçen olağan üstü olaylar ve bunlarla ilgili açıklamalar yer alır. 3. Zülkarneyn kıssası (83-98). Bu kıssada takvâ ve adalet sahibi bir hükümdar olan Zülkarneyn’in batıya ve doğuya yaptığı seferlerle Ye’cûc ve Me’cûc’ün yeryüzüne yayılmasını önlemek için yaptığı set anlatılmaktadır. Sûrede ahlâk eğitimine yönelik temsilî anlatımlar da yer almaktadır.","Fazileti
 Kehf sûresinin fazileti hakkında birçok hadis rivayet edilmiştir. Bunlardan bazıları şöyledir:Berâ b. Âzib’in şöyle dediği rivayet edilmiştir: Bir adam Kehf sûresini okuyordu, yanında da iki uzun iple bağlı bir at vardı. Derken bir bulut adamın üzerine doğru inmeye başladı. Bulut yaklaştıkça yaklaşıyordu. At bundan dolayı ürktü ve huysuzlandı. Sabaha çıkınca o zat Hz. Peygamber’e gelerek olayı anlattı. Resûlullah, “O, sekînettir (huzur verendir), Kur’an okunduğu için inmiştir” buyurdular (Buhârî, “Fezâil”, 11; Müslim, “Müsâfirîn”, 240; sekînet hakkında bilgi için bk. Bakara 2/248).Diğer hadislerde de Resûlullah şöyle buyurmuştur: “Kim, Kehf sûresinin başından on âyet ezberlerse deccâlden korunmuş olur” (Müslim, “Müsâfirîn”, 257); “Kim, Kehf sûresinin son on âyetini okursa deccâlin fitnesinden korunur” (Müsned, VI, 446); “Kim, Kehf sûresini indirildiği gibi okursa sûre, kıyamet gününde onun için bir nûr olur (Beyhak^, Sünen, III, 249).","['https://kuran.diyanet.gov.tr/tefsir/Kehf-suresi/2141/1-3-ayet-tefsiri', 'https://kuran.diyanet.gov.tr/tefsir/Kehf-suresi/2144/4-5-ayet-tefsiri', 'https://kuran.diyanet.gov.tr/tefsir/Kehf-suresi/2146/6-8-ayet-tefsiri', 'https://kuran.diyanet.gov.tr/tefsir/Kehf-suresi/2149/9-10-ayet-tefsiri', 'https://kuran.diyanet.gov.tr/tefsir/Kehf-suresi/2151/11-ayet-tefsiri', 'https://kuran.diyanet.gov.tr/tefsir/Kehf-suresi/2152/12-ayet-tefsiri', 'https://kuran.diyanet.gov.tr/tefsir/Kehf-suresi/2153/13-16-ayet-tefsiri', 'https://kuran.diyanet.gov.tr/tefsir/Kehf-suresi/2157/17-ayet-tefsiri', 'https://kuran.diyanet.gov.tr/tefsir/Kehf-suresi/2158/18-ayet-tefsiri', 'https://kuran.diyanet.gov.tr/tefsir/Kehf-suresi/2159/19-20-ayet-tefsiri', 'https://kuran.diyanet.gov.tr/tefsir/Kehf-suresi/2161/21-ayet-tefsiri', 'https://kuran.diyanet.gov.tr/tefsir/Kehf-suresi/2162/22-ayet-tefsiri', 'https://kuran.diyanet.gov.tr/tefsir/Kehf-suresi/2163/23-24-ayet-tefsiri', 'https://kuran.diyanet.gov.tr/tefsir/Kehf-suresi/2165/25-26-ayet-tefsiri', 'https://kuran.diyanet.gov.tr/tefsir/Kehf-suresi/2167/27-ayet-tefsiri', 'https://kuran.diyanet.gov.tr/tefsir/Kehf-suresi/2168/28-ayet-tefsiri', 'https://kuran.diyanet.gov.tr/tefsir/Kehf-suresi/2169/29-ayet-tefsiri', 'https://kuran.diyanet.gov.tr/tefsir/Kehf-suresi/2170/30-31-ayet-tefsiri', 'https://kuran.diyanet.gov.tr/tefsir/Kehf-suresi/2172/32-44-ayet-tefsiri', 'https://kuran.diyanet.gov.tr/tefsir/Kehf-suresi/2185/45-46-ayet-tefsiri', 'https://kuran.diyanet.gov.tr/tefsir/Kehf-suresi/2187/47-48-ayet-tefsiri', 'https://kuran.diyanet.gov.tr/tefsir/Kehf-suresi/2189/49-ayet-tefsiri', 'https://kuran.diyanet.gov.tr/tefsir/Kehf-suresi/2190/50-ayet-tefsiri', 'https://kuran.diyanet.gov.tr/tefsir/Kehf-suresi/2191/51-ayet-tefsiri', 'https://kuran.diyanet.gov.tr/tefsir/Kehf-suresi/2192/52-53-ayet-tefsiri', 'https://kuran.diyanet.gov.tr/tefsir/Kehf-suresi/2194/54-56-ayet-tefsiri', 'https://kuran.diyanet.gov.tr/tefsir/Kehf-suresi/2197/57-ayet-tefsiri', 'https://kuran.diyanet.gov.tr/tefsir/Kehf-suresi/2198/58-59-ayet-tefsiri', 'https://kuran.diyanet.gov.tr/tefsir/Kehf-suresi/2200/60-61-ayet-tefsiri', 'https://kuran.diyanet.gov.tr/tefsir/Kehf-suresi/2202/62-ayet-tefsiri', 'https://kuran.diyanet.gov.tr/tefsir/Kehf-suresi/2203/63-64-ayet-tefsiri', 'https://kuran.diyanet.gov.tr/tefsir/Kehf-suresi/2205/65-ayet-tefsiri', 'https://kuran.diyanet.gov.tr/tefsir/Kehf-suresi/2206/66-ayet-tefsiri', 'https://kuran.diyanet.gov.tr/tefsir/Kehf-suresi/2207/67-ayet-tefsiri', 'https://kuran.diyanet.gov.tr/tefsir/Kehf-suresi/2208/68-ayet-tefsiri', 'https://kuran.diyanet.gov.tr/tefsir/Kehf-suresi/2209/69-ayet-tefsiri', 'https://kuran.diyanet.gov.tr/tefsir/Kehf-suresi/2210/70-ayet-tefsiri', 'https://kuran.diyanet.gov.tr/tefsir/Kehf-suresi/2211/71-ayet-tefsiri', 'https://kuran.diyanet.gov.tr/tefsir/Kehf-suresi/2212/72-ayet-tefsiri', 'https://kuran.diyanet.gov.tr/tefsir/Kehf-suresi/2213/73-ayet-tefsiri', 'https://kuran.diyanet.gov.tr/tefsir/Kehf-suresi/2214/74-ayet-tefsiri', 'https://kuran.diyanet.gov.tr/tefsir/Kehf-suresi/2215/75-ayet-tefsiri', 'https://kuran.diyanet.gov.tr/tefsir/Kehf-suresi/2216/76-ayet-tefsiri', 'https://kuran.diyanet.gov.tr/tefsir/Kehf-suresi/2217/77-ayet-tefsiri', 'https://kuran.diyanet.gov.tr/tefsir/Kehf-suresi/2218/78-ayet-tefsiri', 'https://kuran.diyanet.gov.tr/tefsir/Kehf-suresi/2219/79-80-ayet-tefsiri', 'https://kuran.diyanet.gov.tr/tefsir/Kehf-suresi/2221/81-ayet-tefsiri', 'https://kuran.diyanet.gov.tr/tefsir/Kehf-suresi/2222/82-ayet-tefsiri', 'https://kuran.diyanet.gov.tr/tefsir/Kehf-suresi/2223/83-ayet-tefsiri', 'https://kuran.diyanet.gov.tr/tefsir/Kehf-suresi/2224/84-ayet-tefsiri', 'https://kuran.diyanet.gov.tr/tefsir/Kehf-suresi/2225/85-ayet-tefsiri', 'https://kuran.diyanet.gov.tr/tefsir/Kehf-suresi/2226/86-ayet-tefsiri', 'https://kuran.diyanet.gov.tr/tefsir/Kehf-suresi/2227/87-ayet-tefsiri', 'https://kuran.diyanet.gov.tr/tefsir/Kehf-suresi/2228/88-ayet-tefsiri', 'https://kuran.diyanet.gov.tr/tefsir/Kehf-suresi/2229/89-90-ayet-tefsiri', 'https://kuran.diyanet.gov.tr/tefsir/Kehf-suresi/2231/91-ayet-tefsiri', 'https://kuran.diyanet.gov.tr/tefsir/Kehf-suresi/2232/92-93-ayet-tefsiri', 'https://kuran.diyanet.gov.tr/tefsir/Kehf-suresi/2234/94-97-ayet-tefsiri', 'https://kuran.diyanet.gov.tr/tefsir/Kehf-suresi/2238/98-99-ayet-tefsiri', 'https://kuran.diyanet.gov.tr/tefsir/Kehf-suresi/2240/100-101-ayet-tefsiri', 'https://kuran.diyanet.gov.tr/tefsir/Kehf-suresi/2242/102-ayet-tefsiri', 'https://kuran.diyanet.gov.tr/tefsir/Kehf-suresi/2243/103-106-ayet-tefsiri', 'https://kuran.diyanet.gov.tr/tefsir/Kehf-suresi/2247/107-108-ayet-tefsiri', 'https://kuran.diyanet.gov.tr/tefsir/Kehf-suresi/2249/109-ayet-tefsiri', 'https://kuran.diyanet.gov.tr/tefsir/Kehf-suresi/2250/110-ayet-tefsiri']"
19,"Hakkında
                    Mekke döneminde inmiştir. 98 âyettir. Bazı tefsir bilginlerine göre 58 ve 71. âyetler Medine döneminde inmiştir. Sûre, Meryem’in, oğlu İsa’yı nasıl dünyaya getirdiğini anlattığı için bu adla anılmıştır. Sûre de başlıca, tevhit inancını yerleştirmek amacıyla bazı peygamberlerin kıssaları ve kıyamet sahneleri konu edilmektedir.","Nuzül
 Mushaftaki sıralamada on dokuzuncu, iniş sırasına göre kırk dördüncü sûredir. Fâtır sûresinden sonra, Tâhâ sûresinden önce, Mekke döneminin 4. yılında inmiştir. 58 ve 71. âyetlerinin Medine’de indiğine dair rivayet de vardır (İbn Âşûr, XVI, 57-58).","Konusu
 Sûre genel olarak tevhid inancının doğruluğunu ve peygamberlik müessesesinin gerçekliğini ispatlamayı hedeflemektedir. Bu cümleden olarak sûrede yahudilerin Hz. Meryem ve oğlu Hz. Îsâ hakkındaki iftiralarının reddedilmesi, Zekeriyyâ aleyhisselâma –ihtiyar olmasına rağmen– oğlu Yahyâ’nın verilmesi, Hz. Meryem’in –Allah’ın bir mûcizesi olarak– Hz. Îsâ’yı babasız dünyaya getirmesi, Hz. İbrâhim, Hz. Mûsâ, Hz. Hârûn ve diğer bazı peygamberlerin hak dine davet yolunda harcadıkları çaba dile getirilmektedir.",Fazileti,"['https://kuran.diyanet.gov.tr/tefsir/Meryem-suresi/2251/1-ayet-tefsiri', 'https://kuran.diyanet.gov.tr/tefsir/Meryem-suresi/2252/2-4-ayet-tefsiri', 'https://kuran.diyanet.gov.tr/tefsir/Meryem-suresi/2255/5-6-ayet-tefsiri', 'https://kuran.diyanet.gov.tr/tefsir/Meryem-suresi/2257/7-ayet-tefsiri', 'https://kuran.diyanet.gov.tr/tefsir/Meryem-suresi/2258/8-10-ayet-tefsiri', 'https://kuran.diyanet.gov.tr/tefsir/Meryem-suresi/2261/11-ayet-tefsiri', 'https://kuran.diyanet.gov.tr/tefsir/Meryem-suresi/2262/12-ayet-tefsiri', 'https://kuran.diyanet.gov.tr/tefsir/Meryem-suresi/2263/13-14-ayet-tefsiri', 'https://kuran.diyanet.gov.tr/tefsir/Meryem-suresi/2265/15-ayet-tefsiri', 'https://kuran.diyanet.gov.tr/tefsir/Meryem-suresi/2266/16-21-ayet-tefsiri', 'https://kuran.diyanet.gov.tr/tefsir/Meryem-suresi/2272/22-ayet-tefsiri', 'https://kuran.diyanet.gov.tr/tefsir/Meryem-suresi/2273/23-ayet-tefsiri', 'https://kuran.diyanet.gov.tr/tefsir/Meryem-suresi/2274/24-27-ayet-tefsiri', 'https://kuran.diyanet.gov.tr/tefsir/Meryem-suresi/2278/28-ayet-tefsiri', 'https://kuran.diyanet.gov.tr/tefsir/Meryem-suresi/2279/29-33-ayet-tefsiri', 'https://kuran.diyanet.gov.tr/tefsir/Meryem-suresi/2284/34-37-ayet-tefsiri', 'https://kuran.diyanet.gov.tr/tefsir/Meryem-suresi/2288/38-40-ayet-tefsiri', 'https://kuran.diyanet.gov.tr/tefsir/Meryem-suresi/2291/41-ayet-tefsiri', 'https://kuran.diyanet.gov.tr/tefsir/Meryem-suresi/2292/42-48-ayet-tefsiri', 'https://kuran.diyanet.gov.tr/tefsir/Meryem-suresi/2299/49-50-ayet-tefsiri', 'https://kuran.diyanet.gov.tr/tefsir/Meryem-suresi/2301/51-53-ayet-tefsiri', 'https://kuran.diyanet.gov.tr/tefsir/Meryem-suresi/2304/54-55-ayet-tefsiri', 'https://kuran.diyanet.gov.tr/tefsir/Meryem-suresi/2306/56-57-ayet-tefsiri', 'https://kuran.diyanet.gov.tr/tefsir/Meryem-suresi/2308/58-ayet-tefsiri', 'https://kuran.diyanet.gov.tr/tefsir/Meryem-suresi/2309/59-ayet-tefsiri', 'https://kuran.diyanet.gov.tr/tefsir/Meryem-suresi/2310/60-63-ayet-tefsiri', 'https://kuran.diyanet.gov.tr/tefsir/Meryem-suresi/2314/64-65-ayet-tefsiri', 'https://kuran.diyanet.gov.tr/tefsir/Meryem-suresi/2316/66-72-ayet-tefsiri', 'https://kuran.diyanet.gov.tr/tefsir/Meryem-suresi/2323/73-75-ayet-tefsiri', 'https://kuran.diyanet.gov.tr/tefsir/Meryem-suresi/2326/76-ayet-tefsiri', 'https://kuran.diyanet.gov.tr/tefsir/Meryem-suresi/2327/77-80-ayet-tefsiri', 'https://kuran.diyanet.gov.tr/tefsir/Meryem-suresi/2331/81-82-ayet-tefsiri', 'https://kuran.diyanet.gov.tr/tefsir/Meryem-suresi/2333/83-ayet-tefsiri', 'https://kuran.diyanet.gov.tr/tefsir/Meryem-suresi/2334/84-86-ayet-tefsiri', 'https://kuran.diyanet.gov.tr/tefsir/Meryem-suresi/2337/87-ayet-tefsiri', 'https://kuran.diyanet.gov.tr/tefsir/Meryem-suresi/2338/88-92-ayet-tefsiri', 'https://kuran.diyanet.gov.tr/tefsir/Meryem-suresi/2343/93-95-ayet-tefsiri', 'https://kuran.diyanet.gov.tr/tefsir/Meryem-suresi/2346/96-ayet-tefsiri', 'https://kuran.diyanet.gov.tr/tefsir/Meryem-suresi/2347/97-ayet-tefsiri', 'https://kuran.diyanet.gov.tr/tefsir/Meryem-suresi/2348/98-ayet-tefsiri']"
20,"Hakkında
                    Mekke döneminde inmiştir. 135 âyettir. Sûre, adını birinci âyette yer alan harflerden almıştır. Sûrede, Allah’ın peygamberler aracılığıyla insanlara gösterdiği doğru yolun temel gerçeklerine işaret edilmekte, Hz.Peygamber teselli edilerek peygamberlik görevini mutlaka en güzel şekilde başaracağı müjdelenip kendisine karşı çıkanların uğrayacağı sonuçlar izah edilmektedir.","Nuzül
 Mushaftaki sıralamada yirminci, iniş sırasına göre kırk beşinci sûredir. Meryem sûresinden sonra, Vâkıa sûresinden önce Mekke’de inmiştir. 130 ve 131. âyetlerin Medine’de nâzil olduğuna dair bir rivayet de vardır.Hz. Ömer’in İslâmiyet’i kabul edişiyle ilgili meşhur rivayette Ömer’in, kız kardeşi ve eniştesinin evine baskın yaptığında işittiği ve çok etkilendiği âyetlerin Tâhâ sûresinin âyetleri olduğu ve bu olayın peygamberliğin beşinci yılında cereyan ettiği dikkate alınarak, genellikle Mekke döneminin ortalarına doğru indiği kabul edilir.Kaynaklarda nüzûlü için belirli bir sebepten söz edilmez. Geldiği dönemin şartları ve sûrenin içeriği, Hz. Peygamber’e ve müminlere teselli verip onların moralini yükseltmeyi amaçladığını göstermektedir.","Konusu
 Hz. Peygamber’in mâneviyatını yükselten ve Allah’ın kudretine dikkat çeken ifadelerle başlanmış, ardından Hz. Mûsâ’nın Firavun’la mücadelesine, Cenâb-ı Hakk’ın İsrâiloğulları’na lutfettiği nimetlere ve onların hatalı tutumlarına geniş bir biçimde yer verilmiştir. Daha sonra Hz. Âdem’in yaratılışına, şeytanın onu ve eşini kandırıp cennetten çıkma­larına sebep oluşuna değinilmiş, inkârcıların karşılaşacakları âkıbet hatırlatılmış ve ebedî mutluluğun Allah’a saygıda kusur etmekten sakınanların olacağı belirtilmiştir.","Fazileti
 Hz. Peygamber’den rivayet edilen bir hadiste anlatıldığına göre, Tâhâ ve Yâsîn sûrelerini işiten melekler şöyle demişlerdir: Bun­ların kendilerine gönderileceği ümmete ne mutlu, bunları taşıyan gönül­lere ne mutlu, bunları okuyan dillere ne mutlu!” (Dârimî, “Fezâ­ilü’l-Kur’ân”, 20).Birçok sûrede olduğu gibi âyetlerinin kısa ve sonlarının secili olması sûrenin okunuşuna apayrı bir mûsiki katmaktadır.","['https://kuran.diyanet.gov.tr/tefsir/T%C3%A2h%C3%A2-suresi/2349/1-ayet-tefsiri', 'https://kuran.diyanet.gov.tr/tefsir/T%C3%A2h%C3%A2-suresi/2350/2-4-ayet-tefsiri', 'https://kuran.diyanet.gov.tr/tefsir/T%C3%A2h%C3%A2-suresi/2353/5-8-ayet-tefsiri', 'https://kuran.diyanet.gov.tr/tefsir/T%C3%A2h%C3%A2-suresi/2357/9-24-ayet-tefsiri', 'https://kuran.diyanet.gov.tr/tefsir/T%C3%A2h%C3%A2-suresi/2373/25-55-ayet-tefsiri', 'https://kuran.diyanet.gov.tr/tefsir/T%C3%A2h%C3%A2-suresi/2404/56-76-ayet-tefsiri', 'https://kuran.diyanet.gov.tr/tefsir/T%C3%A2h%C3%A2-suresi/2425/77-79-ayet-tefsiri', 'https://kuran.diyanet.gov.tr/tefsir/T%C3%A2h%C3%A2-suresi/2428/80-82-ayet-tefsiri', 'https://kuran.diyanet.gov.tr/tefsir/T%C3%A2h%C3%A2-suresi/2431/83-94-ayet-tefsiri', 'https://kuran.diyanet.gov.tr/tefsir/T%C3%A2h%C3%A2-suresi/2443/95-104-ayet-tefsiri', 'https://kuran.diyanet.gov.tr/tefsir/T%C3%A2h%C3%A2-suresi/2453/105-112-ayet-tefsiri', 'https://kuran.diyanet.gov.tr/tefsir/T%C3%A2h%C3%A2-suresi/2461/113-114-ayet-tefsiri', 'https://kuran.diyanet.gov.tr/tefsir/T%C3%A2h%C3%A2-suresi/2463/115-128-ayet-tefsiri', 'https://kuran.diyanet.gov.tr/tefsir/T%C3%A2h%C3%A2-suresi/2477/129-135-ayet-tefsiri']"
21,"Hakkında
                    Mekke döneminde inmiştir. 112 âyettir. “Enbiyâ”, peygamberler demektir.Sûre, temel konu olarak peygamberlerden, onların tevhit davası uğrunda verdikleri mücadelelerden bahsettiği için bu adı almıştır","Nuzül
 Mushaftaki sıralamada yirmi birinci, iniş sırasına göre yetmiş üçüncü sûredir. İbrâhim sûresinden sonra, Mü’minûn sûresinden önce Mekke döneminde inmiştir. Abdullah b. Mes‘ûd, “Benî İsrâil (İsrâ), Kehf, Meryem, Tâhâ ve Enbiyâ sûreleri, benim Mekke’de ilk öğrendiğim güzel sûrelerdir” demiştir (Buhârî, “Tefsîr”, 21/1). Bazı müfessirler 44. âyetinin Medine döneminde nâzil olduğu kanaatindedir.","Konusu
 Sûrede Allah’ın birliğinin yanı sıra O’nun eş, ortak ve çocuk edinmekten münezzeh olduğu; vahiy, peygamberlik ve insanların vahiy karşısındaki tutumu, kıyamet alâmetleri, kıyamet halleri, öldükten sonra dirilme ve hesap verme gibi İslâm’ın temel inançları ele alınmakta; insanlarda ve kâinatta Allah’ın kudretini gösteren delillere, Allah’ın büyüklüğüne, kâinatın bütünlüğü ve düzeni ile Allah’ın birliği arasında bir irtibat bulunduğuna dikkat çekilmektedir. Bu arada hayat ve ölüm konularına yer verilmekte, hiçbir insanın ebedî olarak yaşayamayacağı hatırlatılarak insanların bu gerçek ışığında davranmaları istenmektedir. Peygamberleri yalanlayan önceki kavimlerin helâk oldukları, sonrakilerin onların yurtlarını ve kalıntılarını gördükleri halde ibret almadıkları için cezaya çarptırıldıkları bildirilmekte; Hz. İbrâhim’in putperest kavmiyle olan mücadelesine, bazı peygamberlerin kıssalarından kesitlere yer verilmekte, son olarak da Hz. Muhammed aleyhisselâmın âlemlere rahmet olarak gönderilmiş bir peygamber olduğu ifade edilmekte ve davetinin esasları açıklanmaktadır.",Fazileti,"['https://kuran.diyanet.gov.tr/tefsir/Enbiy%C3%A2-suresi/2484/1-ayet-tefsiri', 'https://kuran.diyanet.gov.tr/tefsir/Enbiy%C3%A2-suresi/2485/2-3-ayet-tefsiri', 'https://kuran.diyanet.gov.tr/tefsir/Enbiy%C3%A2-suresi/2487/4-6-ayet-tefsiri', 'https://kuran.diyanet.gov.tr/tefsir/Enbiy%C3%A2-suresi/2490/7-ayet-tefsiri', 'https://kuran.diyanet.gov.tr/tefsir/Enbiy%C3%A2-suresi/2491/8-ayet-tefsiri', 'https://kuran.diyanet.gov.tr/tefsir/Enbiy%C3%A2-suresi/2492/9-ayet-tefsiri', 'https://kuran.diyanet.gov.tr/tefsir/Enbiy%C3%A2-suresi/2493/10-ayet-tefsiri', 'https://kuran.diyanet.gov.tr/tefsir/Enbiy%C3%A2-suresi/2494/11-15-ayet-tefsiri', 'https://kuran.diyanet.gov.tr/tefsir/Enbiy%C3%A2-suresi/2499/16-17-ayet-tefsiri', 'https://kuran.diyanet.gov.tr/tefsir/Enbiy%C3%A2-suresi/2501/18-20-ayet-tefsiri', 'https://kuran.diyanet.gov.tr/tefsir/Enbiy%C3%A2-suresi/2504/21-ayet-tefsiri', 'https://kuran.diyanet.gov.tr/tefsir/Enbiy%C3%A2-suresi/2505/22-23-ayet-tefsiri', 'https://kuran.diyanet.gov.tr/tefsir/Enbiy%C3%A2-suresi/2507/24-ayet-tefsiri', 'https://kuran.diyanet.gov.tr/tefsir/Enbiy%C3%A2-suresi/2508/25-ayet-tefsiri', 'https://kuran.diyanet.gov.tr/tefsir/Enbiy%C3%A2-suresi/2509/26-28-ayet-tefsiri', 'https://kuran.diyanet.gov.tr/tefsir/Enbiy%C3%A2-suresi/2512/29-ayet-tefsiri', 'https://kuran.diyanet.gov.tr/tefsir/Enbiy%C3%A2-suresi/2513/30-33-ayet-tefsiri', 'https://kuran.diyanet.gov.tr/tefsir/Enbiy%C3%A2-suresi/2517/34-35-ayet-tefsiri', 'https://kuran.diyanet.gov.tr/tefsir/Enbiy%C3%A2-suresi/2519/36-41-ayet-tefsiri', 'https://kuran.diyanet.gov.tr/tefsir/Enbiy%C3%A2-suresi/2525/42-43-ayet-tefsiri', 'https://kuran.diyanet.gov.tr/tefsir/Enbiy%C3%A2-suresi/2527/44-ayet-tefsiri', 'https://kuran.diyanet.gov.tr/tefsir/Enbiy%C3%A2-suresi/2528/45-ayet-tefsiri', 'https://kuran.diyanet.gov.tr/tefsir/Enbiy%C3%A2-suresi/2529/46-ayet-tefsiri', 'https://kuran.diyanet.gov.tr/tefsir/Enbiy%C3%A2-suresi/2530/47-ayet-tefsiri', 'https://kuran.diyanet.gov.tr/tefsir/Enbiy%C3%A2-suresi/2531/48-50-ayet-tefsiri', 'https://kuran.diyanet.gov.tr/tefsir/Enbiy%C3%A2-suresi/2534/51-ayet-tefsiri', 'https://kuran.diyanet.gov.tr/tefsir/Enbiy%C3%A2-suresi/2535/52-54-ayet-tefsiri', 'https://kuran.diyanet.gov.tr/tefsir/Enbiy%C3%A2-suresi/2538/55-57-ayet-tefsiri', 'https://kuran.diyanet.gov.tr/tefsir/Enbiy%C3%A2-suresi/2541/58-61-ayet-tefsiri', 'https://kuran.diyanet.gov.tr/tefsir/Enbiy%C3%A2-suresi/2545/62-ayet-tefsiri', 'https://kuran.diyanet.gov.tr/tefsir/Enbiy%C3%A2-suresi/2546/63-ayet-tefsiri', 'https://kuran.diyanet.gov.tr/tefsir/Enbiy%C3%A2-suresi/2547/64-ayet-tefsiri', 'https://kuran.diyanet.gov.tr/tefsir/Enbiy%C3%A2-suresi/2548/65-ayet-tefsiri', 'https://kuran.diyanet.gov.tr/tefsir/Enbiy%C3%A2-suresi/2549/66-70-ayet-tefsiri', 'https://kuran.diyanet.gov.tr/tefsir/Enbiy%C3%A2-suresi/2554/71-73-ayet-tefsiri', 'https://kuran.diyanet.gov.tr/tefsir/Enbiy%C3%A2-suresi/2557/74-75-ayet-tefsiri', 'https://kuran.diyanet.gov.tr/tefsir/Enbiy%C3%A2-suresi/2559/76-77-ayet-tefsiri', 'https://kuran.diyanet.gov.tr/tefsir/Enbiy%C3%A2-suresi/2561/78-79-ayet-tefsiri', 'https://kuran.diyanet.gov.tr/tefsir/Enbiy%C3%A2-suresi/2563/80-ayet-tefsiri', 'https://kuran.diyanet.gov.tr/tefsir/Enbiy%C3%A2-suresi/2564/81-ayet-tefsiri', 'https://kuran.diyanet.gov.tr/tefsir/Enbiy%C3%A2-suresi/2565/82-ayet-tefsiri', 'https://kuran.diyanet.gov.tr/tefsir/Enbiy%C3%A2-suresi/2566/83-84-ayet-tefsiri', 'https://kuran.diyanet.gov.tr/tefsir/Enbiy%C3%A2-suresi/2568/85-86-ayet-tefsiri', 'https://kuran.diyanet.gov.tr/tefsir/Enbiy%C3%A2-suresi/2570/87-88-ayet-tefsiri', 'https://kuran.diyanet.gov.tr/tefsir/Enbiy%C3%A2-suresi/2572/89-90-ayet-tefsiri', 'https://kuran.diyanet.gov.tr/tefsir/Enbiy%C3%A2-suresi/2574/91-ayet-tefsiri', 'https://kuran.diyanet.gov.tr/tefsir/Enbiy%C3%A2-suresi/2575/92-93-ayet-tefsiri', 'https://kuran.diyanet.gov.tr/tefsir/Enbiy%C3%A2-suresi/2577/94-96-ayet-tefsiri', 'https://kuran.diyanet.gov.tr/tefsir/Enbiy%C3%A2-suresi/2580/97-ayet-tefsiri', 'https://kuran.diyanet.gov.tr/tefsir/Enbiy%C3%A2-suresi/2581/98-100-ayet-tefsiri', 'https://kuran.diyanet.gov.tr/tefsir/Enbiy%C3%A2-suresi/2584/101-103-ayet-tefsiri', 'https://kuran.diyanet.gov.tr/tefsir/Enbiy%C3%A2-suresi/2587/104-ayet-tefsiri', 'https://kuran.diyanet.gov.tr/tefsir/Enbiy%C3%A2-suresi/2588/105-106-ayet-tefsiri', 'https://kuran.diyanet.gov.tr/tefsir/Enbiy%C3%A2-suresi/2590/107-ayet-tefsiri', 'https://kuran.diyanet.gov.tr/tefsir/Enbiy%C3%A2-suresi/2591/108-111-ayet-tefsiri', 'https://kuran.diyanet.gov.tr/tefsir/Enbiy%C3%A2-suresi/2595/112-ayet-tefsiri']"
22,"Hakkında
                    Âyetlerinin çoğu Mekke’de, bir kısmı ise Medine döneminde inmiştir. 78 âyettir. Hac ibadetinden bahsettiği için bu adı almıştır. Sûrede ayrıca kıyamet gününün dehşetinden, kıyamet günü yaşanacak sahnelerden, cihattan ve helâk edilmiş eski toplumlardan söz edilmektedir","Nuzül
 Mushaftaki sıralamada yirmi ikinci, iniş sırasına göre yüz üçüncü sûredir. Nûr sûresinden sonra, Münâfikūn sûresinden önce inmiştir. Sûrenin üslûbu ve içeriği, bir kısmının Mekke, bir kısmının da Medine döneminde indiğini düşündürmektedir. Özellikle baş taraftaki âyetlerin Mekke döneminde inmiş olması ihtimali güçlü olduğundan, genellikle Mekkî olarak nitelenir ve bütününün iniş sırası itibariyle 103. sûre olduğu kabul edilir (bu konudaki rivayet ve görüşlerin değerlendirilmesi için bk. İbn Âşûr, XVII, 180-183; Derveze, VII, 73-74; Esed, II, 666; Emin Işık, “Hac Sûresi”, DİA, XIV, 420; Ateş, nüzûl sırası bakımından seksen sekizinci sûre olduğu kanaatindedir, bk. VI, 5).","Konusu
 Sûrenin başında insanlara Allah’ın birliğine inanma ve O’na saygısızlıktan kaçınma çağrısı yapılırken kıyamet gününün dehşeti hatırlatılmakta, öldükten sonra dirilmenin gerçekliğini kavratmak için insanın meydana gelişine ilişkin aşamalardan ve tabiattaki yenilenmelerden söz edilmektedir. Daha sonra hac ve kurban ibadetinin amaçlarına, müslümanlara varlık mücadelelerini sürdürmeleri için hicret ve düşmanla savaş müsaadesi verildiğine değinilmekte, önceki toplumların başına gelenlerden ibret alınması için uyarılar yapılmakta, peygamberlerin getirdiği vahyin ilâhî kaynaklı olduğuna dikkat çekilmekte, evrende Allah’ın varlık ve birliğini gösteren deliller üzerinde düşünme fırsatı veren örneklere işaret edilmekte ve sonunda da müslümanlara, kendilerine yüklenen ulvî görevin bilincinde olmaları çağrısı yapılmaktadır.İman, şirk, ibadet, cihad gibi konular üç ana çerçevede ele alınmak­tadır. Bunlar hicret, savaş ve hacdır. Her üçünde de insanın yerini yurdunu terkedip uzaklara gitmesi, çeşitli zahmetlere katlanması ve aynı inancı taşıyanlarla kader birliği etmesi söz konusudur. Kader birliği ise millet ve ümmet olmanın, bir toplum haline gelmenin temel şartıdır. Hz. Peygamber o tarihteki örneklerine uygun bir devlet kurmak isteseydi Hâşimî sülâlesinin gücüne dayanmak zorunda kalacaktı. Halbuki o, önce inanç ve kültür temeli üzerine kurulan yepyeni bir ümmet meydana getirmiştir. Sûre, etnik ve kültürel kökenleri farklı insanların ümmet olmak için nelere sahip bulunmaları ve neler yapmaları gerektiği hususunda âdeta bir gündem belirlemektedir. Hicret öncesinde inmeye başlayan sûre, müslümanları güçlü bir birlik oluşturmaya ve onları hicret sonrasında ortaya çıkacak devleti kurmaya hazırlar gibidir (Emin Işık, “Hac Sûresi”, DİA, XIV, 421).","Fazileti
 Kurtubî –Gaznevî’den naklen– şöyle bir tesbite yer verir: Hac sûresi en ilginç sûrelerdendir; kısmen gece kısmen gündüz, kısmen se­fer­de kısmen hazarda, bir kısmı Mekke’de bir kısmı Medine’de, bir kısmı savaş sırasında, bir kısmı barış döneminde inmiştir; hem nâsih hem mensuh âyetler, hem muhkem hem müteşâbih âyetler içerir (XII, 5).Ebû Hanîfe ve Süfyân es-Sevrî gibi âlimlere göre bu sûrede sadece bir secde âyeti vardır (18. âyet). Aralarında Şâfiî ve Ahmed b. Hanbel’in de bulunduğu bir grup âlime göre ise 18 ve 77. âyetlerinde secde yapılması gerekir. Ukbe b. Âmir’in, iki secde ihtiva etmesinden hareketle bu sûrenin ayrı bir faziletinin bulunup bulunmadığı yönündeki sorusuna Hz. Peygamber’in “Evet, vardır” cevabını verdiği rivayet edilmiştir; ancak hadisin sıhhat derecesi tartışmalıdır (Kurtubî, XII, 5).","['https://kuran.diyanet.gov.tr/tefsir/Hac-suresi/2596/1-2-ayet-tefsiri', 'https://kuran.diyanet.gov.tr/tefsir/Hac-suresi/2598/3-4-ayet-tefsiri', 'https://kuran.diyanet.gov.tr/tefsir/Hac-suresi/2600/5-7-ayet-tefsiri', 'https://kuran.diyanet.gov.tr/tefsir/Hac-suresi/2603/8-10-ayet-tefsiri', 'https://kuran.diyanet.gov.tr/tefsir/Hac-suresi/2606/11-14-ayet-tefsiri', 'https://kuran.diyanet.gov.tr/tefsir/Hac-suresi/2610/15-ayet-tefsiri', 'https://kuran.diyanet.gov.tr/tefsir/Hac-suresi/2611/16-ayet-tefsiri', 'https://kuran.diyanet.gov.tr/tefsir/Hac-suresi/2612/17-ayet-tefsiri', 'https://kuran.diyanet.gov.tr/tefsir/Hac-suresi/2613/18-24-ayet-tefsiri', 'https://kuran.diyanet.gov.tr/tefsir/Hac-suresi/2620/25-37-ayet-tefsiri', 'https://kuran.diyanet.gov.tr/tefsir/Hac-suresi/2633/38-ayet-tefsiri', 'https://kuran.diyanet.gov.tr/tefsir/Hac-suresi/2634/39-41-ayet-tefsiri', 'https://kuran.diyanet.gov.tr/tefsir/Hac-suresi/2637/42-44-ayet-tefsiri', 'https://kuran.diyanet.gov.tr/tefsir/Hac-suresi/2640/45-48-ayet-tefsiri', 'https://kuran.diyanet.gov.tr/tefsir/Hac-suresi/2644/49-51-ayet-tefsiri', 'https://kuran.diyanet.gov.tr/tefsir/Hac-suresi/2647/52-55-ayet-tefsiri', 'https://kuran.diyanet.gov.tr/tefsir/Hac-suresi/2651/56-59-ayet-tefsiri', 'https://kuran.diyanet.gov.tr/tefsir/Hac-suresi/2655/60-ayet-tefsiri', 'https://kuran.diyanet.gov.tr/tefsir/Hac-suresi/2656/61-62-ayet-tefsiri', 'https://kuran.diyanet.gov.tr/tefsir/Hac-suresi/2658/63-66-ayet-tefsiri', 'https://kuran.diyanet.gov.tr/tefsir/Hac-suresi/2662/67-ayet-tefsiri', 'https://kuran.diyanet.gov.tr/tefsir/Hac-suresi/2663/68-70-ayet-tefsiri', 'https://kuran.diyanet.gov.tr/tefsir/Hac-suresi/2666/71-72-ayet-tefsiri', 'https://kuran.diyanet.gov.tr/tefsir/Hac-suresi/2668/73-74-ayet-tefsiri', 'https://kuran.diyanet.gov.tr/tefsir/Hac-suresi/2670/75-76-ayet-tefsiri', 'https://kuran.diyanet.gov.tr/tefsir/Hac-suresi/2672/77-78-ayet-tefsiri']"
23,"Hakkında
                    Mekke döneminde inmiştir. 118 âyettir. Sûre, adını birinci âyette geçen “elMü’minûn” kelimesinden almıştır. “el-Mü’minûn”, mü’minler demektir. Müşriklere son uyarı niteliğindeki bu sûrede, mü’minlerin zafere ulaşacakları, kötülerin cezaya çarptırılacağı konu edilmektedir.","Nuzül
 Mushaftaki sıralamada yirmi üçüncü, iniş sırasına göre yetmiş dördüncü sûredir. Enbiyâ sûresinden sonra, Secde sûresinden önce Mekke’de inmiştir.","Konusu
 Mü’minûn sûresinin öncelikli konusu inananların üstün nitelikleridir. Daha sonra her bir insanın anne karnındaki oluşum süreci, Hz. Nûh ve adı verilmeyen bir peygamber ile Mûsâ ve Hârûn hakkında ibretli bilgiler, tebliğlerinin ortak noktaları, peygamberlerin yolundan giden ümmetlerin ve onların yolundan sapan inkârcıların başlıca özellikleri, Mekke putperestlerinin, sorulduğunda Allah’ın yaratıcı gücünü kabul etmelerine rağmen O’na ortak koşmaları ve âhirete inanmamaları, bunların âhiretteki acıklı durumları, pişmanlıkları ve karşılık bulmayacak dilekleri hakkında açıklamalar yapılmaktadır. Sûre, “Rabbim! Beni bağışla, bana merhamet et; sen merhametli olanların en üstünüsün!” meâlindeki dua cümlesiyle son bulur.","Fazileti
 Hz. Ömer’den rivayet edilen bir hadise göre Resûlullah, bir ara olağan üstü vahiy hallerinden birini yaşarken kıbleye dönüp ellerini kaldırarak, “Allahım! Bize nimetini arttır, eksiltme; bizi onurlandır, alçaltma; bize ihsan et, mahrum etme; bizi seçkin kıl (düşmanlarımıza karşı) zayıf duruma düşürme; bizden hoşnut ol ve bizi senden hoşnut kıl!” diye dua ettikten sonra, “Şu anda bana on âyet indi; kim bu âyetlerin gereğini yaparsa cennete girecektir” buyurmuş, ardından da bu sûrenin ilk on âyetini okumuştur (Müsned, I, 34).","[""https://kuran.diyanet.gov.tr/tefsir/M%C3%BC'min%C3%BBn-suresi/2674/1-ayet-tefsiri"", ""https://kuran.diyanet.gov.tr/tefsir/M%C3%BC'min%C3%BBn-suresi/2675/2-ayet-tefsiri"", ""https://kuran.diyanet.gov.tr/tefsir/M%C3%BC'min%C3%BBn-suresi/2676/3-ayet-tefsiri"", ""https://kuran.diyanet.gov.tr/tefsir/M%C3%BC'min%C3%BBn-suresi/2677/4-ayet-tefsiri"", ""https://kuran.diyanet.gov.tr/tefsir/M%C3%BC'min%C3%BBn-suresi/2678/5-7-ayet-tefsiri"", ""https://kuran.diyanet.gov.tr/tefsir/M%C3%BC'min%C3%BBn-suresi/2681/8-ayet-tefsiri"", ""https://kuran.diyanet.gov.tr/tefsir/M%C3%BC'min%C3%BBn-suresi/2682/9-ayet-tefsiri"", ""https://kuran.diyanet.gov.tr/tefsir/M%C3%BC'min%C3%BBn-suresi/2683/10-11-ayet-tefsiri"", ""https://kuran.diyanet.gov.tr/tefsir/M%C3%BC'min%C3%BBn-suresi/2685/12-14-ayet-tefsiri"", ""https://kuran.diyanet.gov.tr/tefsir/M%C3%BC'min%C3%BBn-suresi/2688/15-16-ayet-tefsiri"", ""https://kuran.diyanet.gov.tr/tefsir/M%C3%BC'min%C3%BBn-suresi/2690/17-ayet-tefsiri"", ""https://kuran.diyanet.gov.tr/tefsir/M%C3%BC'min%C3%BBn-suresi/2691/18-20-ayet-tefsiri"", ""https://kuran.diyanet.gov.tr/tefsir/M%C3%BC'min%C3%BBn-suresi/2694/21-22-ayet-tefsiri"", ""https://kuran.diyanet.gov.tr/tefsir/M%C3%BC'min%C3%BBn-suresi/2696/23-25-ayet-tefsiri"", ""https://kuran.diyanet.gov.tr/tefsir/M%C3%BC'min%C3%BBn-suresi/2699/26-29-ayet-tefsiri"", ""https://kuran.diyanet.gov.tr/tefsir/M%C3%BC'min%C3%BBn-suresi/2703/30-ayet-tefsiri"", ""https://kuran.diyanet.gov.tr/tefsir/M%C3%BC'min%C3%BBn-suresi/2704/31-41-ayet-tefsiri"", ""https://kuran.diyanet.gov.tr/tefsir/M%C3%BC'min%C3%BBn-suresi/2715/42-44-ayet-tefsiri"", ""https://kuran.diyanet.gov.tr/tefsir/M%C3%BC'min%C3%BBn-suresi/2718/45-48-ayet-tefsiri"", ""https://kuran.diyanet.gov.tr/tefsir/M%C3%BC'min%C3%BBn-suresi/2722/49-ayet-tefsiri"", ""https://kuran.diyanet.gov.tr/tefsir/M%C3%BC'min%C3%BBn-suresi/2723/50-ayet-tefsiri"", ""https://kuran.diyanet.gov.tr/tefsir/M%C3%BC'min%C3%BBn-suresi/2724/51-ayet-tefsiri"", ""https://kuran.diyanet.gov.tr/tefsir/M%C3%BC'min%C3%BBn-suresi/2725/52-53-ayet-tefsiri"", ""https://kuran.diyanet.gov.tr/tefsir/M%C3%BC'min%C3%BBn-suresi/2727/54-ayet-tefsiri"", ""https://kuran.diyanet.gov.tr/tefsir/M%C3%BC'min%C3%BBn-suresi/2728/55-56-ayet-tefsiri"", ""https://kuran.diyanet.gov.tr/tefsir/M%C3%BC'min%C3%BBn-suresi/2730/57-61-ayet-tefsiri"", ""https://kuran.diyanet.gov.tr/tefsir/M%C3%BC'min%C3%BBn-suresi/2735/62-ayet-tefsiri"", ""https://kuran.diyanet.gov.tr/tefsir/M%C3%BC'min%C3%BBn-suresi/2736/63-65-ayet-tefsiri"", ""https://kuran.diyanet.gov.tr/tefsir/M%C3%BC'min%C3%BBn-suresi/2739/66-67-ayet-tefsiri"", ""https://kuran.diyanet.gov.tr/tefsir/M%C3%BC'min%C3%BBn-suresi/2741/68-70-ayet-tefsiri"", ""https://kuran.diyanet.gov.tr/tefsir/M%C3%BC'min%C3%BBn-suresi/2744/71-ayet-tefsiri"", ""https://kuran.diyanet.gov.tr/tefsir/M%C3%BC'min%C3%BBn-suresi/2745/72-77-ayet-tefsiri"", ""https://kuran.diyanet.gov.tr/tefsir/M%C3%BC'min%C3%BBn-suresi/2751/78-80-ayet-tefsiri"", ""https://kuran.diyanet.gov.tr/tefsir/M%C3%BC'min%C3%BBn-suresi/2754/81-83-ayet-tefsiri"", ""https://kuran.diyanet.gov.tr/tefsir/M%C3%BC'min%C3%BBn-suresi/2757/84-90-ayet-tefsiri"", ""https://kuran.diyanet.gov.tr/tefsir/M%C3%BC'min%C3%BBn-suresi/2764/91-92-ayet-tefsiri"", ""https://kuran.diyanet.gov.tr/tefsir/M%C3%BC'min%C3%BBn-suresi/2766/93-95-ayet-tefsiri"", ""https://kuran.diyanet.gov.tr/tefsir/M%C3%BC'min%C3%BBn-suresi/2769/96-ayet-tefsiri"", ""https://kuran.diyanet.gov.tr/tefsir/M%C3%BC'min%C3%BBn-suresi/2770/97-98-ayet-tefsiri"", ""https://kuran.diyanet.gov.tr/tefsir/M%C3%BC'min%C3%BBn-suresi/2772/99-101-ayet-tefsiri"", ""https://kuran.diyanet.gov.tr/tefsir/M%C3%BC'min%C3%BBn-suresi/2775/102-104-ayet-tefsiri"", ""https://kuran.diyanet.gov.tr/tefsir/M%C3%BC'min%C3%BBn-suresi/2778/105-111-ayet-tefsiri"", ""https://kuran.diyanet.gov.tr/tefsir/M%C3%BC'min%C3%BBn-suresi/2785/112-114-ayet-tefsiri"", ""https://kuran.diyanet.gov.tr/tefsir/M%C3%BC'min%C3%BBn-suresi/2788/115-ayet-tefsiri"", ""https://kuran.diyanet.gov.tr/tefsir/M%C3%BC'min%C3%BBn-suresi/2789/116-118-ayet-tefsiri""]"
24,"Hakkında
                    Medine döneminde inmiştir. 64 âyettir. Adını, 35. âyette geçen “nûr” kelimesinden almıştır. Sûre de başlıca; bireysel ve toplumsal hayatla ilgili çeşitli hüküm ve prensipler, özellikle aile hayatına dair esaslar yer almaktadır.","Nuzül
 Mushaftaki sıralamada yirmi dördüncü, iniş sırasına göre 102. sûredir. Haşr sûresinden sonra, Hac sûresinden önce Medine’de inmiştir. Zina edenlerle evlenmeyi kınayan 3. âyet, hicretin 3. yılında, Recî’ çatışmasında şehid düşen Mirsed ile ilgilidir. Şu halde sûrenin ilk âyetleri hicretin 1. yılının sonu ile 2. yılının başlarında vahyedilmiş olmalıdır. Eşleri hakkında zina suçlamasında bulunan kocalar hakkındaki 6. âyetin de Tebük Savaşı’ndan sonra, 9. yılın Şâban ayında geldiği bilinmektedir. Buna göre sûrenin uzun bir zaman dilimi içinde parça parça nâzil olduğu anlaşılmaktadır.","Konusu
 Sûrenin konularını şöylece sıralamak mümkündür:1. Zina suçu işleyenlerin cezası ve bunlarla evlenmenin hükmü.2. Namuslu kadınlara iftira edenlerin ispat yükümlülüğü, cezası ve lânetleşme usulü.3. Hz. Âişe’nin, münafıklar tarafından yapılan iftiradan berâeti (Allah’ın münafıkları yalanlaması, Hz. Âişe’yi temize çıkartması).4. Namusla ilgili dedikoduların ve ahlâksızlığın yayılmasına sebep olanların kınanması.5. Evlere girip çıkma ile ilgili muaşeret kuralları.6. Müslümanlar arasındaki (kadın-erkek) sosyal ilişkiler ve selâmlaşma kuralları.7. Köle ve câriyelere iyi davranma, onları evlendirme ve özgürlüklerine kavuşturma konularıyla ilgili teşvikler.8. Fuhşun yasaklanması, iffetli olmanın teşviki.9. Şeytanın tuzakları hakkında uyarı.10. Allah’ın doğru yolu göstermesi ve imana giden yola ışık tutmasıyla ilgili temsilî açıklamalar.11. Allah’ın büyüklüğü ve eşsiz nitelikleri, O’na kulluk edenlere sevgisi ve ödülleri konularında önemli açıklamalar ve müjdeler.",Fazileti,"['https://kuran.diyanet.gov.tr/tefsir/N%C3%BBr-suresi/2792/1-ayet-tefsiri', 'https://kuran.diyanet.gov.tr/tefsir/N%C3%BBr-suresi/2793/2-ayet-tefsiri', 'https://kuran.diyanet.gov.tr/tefsir/N%C3%BBr-suresi/2794/3-ayet-tefsiri', 'https://kuran.diyanet.gov.tr/tefsir/N%C3%BBr-suresi/2795/4-ayet-tefsiri', 'https://kuran.diyanet.gov.tr/tefsir/N%C3%BBr-suresi/2796/5-ayet-tefsiri', 'https://kuran.diyanet.gov.tr/tefsir/N%C3%BBr-suresi/2797/6-9-ayet-tefsiri', 'https://kuran.diyanet.gov.tr/tefsir/N%C3%BBr-suresi/2801/10-ayet-tefsiri', 'https://kuran.diyanet.gov.tr/tefsir/N%C3%BBr-suresi/2802/11-20-ayet-tefsiri', 'https://kuran.diyanet.gov.tr/tefsir/N%C3%BBr-suresi/2812/21-ayet-tefsiri', 'https://kuran.diyanet.gov.tr/tefsir/N%C3%BBr-suresi/2813/22-ayet-tefsiri', 'https://kuran.diyanet.gov.tr/tefsir/N%C3%BBr-suresi/2814/23-25-ayet-tefsiri', 'https://kuran.diyanet.gov.tr/tefsir/N%C3%BBr-suresi/2817/26-ayet-tefsiri', 'https://kuran.diyanet.gov.tr/tefsir/N%C3%BBr-suresi/2818/27-29-ayet-tefsiri', 'https://kuran.diyanet.gov.tr/tefsir/N%C3%BBr-suresi/2821/30-ayet-tefsiri', 'https://kuran.diyanet.gov.tr/tefsir/N%C3%BBr-suresi/2822/31-ayet-tefsiri', 'https://kuran.diyanet.gov.tr/tefsir/N%C3%BBr-suresi/2823/32-ayet-tefsiri', 'https://kuran.diyanet.gov.tr/tefsir/N%C3%BBr-suresi/2824/33-ayet-tefsiri', 'https://kuran.diyanet.gov.tr/tefsir/N%C3%BBr-suresi/2825/34-ayet-tefsiri', 'https://kuran.diyanet.gov.tr/tefsir/N%C3%BBr-suresi/2826/35-ayet-tefsiri', 'https://kuran.diyanet.gov.tr/tefsir/N%C3%BBr-suresi/2827/36-38-ayet-tefsiri', 'https://kuran.diyanet.gov.tr/tefsir/N%C3%BBr-suresi/2830/39-40-ayet-tefsiri', 'https://kuran.diyanet.gov.tr/tefsir/N%C3%BBr-suresi/2832/41-ayet-tefsiri', 'https://kuran.diyanet.gov.tr/tefsir/N%C3%BBr-suresi/2833/42-ayet-tefsiri', 'https://kuran.diyanet.gov.tr/tefsir/N%C3%BBr-suresi/2834/43-ayet-tefsiri', 'https://kuran.diyanet.gov.tr/tefsir/N%C3%BBr-suresi/2835/44-ayet-tefsiri', 'https://kuran.diyanet.gov.tr/tefsir/N%C3%BBr-suresi/2836/45-46-ayet-tefsiri', 'https://kuran.diyanet.gov.tr/tefsir/N%C3%BBr-suresi/2838/47-51-ayet-tefsiri', 'https://kuran.diyanet.gov.tr/tefsir/N%C3%BBr-suresi/2843/52-ayet-tefsiri', 'https://kuran.diyanet.gov.tr/tefsir/N%C3%BBr-suresi/2844/53-ayet-tefsiri', 'https://kuran.diyanet.gov.tr/tefsir/N%C3%BBr-suresi/2845/54-ayet-tefsiri', 'https://kuran.diyanet.gov.tr/tefsir/N%C3%BBr-suresi/2846/55-ayet-tefsiri', 'https://kuran.diyanet.gov.tr/tefsir/N%C3%BBr-suresi/2847/56-ayet-tefsiri', 'https://kuran.diyanet.gov.tr/tefsir/N%C3%BBr-suresi/2848/57-ayet-tefsiri', 'https://kuran.diyanet.gov.tr/tefsir/N%C3%BBr-suresi/2849/58-59-ayet-tefsiri', 'https://kuran.diyanet.gov.tr/tefsir/N%C3%BBr-suresi/2851/60-ayet-tefsiri', 'https://kuran.diyanet.gov.tr/tefsir/N%C3%BBr-suresi/2852/61-ayet-tefsiri', 'https://kuran.diyanet.gov.tr/tefsir/N%C3%BBr-suresi/2853/62-ayet-tefsiri', 'https://kuran.diyanet.gov.tr/tefsir/N%C3%BBr-suresi/2854/63-ayet-tefsiri', 'https://kuran.diyanet.gov.tr/tefsir/N%C3%BBr-suresi/2855/64-ayet-tefsiri']"
25,"Hakkında
                    Mekke döneminde inmiştir. 68-70. âyetlerin Medine döneminde indiği konusunda bir rivayet de vardır. 77 âyettir. Sûre, adını ilk âyette geçen “elFurkân” kelimesinden almaktadır. Furkân, “hak ile batılı birbirinden ayıran”demek olup Kur’an’ın isimlerinden biridir. Sûre de temel konular olarak Hz.Peygamber’in tüm insanlığa gönderildiği, onun tebliğ sırasında karşılaştığı zorluklar ve şirkin kökünün kazınacağı, geçmiş ümmetlerin hayatlarından bazı örnekler de verilerek ele alınmaktadır.","Nuzül
 Mushaftaki sıralamada yirmi beşinci, iniş sırasına göre kırk ikinci sûredir. Yâsîn sûresinden sonra, Fâtır sûresinden önce Mekke’de inmiştir. Abdullah b. Abbas’tan nakledilen bir rivayette 68-70. âyetlerin Medine’de indiği belirtilirse de Buhârî’nin kaydettiği bir rivayette (“Tefsîr”, 25), 68. âyetin Mekke’de indiğini belirten bir bilginin yer alması, bu üç âyetin de Mekke’de indiği ihtimalini güçlendirmektedir. Sûrenin ilk üç âyetinin Medine’de indiği yolunda da bir rivayet vardır (İbn Âşûr, XVIII, 313).","Konusu
 Furkan sûresi, Allah Teâlâ’nın yüceliğini, evrendeki hüküm­ranlığının mutlaklığını vurgulayan ve O’nu ulûhiyyetine yakışmayan niteliklerden tenzih eden âyetlerle başlar; Kur’an’ın ilâhî kaynaklı ve Hz. Muhammed’in hak peygamber olduğu hususundaki kuşkuları reddeden açıklamalarla devam eder. Ortaya konan delillere rağmen bu gerçekleri inkâr edenlerin, inat ve inkârları yüzünden âhirette uğrayacakları âkıbet hakkında bilgi verilerek uyarılarda bulunulur. Özellikle Hz. Muhammed’in peygamberliğini inkâr edenlerin, onun beşerî sıfatlara sahip olduğunu ileri sürerek bu durumu kendisi için bir kusurmuş gibi değerlendirmeleri eleştirilir. Daha sonra Hz. Peygamber için bir teselli olması maksadıyla geçmiş peygamberlerin de bu tür düşmanca davranışlara mâruz kaldıklarına dair örnekler verilir. Allah’ın yaratıcılığı ve evren üzerindeki hükümranlığını konu alan âyetlerin ardından Allah’ın has kullarının iman, ibadet ve ahlâka dair güzel hasletlerinden örnekler verilir ve bunların âhirette elde edecekleri mutluluktan söz edilir.",Fazileti,"['https://kuran.diyanet.gov.tr/tefsir/Furk%C3%A2n-suresi/2856/1-ayet-tefsiri', 'https://kuran.diyanet.gov.tr/tefsir/Furk%C3%A2n-suresi/2857/2-3-ayet-tefsiri', 'https://kuran.diyanet.gov.tr/tefsir/Furk%C3%A2n-suresi/2859/4-6-ayet-tefsiri', 'https://kuran.diyanet.gov.tr/tefsir/Furk%C3%A2n-suresi/2862/7-8-ayet-tefsiri', 'https://kuran.diyanet.gov.tr/tefsir/Furk%C3%A2n-suresi/2864/9-10-ayet-tefsiri', 'https://kuran.diyanet.gov.tr/tefsir/Furk%C3%A2n-suresi/2866/11-14-ayet-tefsiri', 'https://kuran.diyanet.gov.tr/tefsir/Furk%C3%A2n-suresi/2870/15-16-ayet-tefsiri', 'https://kuran.diyanet.gov.tr/tefsir/Furk%C3%A2n-suresi/2872/17-19-ayet-tefsiri', 'https://kuran.diyanet.gov.tr/tefsir/Furk%C3%A2n-suresi/2875/20-ayet-tefsiri', 'https://kuran.diyanet.gov.tr/tefsir/Furk%C3%A2n-suresi/2876/21-22-ayet-tefsiri', 'https://kuran.diyanet.gov.tr/tefsir/Furk%C3%A2n-suresi/2878/23-24-ayet-tefsiri', 'https://kuran.diyanet.gov.tr/tefsir/Furk%C3%A2n-suresi/2880/25-ayet-tefsiri', 'https://kuran.diyanet.gov.tr/tefsir/Furk%C3%A2n-suresi/2881/26-29-ayet-tefsiri', 'https://kuran.diyanet.gov.tr/tefsir/Furk%C3%A2n-suresi/2885/30-ayet-tefsiri', 'https://kuran.diyanet.gov.tr/tefsir/Furk%C3%A2n-suresi/2886/31-ayet-tefsiri', 'https://kuran.diyanet.gov.tr/tefsir/Furk%C3%A2n-suresi/2887/32-ayet-tefsiri', 'https://kuran.diyanet.gov.tr/tefsir/Furk%C3%A2n-suresi/2888/33-ayet-tefsiri', 'https://kuran.diyanet.gov.tr/tefsir/Furk%C3%A2n-suresi/2889/34-ayet-tefsiri', 'https://kuran.diyanet.gov.tr/tefsir/Furk%C3%A2n-suresi/2890/35-39-ayet-tefsiri', 'https://kuran.diyanet.gov.tr/tefsir/Furk%C3%A2n-suresi/2895/40-ayet-tefsiri', 'https://kuran.diyanet.gov.tr/tefsir/Furk%C3%A2n-suresi/2896/41-42-ayet-tefsiri', 'https://kuran.diyanet.gov.tr/tefsir/Furk%C3%A2n-suresi/2898/43-44-ayet-tefsiri', 'https://kuran.diyanet.gov.tr/tefsir/Furk%C3%A2n-suresi/2900/45-50-ayet-tefsiri', 'https://kuran.diyanet.gov.tr/tefsir/Furk%C3%A2n-suresi/2906/51-52-ayet-tefsiri', 'https://kuran.diyanet.gov.tr/tefsir/Furk%C3%A2n-suresi/2908/53-ayet-tefsiri', 'https://kuran.diyanet.gov.tr/tefsir/Furk%C3%A2n-suresi/2909/54-55-ayet-tefsiri', 'https://kuran.diyanet.gov.tr/tefsir/Furk%C3%A2n-suresi/2911/56-58-ayet-tefsiri', 'https://kuran.diyanet.gov.tr/tefsir/Furk%C3%A2n-suresi/2914/59-ayet-tefsiri', 'https://kuran.diyanet.gov.tr/tefsir/Furk%C3%A2n-suresi/2915/60-ayet-tefsiri', 'https://kuran.diyanet.gov.tr/tefsir/Furk%C3%A2n-suresi/2916/61-62-ayet-tefsiri', 'https://kuran.diyanet.gov.tr/tefsir/Furk%C3%A2n-suresi/2918/63-66-ayet-tefsiri', 'https://kuran.diyanet.gov.tr/tefsir/Furk%C3%A2n-suresi/2922/67-ayet-tefsiri', 'https://kuran.diyanet.gov.tr/tefsir/Furk%C3%A2n-suresi/2923/68-ayet-tefsiri', 'https://kuran.diyanet.gov.tr/tefsir/Furk%C3%A2n-suresi/2924/69-ayet-tefsiri', 'https://kuran.diyanet.gov.tr/tefsir/Furk%C3%A2n-suresi/2925/70-71-ayet-tefsiri', 'https://kuran.diyanet.gov.tr/tefsir/Furk%C3%A2n-suresi/2927/72-ayet-tefsiri', 'https://kuran.diyanet.gov.tr/tefsir/Furk%C3%A2n-suresi/2928/73-ayet-tefsiri', 'https://kuran.diyanet.gov.tr/tefsir/Furk%C3%A2n-suresi/2929/74-76-ayet-tefsiri', 'https://kuran.diyanet.gov.tr/tefsir/Furk%C3%A2n-suresi/2932/77-ayet-tefsiri']"
26,"Hakkında
                    Mekke döneminde inmiştir. 227 âyettir. Sûre, adını 224. âyette geçen “eş-Şu’arâ” kelimesinden almıştır. “Şu’arâ” şairler demektir. Sûre de başlıca Mûsâ, İbrahim, Nûh, Hûd,Salih ve Şu’ayb peygamberlerin kıssaları dile getirilmekte; müşriklerin, Kur’an’ın vahiy dışı bir kaynağa dayalı olduğu iddialarına karşılık, onun bir vahiy eseri olduğu vurgulanmakta, söz konusu kaynakların Kur’an üzerinde hiçbir etkisinin bulunamayacağı ifade edilmektedir.","Nuzül
 Mushaftaki sıralamada yirmi altıncı, iniş sırasına göre kırk yedinci sûredir. Vâkıa sûresinden sonra, Neml sûresinden önce Mek­ke’de inmiştir. 197. âyeti ile son dört âyetinin (224-227) Medine döneminde indiğine dair rivayetler de vardır (Süyûtî, el-İtkān, I, 12; İbn Âşûr, XIX, 89-90).","Konusu
 Ağırlıklı olarak Allah’ın birliği, peygamberlik, vahiy ve âhiret inancı gibi konular ele alınmaktadır. Ayrıca Kur’an-ı Kerîm’den, onun kaynağından, şanının yüceliğinden ve müşriklerin Kur’an karşısındaki tutumundan bahsedilmekte, örnek ve ibret alınması için bazı peygamberlerin kıssaları ve tebliğlerinden kesitler verilmektedir. Bu kıssalarda tarih sürecinde insan karakterinin değişmediğine, bu sebeple insanda gerçeği inkâr etme eğiliminin her dönemde görülebileceğine, insanoğlunun zenginlik, iktidar, nüfuz ve şöhret düşkünlüğüne, kitlesel kültür ve ideolojilere körü körüne bağlılığına dikkat çekilmektedir. Kur’an’ın bir şair tarafından meydana getirildiği iddiaları çürütülmekte; gerçeği kabul etmeyen dönemin şairleri yerilmekte, ancak mümin ve makbul şairlerin de bulunduğu ifade edilmektedir.",Fazileti,"['https://kuran.diyanet.gov.tr/tefsir/%C5%9Euar%C3%A2-suresi/2933/1-2-ayet-tefsiri', 'https://kuran.diyanet.gov.tr/tefsir/%C5%9Euar%C3%A2-suresi/2935/3-4-ayet-tefsiri', 'https://kuran.diyanet.gov.tr/tefsir/%C5%9Euar%C3%A2-suresi/2937/5-9-ayet-tefsiri', 'https://kuran.diyanet.gov.tr/tefsir/%C5%9Euar%C3%A2-suresi/2942/10-11-ayet-tefsiri', 'https://kuran.diyanet.gov.tr/tefsir/%C5%9Euar%C3%A2-suresi/2944/12-14-ayet-tefsiri', 'https://kuran.diyanet.gov.tr/tefsir/%C5%9Euar%C3%A2-suresi/2947/15-17-ayet-tefsiri', 'https://kuran.diyanet.gov.tr/tefsir/%C5%9Euar%C3%A2-suresi/2950/18-21-ayet-tefsiri', 'https://kuran.diyanet.gov.tr/tefsir/%C5%9Euar%C3%A2-suresi/2954/22-ayet-tefsiri', 'https://kuran.diyanet.gov.tr/tefsir/%C5%9Euar%C3%A2-suresi/2955/23-28-ayet-tefsiri', 'https://kuran.diyanet.gov.tr/tefsir/%C5%9Euar%C3%A2-suresi/2961/29-33-ayet-tefsiri', 'https://kuran.diyanet.gov.tr/tefsir/%C5%9Euar%C3%A2-suresi/2966/34-40-ayet-tefsiri', 'https://kuran.diyanet.gov.tr/tefsir/%C5%9Euar%C3%A2-suresi/2973/41-ayet-tefsiri', 'https://kuran.diyanet.gov.tr/tefsir/%C5%9Euar%C3%A2-suresi/2974/42-ayet-tefsiri', 'https://kuran.diyanet.gov.tr/tefsir/%C5%9Euar%C3%A2-suresi/2975/43-ayet-tefsiri', 'https://kuran.diyanet.gov.tr/tefsir/%C5%9Euar%C3%A2-suresi/2976/44-ayet-tefsiri', 'https://kuran.diyanet.gov.tr/tefsir/%C5%9Euar%C3%A2-suresi/2977/45-ayet-tefsiri', 'https://kuran.diyanet.gov.tr/tefsir/%C5%9Euar%C3%A2-suresi/2978/46-ayet-tefsiri', 'https://kuran.diyanet.gov.tr/tefsir/%C5%9Euar%C3%A2-suresi/2979/47-48-ayet-tefsiri', 'https://kuran.diyanet.gov.tr/tefsir/%C5%9Euar%C3%A2-suresi/2981/49-ayet-tefsiri', 'https://kuran.diyanet.gov.tr/tefsir/%C5%9Euar%C3%A2-suresi/2982/50-ayet-tefsiri', 'https://kuran.diyanet.gov.tr/tefsir/%C5%9Euar%C3%A2-suresi/2983/51-ayet-tefsiri', 'https://kuran.diyanet.gov.tr/tefsir/%C5%9Euar%C3%A2-suresi/2984/52-60-ayet-tefsiri', 'https://kuran.diyanet.gov.tr/tefsir/%C5%9Euar%C3%A2-suresi/2993/61-68-ayet-tefsiri', 'https://kuran.diyanet.gov.tr/tefsir/%C5%9Euar%C3%A2-suresi/3001/69-ayet-tefsiri', 'https://kuran.diyanet.gov.tr/tefsir/%C5%9Euar%C3%A2-suresi/3002/70-82-ayet-tefsiri', 'https://kuran.diyanet.gov.tr/tefsir/%C5%9Euar%C3%A2-suresi/3015/83-89-ayet-tefsiri', 'https://kuran.diyanet.gov.tr/tefsir/%C5%9Euar%C3%A2-suresi/3022/90-ayet-tefsiri', 'https://kuran.diyanet.gov.tr/tefsir/%C5%9Euar%C3%A2-suresi/3023/91-ayet-tefsiri', 'https://kuran.diyanet.gov.tr/tefsir/%C5%9Euar%C3%A2-suresi/3024/92-ayet-tefsiri', 'https://kuran.diyanet.gov.tr/tefsir/%C5%9Euar%C3%A2-suresi/3025/93-ayet-tefsiri', 'https://kuran.diyanet.gov.tr/tefsir/%C5%9Euar%C3%A2-suresi/3026/94-ayet-tefsiri', 'https://kuran.diyanet.gov.tr/tefsir/%C5%9Euar%C3%A2-suresi/3027/95-ayet-tefsiri', 'https://kuran.diyanet.gov.tr/tefsir/%C5%9Euar%C3%A2-suresi/3028/96-102-ayet-tefsiri', 'https://kuran.diyanet.gov.tr/tefsir/%C5%9Euar%C3%A2-suresi/3035/103-ayet-tefsiri', 'https://kuran.diyanet.gov.tr/tefsir/%C5%9Euar%C3%A2-suresi/3036/104-ayet-tefsiri', 'https://kuran.diyanet.gov.tr/tefsir/%C5%9Euar%C3%A2-suresi/3037/105-122-ayet-tefsiri', 'https://kuran.diyanet.gov.tr/tefsir/%C5%9Euar%C3%A2-suresi/3055/123-ayet-tefsiri', 'https://kuran.diyanet.gov.tr/tefsir/%C5%9Euar%C3%A2-suresi/3056/124-ayet-tefsiri', 'https://kuran.diyanet.gov.tr/tefsir/%C5%9Euar%C3%A2-suresi/3057/125-ayet-tefsiri', 'https://kuran.diyanet.gov.tr/tefsir/%C5%9Euar%C3%A2-suresi/3058/126-ayet-tefsiri', 'https://kuran.diyanet.gov.tr/tefsir/%C5%9Euar%C3%A2-suresi/3059/127-ayet-tefsiri', 'https://kuran.diyanet.gov.tr/tefsir/%C5%9Euar%C3%A2-suresi/3060/128-135-ayet-tefsiri', 'https://kuran.diyanet.gov.tr/tefsir/%C5%9Euar%C3%A2-suresi/3068/136-140-ayet-tefsiri', 'https://kuran.diyanet.gov.tr/tefsir/%C5%9Euar%C3%A2-suresi/3073/141-142-ayet-tefsiri', 'https://kuran.diyanet.gov.tr/tefsir/%C5%9Euar%C3%A2-suresi/3075/143-ayet-tefsiri', 'https://kuran.diyanet.gov.tr/tefsir/%C5%9Euar%C3%A2-suresi/3076/144-ayet-tefsiri', 'https://kuran.diyanet.gov.tr/tefsir/%C5%9Euar%C3%A2-suresi/3077/145-ayet-tefsiri', 'https://kuran.diyanet.gov.tr/tefsir/%C5%9Euar%C3%A2-suresi/3078/146-150-ayet-tefsiri', 'https://kuran.diyanet.gov.tr/tefsir/%C5%9Euar%C3%A2-suresi/3083/151-ayet-tefsiri', 'https://kuran.diyanet.gov.tr/tefsir/%C5%9Euar%C3%A2-suresi/3084/152-ayet-tefsiri', 'https://kuran.diyanet.gov.tr/tefsir/%C5%9Euar%C3%A2-suresi/3085/153-ayet-tefsiri', 'https://kuran.diyanet.gov.tr/tefsir/%C5%9Euar%C3%A2-suresi/3086/154-ayet-tefsiri', 'https://kuran.diyanet.gov.tr/tefsir/%C5%9Euar%C3%A2-suresi/3087/155-159-ayet-tefsiri', 'https://kuran.diyanet.gov.tr/tefsir/%C5%9Euar%C3%A2-suresi/3092/160-166-ayet-tefsiri', 'https://kuran.diyanet.gov.tr/tefsir/%C5%9Euar%C3%A2-suresi/3099/167-ayet-tefsiri', 'https://kuran.diyanet.gov.tr/tefsir/%C5%9Euar%C3%A2-suresi/3100/168-ayet-tefsiri', 'https://kuran.diyanet.gov.tr/tefsir/%C5%9Euar%C3%A2-suresi/3101/169-ayet-tefsiri', 'https://kuran.diyanet.gov.tr/tefsir/%C5%9Euar%C3%A2-suresi/3102/170-ayet-tefsiri', 'https://kuran.diyanet.gov.tr/tefsir/%C5%9Euar%C3%A2-suresi/3103/171-173-ayet-tefsiri', 'https://kuran.diyanet.gov.tr/tefsir/%C5%9Euar%C3%A2-suresi/3106/174-ayet-tefsiri', 'https://kuran.diyanet.gov.tr/tefsir/%C5%9Euar%C3%A2-suresi/3107/175-ayet-tefsiri', 'https://kuran.diyanet.gov.tr/tefsir/%C5%9Euar%C3%A2-suresi/3108/176-184-ayet-tefsiri', 'https://kuran.diyanet.gov.tr/tefsir/%C5%9Euar%C3%A2-suresi/3117/185-187-ayet-tefsiri', 'https://kuran.diyanet.gov.tr/tefsir/%C5%9Euar%C3%A2-suresi/3120/188-ayet-tefsiri', 'https://kuran.diyanet.gov.tr/tefsir/%C5%9Euar%C3%A2-suresi/3121/189-ayet-tefsiri', 'https://kuran.diyanet.gov.tr/tefsir/%C5%9Euar%C3%A2-suresi/3122/190-ayet-tefsiri', 'https://kuran.diyanet.gov.tr/tefsir/%C5%9Euar%C3%A2-suresi/3123/191-ayet-tefsiri', 'https://kuran.diyanet.gov.tr/tefsir/%C5%9Euar%C3%A2-suresi/3124/192-195-ayet-tefsiri', 'https://kuran.diyanet.gov.tr/tefsir/%C5%9Euar%C3%A2-suresi/3128/196-197-ayet-tefsiri', 'https://kuran.diyanet.gov.tr/tefsir/%C5%9Euar%C3%A2-suresi/3130/198-203-ayet-tefsiri', 'https://kuran.diyanet.gov.tr/tefsir/%C5%9Euar%C3%A2-suresi/3136/204-207-ayet-tefsiri', 'https://kuran.diyanet.gov.tr/tefsir/%C5%9Euar%C3%A2-suresi/3140/208-209-ayet-tefsiri', 'https://kuran.diyanet.gov.tr/tefsir/%C5%9Euar%C3%A2-suresi/3142/210-213-ayet-tefsiri', 'https://kuran.diyanet.gov.tr/tefsir/%C5%9Euar%C3%A2-suresi/3146/214-220-ayet-tefsiri', 'https://kuran.diyanet.gov.tr/tefsir/%C5%9Euar%C3%A2-suresi/3153/221-223-ayet-tefsiri', 'https://kuran.diyanet.gov.tr/tefsir/%C5%9Euar%C3%A2-suresi/3156/224-227-ayet-tefsiri']"
27,"Hakkında
                    Mekke döneminde inmiştir. 93 âyettir. Sûre, adını 18. âyette yer alan “enNeml” kelimesinden almaktadır. Neml, karınca demektir. Sûre de başlıca, Süleyman peygamber ve Sebe’ melikesi, Belkıs kıssası ile Salih ve Lût peygamberler konu edilmekte, ayrıca mü’minlerin kurtuluşa ereceği, İslâm karşıtlarının kötü akıbetleri, öldükten sonra dirilmek ve kıyamet dile getirilmektedir.","Nuzül
 Mushaftaki sıralamada yirmi yedinci, iniş sırasına göre kırk sekizinci sûredir. Şuarâ sûresinden sonra, Kasas sûresinden önce Mekke’de inmiştir.","Konusu
 Bir önceki Şuarâ ve bir sonraki Kasas sûreleriyle bir bütünlük arzeden Neml sûresinde Allah’ın birliği, peygamberlik, vahiy ve âhiret hayatı gibi İslâm’ın inanç esasları ele alınmaktadır. Şuarâ sûresinde olduğu gibi bazı geçmiş milletlerin ve bunlara gönderilmiş olan peygamberlerin kıssalarından kesitler sunulmak suretiyle insanlara öğütler verilmekte ve anlatılan olaylardan ibret almaları istenmekte, Hz. Süleyman’ın hükümdarlığı ve Sebe’ kraliçesiyle (Belkıs) olan öyküsüne genişçe yer verilmektedir. Kozmik deliller gösterilerek Allah’ın sonsuz ilmi ve kudreti ispat edilmekte, kalplerde gizlenenler dahil olmak üzere evrende var olan hiçbir şeyin Allah’a gizli kalmayacağı, müşriklerin yaptıklarının ise bâtıl olduğu vurgulanmaktadır. Ayrıca kıyamet alâmetlerinden biri olan dâbbetü’l-arzın çıkarılacağı haber verilmekte, mahşer gününde karşılaşılacak durumlar ve olaylar tasvir edilmektedir.",Fazileti,"['https://kuran.diyanet.gov.tr/tefsir/Neml-suresi/3160/1-3-ayet-tefsiri', 'https://kuran.diyanet.gov.tr/tefsir/Neml-suresi/3163/4-6-ayet-tefsiri', 'https://kuran.diyanet.gov.tr/tefsir/Neml-suresi/3166/7-14-ayet-tefsiri', 'https://kuran.diyanet.gov.tr/tefsir/Neml-suresi/3174/15-ayet-tefsiri', 'https://kuran.diyanet.gov.tr/tefsir/Neml-suresi/3175/16-ayet-tefsiri', 'https://kuran.diyanet.gov.tr/tefsir/Neml-suresi/3176/17-30-ayet-tefsiri', 'https://kuran.diyanet.gov.tr/tefsir/Neml-suresi/3190/31-ayet-tefsiri', 'https://kuran.diyanet.gov.tr/tefsir/Neml-suresi/3191/32-35-ayet-tefsiri', 'https://kuran.diyanet.gov.tr/tefsir/Neml-suresi/3195/36-40-ayet-tefsiri', 'https://kuran.diyanet.gov.tr/tefsir/Neml-suresi/3200/41-44-ayet-tefsiri', 'https://kuran.diyanet.gov.tr/tefsir/Neml-suresi/3204/45-53-ayet-tefsiri', 'https://kuran.diyanet.gov.tr/tefsir/Neml-suresi/3213/54-58-ayet-tefsiri', 'https://kuran.diyanet.gov.tr/tefsir/Neml-suresi/3218/59-62-ayet-tefsiri', 'https://kuran.diyanet.gov.tr/tefsir/Neml-suresi/3222/63-ayet-tefsiri', 'https://kuran.diyanet.gov.tr/tefsir/Neml-suresi/3223/64-ayet-tefsiri', 'https://kuran.diyanet.gov.tr/tefsir/Neml-suresi/3224/65-66-ayet-tefsiri', 'https://kuran.diyanet.gov.tr/tefsir/Neml-suresi/3226/67-72-ayet-tefsiri', 'https://kuran.diyanet.gov.tr/tefsir/Neml-suresi/3232/73-ayet-tefsiri', 'https://kuran.diyanet.gov.tr/tefsir/Neml-suresi/3233/74-ayet-tefsiri', 'https://kuran.diyanet.gov.tr/tefsir/Neml-suresi/3234/75-ayet-tefsiri', 'https://kuran.diyanet.gov.tr/tefsir/Neml-suresi/3235/76-78-ayet-tefsiri', 'https://kuran.diyanet.gov.tr/tefsir/Neml-suresi/3238/79-81-ayet-tefsiri', 'https://kuran.diyanet.gov.tr/tefsir/Neml-suresi/3241/82-ayet-tefsiri', 'https://kuran.diyanet.gov.tr/tefsir/Neml-suresi/3242/83-86-ayet-tefsiri', 'https://kuran.diyanet.gov.tr/tefsir/Neml-suresi/3246/87-ayet-tefsiri', 'https://kuran.diyanet.gov.tr/tefsir/Neml-suresi/3247/88-ayet-tefsiri', 'https://kuran.diyanet.gov.tr/tefsir/Neml-suresi/3248/89-90-ayet-tefsiri', 'https://kuran.diyanet.gov.tr/tefsir/Neml-suresi/3250/91-92-ayet-tefsiri', 'https://kuran.diyanet.gov.tr/tefsir/Neml-suresi/3252/93-ayet-tefsiri']"
28,"Hakkında
                    Mekke döneminde inmiştir. 88 âyettir. Sûre, adını 25. âyette geçen “el-Kasas” kelimesinden almıştır. Kasas, kıssalar anlamında olup Kur’an’da geçen kıssa ve olaylar için kullanılır. Sûrede başlıca Hz. Mûsâ’nın çocukluğunu, peygamber oluşunu, Musevîleri Mısır’dan çıkarmasını ve Firavun ile ordusunun boğulmasını kapsayan süreç anlatılmaktadır. Ayrıca küfre saplanıp maddî servet ve kudrete bel bağlamanın kötü akıbetini vurgulamak üzere Kârûn kıssasına yer verilmektedir.","Nuzül
 Mushaftaki sıralamada yirmi sekizinci, iniş sırasına göre kırk dokuzuncu sûredir. Neml sûresinden sonra, İsrâ sûresinden önce Mekke’de inmiştir. 85. âyetinin hicret esnasında Cuhfe denen yerde, 52-55. âyetlerinin de Medine’de indiğine dair bir rivayet bulunmaktadır (Şevkânî, IV, 152).","Konusu
 Başlangıçta Kur’an’ın aydınlatıcı âyetlerine dikkat çekildikten sonra büyük bir kısmında Hz. Mûsâ’nın hayat hikâyesi ve Firavun’la olan mücadelesi anlatılmakta; Şuarâ ve Neml sûrelerinde kısa olarak geçen konulara dair tamamlayıcı bilgiler verilmektedir. Ayrıca Mekkeli müşriklerin Kur’an’a ve Hz. Peygamber’e karşı olumsuz tutum ve davranışları ile Ehl-i kitabın olumlu davranışlarından söz edilmekte, büyük bir servetin sahibi olan Karun’un kıssasından kesitler verilerek mümin zihniyet ile inkârcı zihniyet arasındaki fark ortaya konmaktadır. Sûrenin son bölümünde Mekke’nin fethine işaret edilerek Hz. Peygamber teselli edilmekte, Allah’ın âyetlerine bağlı kalması ve O’ndan başka hiçbir tanrı tanımaması istenmekte, var edilenlerin hepsinin yok olacağı ve hükümranlığın yalnız Allah’a ait olduğu hatırlatılarak sûre son bulmaktadır.",Fazileti,"['https://kuran.diyanet.gov.tr/tefsir/Kasas-suresi/3253/1-4-ayet-tefsiri', 'https://kuran.diyanet.gov.tr/tefsir/Kasas-suresi/3257/5-6-ayet-tefsiri', 'https://kuran.diyanet.gov.tr/tefsir/Kasas-suresi/3259/7-9-ayet-tefsiri', 'https://kuran.diyanet.gov.tr/tefsir/Kasas-suresi/3262/10-13-ayet-tefsiri', 'https://kuran.diyanet.gov.tr/tefsir/Kasas-suresi/3266/14-17-ayet-tefsiri', 'https://kuran.diyanet.gov.tr/tefsir/Kasas-suresi/3270/18-19-ayet-tefsiri', 'https://kuran.diyanet.gov.tr/tefsir/Kasas-suresi/3272/20-21-ayet-tefsiri', 'https://kuran.diyanet.gov.tr/tefsir/Kasas-suresi/3274/22-24-ayet-tefsiri', 'https://kuran.diyanet.gov.tr/tefsir/Kasas-suresi/3277/25-28-ayet-tefsiri', 'https://kuran.diyanet.gov.tr/tefsir/Kasas-suresi/3281/29-ayet-tefsiri', 'https://kuran.diyanet.gov.tr/tefsir/Kasas-suresi/3282/30-32-ayet-tefsiri', 'https://kuran.diyanet.gov.tr/tefsir/Kasas-suresi/3285/33-35-ayet-tefsiri', 'https://kuran.diyanet.gov.tr/tefsir/Kasas-suresi/3288/36-37-ayet-tefsiri', 'https://kuran.diyanet.gov.tr/tefsir/Kasas-suresi/3290/38-40-ayet-tefsiri', 'https://kuran.diyanet.gov.tr/tefsir/Kasas-suresi/3293/41-42-ayet-tefsiri', 'https://kuran.diyanet.gov.tr/tefsir/Kasas-suresi/3295/43-ayet-tefsiri', 'https://kuran.diyanet.gov.tr/tefsir/Kasas-suresi/3296/44-45-ayet-tefsiri', 'https://kuran.diyanet.gov.tr/tefsir/Kasas-suresi/3298/46-ayet-tefsiri', 'https://kuran.diyanet.gov.tr/tefsir/Kasas-suresi/3299/47-48-ayet-tefsiri', 'https://kuran.diyanet.gov.tr/tefsir/Kasas-suresi/3301/49-51-ayet-tefsiri', 'https://kuran.diyanet.gov.tr/tefsir/Kasas-suresi/3304/52-55-ayet-tefsiri', 'https://kuran.diyanet.gov.tr/tefsir/Kasas-suresi/3308/56-ayet-tefsiri', 'https://kuran.diyanet.gov.tr/tefsir/Kasas-suresi/3309/57-ayet-tefsiri', 'https://kuran.diyanet.gov.tr/tefsir/Kasas-suresi/3310/58-59-ayet-tefsiri', 'https://kuran.diyanet.gov.tr/tefsir/Kasas-suresi/3312/60-61-ayet-tefsiri', 'https://kuran.diyanet.gov.tr/tefsir/Kasas-suresi/3314/62-63-ayet-tefsiri', 'https://kuran.diyanet.gov.tr/tefsir/Kasas-suresi/3316/64-ayet-tefsiri', 'https://kuran.diyanet.gov.tr/tefsir/Kasas-suresi/3317/65-67-ayet-tefsiri', 'https://kuran.diyanet.gov.tr/tefsir/Kasas-suresi/3320/68-70-ayet-tefsiri', 'https://kuran.diyanet.gov.tr/tefsir/Kasas-suresi/3323/71-73-ayet-tefsiri', 'https://kuran.diyanet.gov.tr/tefsir/Kasas-suresi/3326/74-75-ayet-tefsiri', 'https://kuran.diyanet.gov.tr/tefsir/Kasas-suresi/3328/76-77-ayet-tefsiri', 'https://kuran.diyanet.gov.tr/tefsir/Kasas-suresi/3330/78-82-ayet-tefsiri', 'https://kuran.diyanet.gov.tr/tefsir/Kasas-suresi/3335/83-ayet-tefsiri', 'https://kuran.diyanet.gov.tr/tefsir/Kasas-suresi/3336/84-ayet-tefsiri', 'https://kuran.diyanet.gov.tr/tefsir/Kasas-suresi/3337/85-ayet-tefsiri', 'https://kuran.diyanet.gov.tr/tefsir/Kasas-suresi/3338/86-88-ayet-tefsiri']"
29,"Hakkında
                    Mekke döneminde inmiştir. 69 âyettir. Sûre, adını 41. âyette geçen “elAnkebût” kelimesinden almıştır. Ankebût, örümcek demektir. Sûrede başlıca, Allah’ın birliği, peygamberlik, öldükten sonra dirilme gibi temel inanç konuları ile Nûh, İbrahim, Lût ve Şu’ayb gibi peygamberlerin ibret dolu kıssaları konu edilmektedir. Yine Âd ve Semûd gibi kavimlerle Kârûn ve Hâmân gibi tarihin azgın liderlerinin başlarına gelenlere dikkat çekilmektedir.","Nuzül
 Mushaftaki sıralamada yirmi dokuzuncu, iniş sırasına göre seksen beşinci sûredir. Rûm sûresinden sonra, Mutaffifîn sûresinden önce –ağırlıklı görüşe göre– Mekke’de inmiştir. Tamamının Medine’de indiği de söylenmektedir. Bir rivayete göre büyük bir bölümü Mekke’de, baş tarafından on veya on bir âyeti de Medine’de inmiştir. Aksine ilk dokuz âyetinin Mekke’de, daha sonraki kısmının Medine’de indiği de söylenmiştir. Bu rivayetlerden çıkan sonuca göre tamamı hicretin hemen öncesine ve/veya sonrasına denk gelen bir zaman dilimi içinde inmiştir.","Konusu
 Ankebût sûresinin ana konusu, doğru inanca sahip olmak ve bu minval üzere yaşamaktır. Sûre insanoğlunun başı boş yaratılmadığını, Allah karşısında sorumlu olduğunu, dolayısıyla bir imtihan hayatı yaşadığını bildiren âyetlerle başlar ve Allah’ın gerçek müminlerle münafıkları mutlaka birbirinden ayıracağını bildirir. Daha sonra Nûh, İbrâhim, Lût ve Şuayb peygamberlerle Âd ve Semûd kavimlerinin yanı sıra Mûsâ ile ilgili kıssaların ibret alınması gereken yönleri özetlenir. Namazın mahiyeti ve ahlâkî yararları hatırlatılır. Mekke putperestlerinin Hz. Peygamber ve Kur’an’la ilgili kuşkuları ve itirazları cevaplandırılır; onların iman konusunda içine düştükleri çelişkilere değinilir. Allah yolunda içtenlikle çaba gösterenlere Allah’ın destek ve yardımını müjdeleyen âyetle son bulur.","Fazileti
 Dârekutnî’nin Sünen’inde (II, 64) nakledilen bir hadise göre Hz. Âişe, “Resûlullah aleyhisselâm, güneş ve ay tutulmalarında dört rükûlu, dört secdeli iki rek‘at namaz kılar, bu namazın ilk rek‘atında Ankebût veya Rûm sûresini, ikinci rek‘atında Yâsîn sûresini okurdu” demiştir.","['https://kuran.diyanet.gov.tr/tefsir/Ankeb%C3%BBt-suresi/3341/1-ayet-tefsiri', 'https://kuran.diyanet.gov.tr/tefsir/Ankeb%C3%BBt-suresi/3342/2-3-ayet-tefsiri', 'https://kuran.diyanet.gov.tr/tefsir/Ankeb%C3%BBt-suresi/3344/4-ayet-tefsiri', 'https://kuran.diyanet.gov.tr/tefsir/Ankeb%C3%BBt-suresi/3345/5-6-ayet-tefsiri', 'https://kuran.diyanet.gov.tr/tefsir/Ankeb%C3%BBt-suresi/3347/7-ayet-tefsiri', 'https://kuran.diyanet.gov.tr/tefsir/Ankeb%C3%BBt-suresi/3348/8-ayet-tefsiri', 'https://kuran.diyanet.gov.tr/tefsir/Ankeb%C3%BBt-suresi/3349/9-ayet-tefsiri', 'https://kuran.diyanet.gov.tr/tefsir/Ankeb%C3%BBt-suresi/3350/10-11-ayet-tefsiri', 'https://kuran.diyanet.gov.tr/tefsir/Ankeb%C3%BBt-suresi/3352/12-13-ayet-tefsiri', 'https://kuran.diyanet.gov.tr/tefsir/Ankeb%C3%BBt-suresi/3354/14-15-ayet-tefsiri', 'https://kuran.diyanet.gov.tr/tefsir/Ankeb%C3%BBt-suresi/3356/16-18-ayet-tefsiri', 'https://kuran.diyanet.gov.tr/tefsir/Ankeb%C3%BBt-suresi/3359/19-23-ayet-tefsiri', 'https://kuran.diyanet.gov.tr/tefsir/Ankeb%C3%BBt-suresi/3364/24-25-ayet-tefsiri', 'https://kuran.diyanet.gov.tr/tefsir/Ankeb%C3%BBt-suresi/3366/26-27-ayet-tefsiri', 'https://kuran.diyanet.gov.tr/tefsir/Ankeb%C3%BBt-suresi/3368/28-35-ayet-tefsiri', 'https://kuran.diyanet.gov.tr/tefsir/Ankeb%C3%BBt-suresi/3376/36-37-ayet-tefsiri', 'https://kuran.diyanet.gov.tr/tefsir/Ankeb%C3%BBt-suresi/3378/38-ayet-tefsiri', 'https://kuran.diyanet.gov.tr/tefsir/Ankeb%C3%BBt-suresi/3379/39-40-ayet-tefsiri', 'https://kuran.diyanet.gov.tr/tefsir/Ankeb%C3%BBt-suresi/3381/41-ayet-tefsiri', 'https://kuran.diyanet.gov.tr/tefsir/Ankeb%C3%BBt-suresi/3382/42-ayet-tefsiri', 'https://kuran.diyanet.gov.tr/tefsir/Ankeb%C3%BBt-suresi/3383/43-ayet-tefsiri', 'https://kuran.diyanet.gov.tr/tefsir/Ankeb%C3%BBt-suresi/3384/44-ayet-tefsiri', 'https://kuran.diyanet.gov.tr/tefsir/Ankeb%C3%BBt-suresi/3385/45-ayet-tefsiri', 'https://kuran.diyanet.gov.tr/tefsir/Ankeb%C3%BBt-suresi/3386/46-ayet-tefsiri', 'https://kuran.diyanet.gov.tr/tefsir/Ankeb%C3%BBt-suresi/3387/47-ayet-tefsiri', 'https://kuran.diyanet.gov.tr/tefsir/Ankeb%C3%BBt-suresi/3388/48-ayet-tefsiri', 'https://kuran.diyanet.gov.tr/tefsir/Ankeb%C3%BBt-suresi/3389/49-ayet-tefsiri', 'https://kuran.diyanet.gov.tr/tefsir/Ankeb%C3%BBt-suresi/3390/50-52-ayet-tefsiri', 'https://kuran.diyanet.gov.tr/tefsir/Ankeb%C3%BBt-suresi/3393/53-55-ayet-tefsiri', 'https://kuran.diyanet.gov.tr/tefsir/Ankeb%C3%BBt-suresi/3396/56-ayet-tefsiri', 'https://kuran.diyanet.gov.tr/tefsir/Ankeb%C3%BBt-suresi/3397/57-60-ayet-tefsiri', 'https://kuran.diyanet.gov.tr/tefsir/Ankeb%C3%BBt-suresi/3401/61-63-ayet-tefsiri', 'https://kuran.diyanet.gov.tr/tefsir/Ankeb%C3%BBt-suresi/3404/64-ayet-tefsiri', 'https://kuran.diyanet.gov.tr/tefsir/Ankeb%C3%BBt-suresi/3405/65-66-ayet-tefsiri', 'https://kuran.diyanet.gov.tr/tefsir/Ankeb%C3%BBt-suresi/3407/67-68-ayet-tefsiri', 'https://kuran.diyanet.gov.tr/tefsir/Ankeb%C3%BBt-suresi/3409/69-ayet-tefsiri']"
30,"Hakkında
                    Mekke döneminde inmiştir. 60 âyettir. Sûre, adını ikinci âyette geçen “erRûm” kelimesinden almıştır. Sûre de başlıca kıyametin hâllerinden, Allah’ın kudretine ve birliğine delalet eden kevnî meseleler ile Kureyş kabilesinin İslâm’a karşı olumsuz tutumu konu edilmiştir.","Nuzül
 Mushaftaki sıralamada otuzuncu, iniş sırasına göre seksen dördüncü sûredir. İnşikak sûresinden sonra, Ankebût sûresinden önce Mekke’de inmiştir. 17. âyetinin Medine’de nâzil olduğuna dair bir rivayet de vardır (nüzûl sebebi için bk. 2-6. âyetlerin tefsiri).","Konusu
 Sûreye, Ehl-i kitap olan Bizanslılar’ın ateşperest olan İran­lılar’a –daha önce mağlûp olmuşken bir süre sonra– galip gelecekle­ri ve müslümanların sevinecekleri bildirilerek başlanmakta; geçmişteki inkârcı toplumların durumlarından ibret alınması öğütlenmekte; yüce Allah’ın varlığı, birliği, kudreti ve evrendeki mutlak egemenliğinin kanıtları, insan fıtratının önemi ve insanların yapıp ettikleri yüzünden ortaya çıkan olumsuzluklar üzerinde durulmakta; kıyamet günü inkârcıların karşılaşacakları bazı hallere değinilip Hz. Peygamber’in şahsında bütün müminlerden, tevhid inancına bağlı kalarak, âhiret hayatına hazırlığı ihmal etmeden, darlıkta da bollukta da Allah’a olan saygı ve itaatlerini devam ettirmeleri ve inançsızların tutumlarından etkilenmemeleri istenmektedir.",Fazileti,"['https://kuran.diyanet.gov.tr/tefsir/R%C3%BBm-suresi/3410/1-ayet-tefsiri', 'https://kuran.diyanet.gov.tr/tefsir/R%C3%BBm-suresi/3411/2-6-ayet-tefsiri', 'https://kuran.diyanet.gov.tr/tefsir/R%C3%BBm-suresi/3416/7-ayet-tefsiri', 'https://kuran.diyanet.gov.tr/tefsir/R%C3%BBm-suresi/3417/8-ayet-tefsiri', 'https://kuran.diyanet.gov.tr/tefsir/R%C3%BBm-suresi/3418/9-ayet-tefsiri', 'https://kuran.diyanet.gov.tr/tefsir/R%C3%BBm-suresi/3419/10-ayet-tefsiri', 'https://kuran.diyanet.gov.tr/tefsir/R%C3%BBm-suresi/3420/11-ayet-tefsiri', 'https://kuran.diyanet.gov.tr/tefsir/R%C3%BBm-suresi/3421/12-13-ayet-tefsiri', 'https://kuran.diyanet.gov.tr/tefsir/R%C3%BBm-suresi/3423/14-16-ayet-tefsiri', 'https://kuran.diyanet.gov.tr/tefsir/R%C3%BBm-suresi/3426/17-18-ayet-tefsiri', 'https://kuran.diyanet.gov.tr/tefsir/R%C3%BBm-suresi/3428/19-ayet-tefsiri', 'https://kuran.diyanet.gov.tr/tefsir/R%C3%BBm-suresi/3429/20-ayet-tefsiri', 'https://kuran.diyanet.gov.tr/tefsir/R%C3%BBm-suresi/3430/21-ayet-tefsiri', 'https://kuran.diyanet.gov.tr/tefsir/R%C3%BBm-suresi/3431/22-ayet-tefsiri', 'https://kuran.diyanet.gov.tr/tefsir/R%C3%BBm-suresi/3432/23-ayet-tefsiri', 'https://kuran.diyanet.gov.tr/tefsir/R%C3%BBm-suresi/3433/24-ayet-tefsiri', 'https://kuran.diyanet.gov.tr/tefsir/R%C3%BBm-suresi/3434/25-ayet-tefsiri', 'https://kuran.diyanet.gov.tr/tefsir/R%C3%BBm-suresi/3435/26-ayet-tefsiri', 'https://kuran.diyanet.gov.tr/tefsir/R%C3%BBm-suresi/3436/27-ayet-tefsiri', 'https://kuran.diyanet.gov.tr/tefsir/R%C3%BBm-suresi/3437/28-29-ayet-tefsiri', 'https://kuran.diyanet.gov.tr/tefsir/R%C3%BBm-suresi/3439/30-32-ayet-tefsiri', 'https://kuran.diyanet.gov.tr/tefsir/R%C3%BBm-suresi/3442/33-36-ayet-tefsiri', 'https://kuran.diyanet.gov.tr/tefsir/R%C3%BBm-suresi/3446/37-40-ayet-tefsiri', 'https://kuran.diyanet.gov.tr/tefsir/R%C3%BBm-suresi/3450/41-ayet-tefsiri', 'https://kuran.diyanet.gov.tr/tefsir/R%C3%BBm-suresi/3451/42-ayet-tefsiri', 'https://kuran.diyanet.gov.tr/tefsir/R%C3%BBm-suresi/3452/43-ayet-tefsiri', 'https://kuran.diyanet.gov.tr/tefsir/R%C3%BBm-suresi/3453/44-ayet-tefsiri', 'https://kuran.diyanet.gov.tr/tefsir/R%C3%BBm-suresi/3454/45-ayet-tefsiri', 'https://kuran.diyanet.gov.tr/tefsir/R%C3%BBm-suresi/3455/46-53-ayet-tefsiri', 'https://kuran.diyanet.gov.tr/tefsir/R%C3%BBm-suresi/3463/54-ayet-tefsiri', 'https://kuran.diyanet.gov.tr/tefsir/R%C3%BBm-suresi/3464/55-58-ayet-tefsiri', 'https://kuran.diyanet.gov.tr/tefsir/R%C3%BBm-suresi/3468/59-60-ayet-tefsiri']"
31,"Hakkında
                    Mekke döneminde inmiştir. 34 âyettir. Sûre, adını 12. ve 13. âyetlerde anılan Hz. Lokmân’dan almıştır. Sûrede başlıca, Hz. Lokmân’ın oğluna öğütleri çerçevesinde, tevhid, peygamberlik, öldükten sonra dirilme ve haşr konularına dikkat çekilmekte, kıyamet günü için hazırlıklı olunması öğütlenmektedir.","Nuzül
 Mushaftaki sıralamada otuz birinci, iniş sırasına göre elli yedinci sûredir. Sâffât sûresinden sonra, Sebe’ sûresinden önce Mekke döneminin ortalarında inmiştir. 27-28. âyetlerin veya 27-29. âyetlerin Medine’de indiği söylenirse de bu yöndeki rivayetler güvenilir bulunmamıştır (İbn Âşûr, XXI, 138).","Konusu
 Konusu Lokmân’ın oğluna öğütlerini içeren âyetlerde özetlenen şirk inancının yasaklanması, ana babaya saygı gösterip meşrû buyruklarına uyma, sorumluluk duygusu, iyilik için çalışma, sabır, tevazu gibi dinî ve ahlâkî ödevlerdir. Daha sonra putperestleri şirkten vazgeçirmeyi ve onlara kurtuluş yolunu göstermeyi amaçlayan bilgiler, kanıtlar ve uyarılara yer verilmiştir.",Fazileti,"['https://kuran.diyanet.gov.tr/tefsir/Lokm%C3%A2n-suresi/3470/1-ayet-tefsiri', 'https://kuran.diyanet.gov.tr/tefsir/Lokm%C3%A2n-suresi/3471/2-5-ayet-tefsiri', 'https://kuran.diyanet.gov.tr/tefsir/Lokm%C3%A2n-suresi/3475/6-7-ayet-tefsiri', 'https://kuran.diyanet.gov.tr/tefsir/Lokm%C3%A2n-suresi/3477/8-ayet-tefsiri', 'https://kuran.diyanet.gov.tr/tefsir/Lokm%C3%A2n-suresi/3478/9-ayet-tefsiri', 'https://kuran.diyanet.gov.tr/tefsir/Lokm%C3%A2n-suresi/3479/10-ayet-tefsiri', 'https://kuran.diyanet.gov.tr/tefsir/Lokm%C3%A2n-suresi/3480/11-ayet-tefsiri', 'https://kuran.diyanet.gov.tr/tefsir/Lokm%C3%A2n-suresi/3481/12-13-ayet-tefsiri', 'https://kuran.diyanet.gov.tr/tefsir/Lokm%C3%A2n-suresi/3483/14-15-ayet-tefsiri', 'https://kuran.diyanet.gov.tr/tefsir/Lokm%C3%A2n-suresi/3485/16-19-ayet-tefsiri', 'https://kuran.diyanet.gov.tr/tefsir/Lokm%C3%A2n-suresi/3489/20-21-ayet-tefsiri', 'https://kuran.diyanet.gov.tr/tefsir/Lokm%C3%A2n-suresi/3491/22-ayet-tefsiri', 'https://kuran.diyanet.gov.tr/tefsir/Lokm%C3%A2n-suresi/3492/23-24-ayet-tefsiri', 'https://kuran.diyanet.gov.tr/tefsir/Lokm%C3%A2n-suresi/3494/25-29-ayet-tefsiri', 'https://kuran.diyanet.gov.tr/tefsir/Lokm%C3%A2n-suresi/3499/30-ayet-tefsiri', 'https://kuran.diyanet.gov.tr/tefsir/Lokm%C3%A2n-suresi/3500/31-33-ayet-tefsiri', 'https://kuran.diyanet.gov.tr/tefsir/Lokm%C3%A2n-suresi/3503/34-ayet-tefsiri']"
32,"Hakkında
                    Mekke döneminde inmiştir. 30 âyettir. Sûre, adını mü’minlerin Allah’a secde etmelerinden bahseden 15. âyetten almıştır. Sûrede ayrıca Allah’ın kudretinden,ahiret gününden, kitaplardan, peygamberlerden ve insanın yaratılışından söz edilmektedir.","Nuzül
 Mushaftaki sıralamada otuz ikinci, iniş sırasına göre yetmiş beşinci sûredir. Mü’minûn sûresinden sonra, Tûr sûresinden önce Mek­ke’de inmiştir. 16-20 veya 18-20. âyetlerinin Medine’de nâzil olduğuna dair rivayetler de vardır.","Konusu
 Önceki sûrenin (Lokmân) sonunda Allah’ın birliğinin delillerine ve dünya hayatından sonra gelecek âhiret gerçeğine değinilmişti. Bu sûreye de peygamberlere ve onların getirdiklerine iman konusuyla başlanmıştır. Başta olduğu gibi sonda da ilâhî kudretin delilleri üzerinde düşünme çağrısına temel teşkil eden örnekler verilmiştir. Öldükten sonra dirilmenin gerçek olduğuna dikkat çekilen sûrede hakiki müminlerin özellikleri ve kavuşacakları nimetlerle inkârcılıkta ısrar edenlerin karşılaşacakları cezalar üzerinde durulmuştur.","Fazileti
 Hz. Peygamber’in geceleri Secde ve Mülk sûrelerini okumadan uyumadığına dair rivayetler bulunmaktadır (Dârimî, “Fezâilü’l-Kur’ân”, 19).","['https://kuran.diyanet.gov.tr/tefsir/Secde-suresi/3504/1-ayet-tefsiri', 'https://kuran.diyanet.gov.tr/tefsir/Secde-suresi/3505/2-3-ayet-tefsiri', 'https://kuran.diyanet.gov.tr/tefsir/Secde-suresi/3507/4-9-ayet-tefsiri', 'https://kuran.diyanet.gov.tr/tefsir/Secde-suresi/3513/10-ayet-tefsiri', 'https://kuran.diyanet.gov.tr/tefsir/Secde-suresi/3514/11-ayet-tefsiri', 'https://kuran.diyanet.gov.tr/tefsir/Secde-suresi/3515/12-14-ayet-tefsiri', 'https://kuran.diyanet.gov.tr/tefsir/Secde-suresi/3518/15-19-ayet-tefsiri', 'https://kuran.diyanet.gov.tr/tefsir/Secde-suresi/3523/20-22-ayet-tefsiri', 'https://kuran.diyanet.gov.tr/tefsir/Secde-suresi/3526/23-ayet-tefsiri', 'https://kuran.diyanet.gov.tr/tefsir/Secde-suresi/3527/24-ayet-tefsiri', 'https://kuran.diyanet.gov.tr/tefsir/Secde-suresi/3528/25-30-ayet-tefsiri']"
33,"Hakkında
                    Medine döneminde inmiştir. 73 âyettir. Sûre, adını 20 ve 22. âyetlerde geçen “el-Ahzâb” kelimesinden almıştır. Ahzâb, gruplar, demektir. Sûrede başlıca Hendek ve Benî Kureyza savaşları ile aile hayatına dair bazı hükümler konu edilmektedir.","Nuzül
 Mushaftaki sıralamada otuz üçüncü, iniş sırasına göre doksa­nıncı sûredir. Âl-i İmrân sûresinden sonra, Mümtehine sûresinden önce Medine’de inmiştir. İbn İshak’a göre hicretten sonra nâzil olmuştur; geliş tarihi bakımından Medine’de nâzil olan sûrelerin dördüncüsüdür.","Konusu
 1. Hz. Peygamber’e ve onun şahsında ümmetine takvâ, tevekkül ve ilâhî emirlere itaat tavsiyesi.2. Ana baba ve çocuklar arasındaki meşrû ve hukukî bağ, evlât edinme âdeti.3. Kan hısımlığı dışındaki velâyet bağı.4. Ahzâb Savaşı, bu savaş vesilesiyle münafıkların psikolojileri ve davranışlarıyla ilgili açıklamalar.5. Hz. Peygamber’in müstesna şahsiyeti, Allah nezdindeki durumu ve derecesi, aile hayatı; kendisine ve eşlerine mahsus evlenme, boşanma, örtünme, sosyal ilişkiler konularına ait hükümler, onun ailesiyle müminler arasındaki ilişki.6. Kadın erkek farkı gözetilmeksizin bütün müminlerin ibadet, itaat ve erdemli davranışlara teşvik edilmesi.7. Kadınların giysileri.8. Emanet kavramı ve emanete riayet etmenin önemi.",Fazileti,"['https://kuran.diyanet.gov.tr/tefsir/Ahz%C3%A2b-suresi/3534/1-3-ayet-tefsiri', 'https://kuran.diyanet.gov.tr/tefsir/Ahz%C3%A2b-suresi/3537/4-5-ayet-tefsiri', 'https://kuran.diyanet.gov.tr/tefsir/Ahz%C3%A2b-suresi/3539/6-ayet-tefsiri', 'https://kuran.diyanet.gov.tr/tefsir/Ahz%C3%A2b-suresi/3540/7-8-ayet-tefsiri', 'https://kuran.diyanet.gov.tr/tefsir/Ahz%C3%A2b-suresi/3542/9-11-ayet-tefsiri', 'https://kuran.diyanet.gov.tr/tefsir/Ahz%C3%A2b-suresi/3545/12-20-ayet-tefsiri', 'https://kuran.diyanet.gov.tr/tefsir/Ahz%C3%A2b-suresi/3554/21-24-ayet-tefsiri', 'https://kuran.diyanet.gov.tr/tefsir/Ahz%C3%A2b-suresi/3558/25-ayet-tefsiri', 'https://kuran.diyanet.gov.tr/tefsir/Ahz%C3%A2b-suresi/3559/26-27-ayet-tefsiri', 'https://kuran.diyanet.gov.tr/tefsir/Ahz%C3%A2b-suresi/3561/28-29-ayet-tefsiri', 'https://kuran.diyanet.gov.tr/tefsir/Ahz%C3%A2b-suresi/3563/30-31-ayet-tefsiri', 'https://kuran.diyanet.gov.tr/tefsir/Ahz%C3%A2b-suresi/3565/32-34-ayet-tefsiri', 'https://kuran.diyanet.gov.tr/tefsir/Ahz%C3%A2b-suresi/3568/35-ayet-tefsiri', 'https://kuran.diyanet.gov.tr/tefsir/Ahz%C3%A2b-suresi/3569/36-ayet-tefsiri', 'https://kuran.diyanet.gov.tr/tefsir/Ahz%C3%A2b-suresi/3570/37-ayet-tefsiri', 'https://kuran.diyanet.gov.tr/tefsir/Ahz%C3%A2b-suresi/3571/38-ayet-tefsiri', 'https://kuran.diyanet.gov.tr/tefsir/Ahz%C3%A2b-suresi/3572/39-ayet-tefsiri', 'https://kuran.diyanet.gov.tr/tefsir/Ahz%C3%A2b-suresi/3573/40-ayet-tefsiri', 'https://kuran.diyanet.gov.tr/tefsir/Ahz%C3%A2b-suresi/3574/41-42-ayet-tefsiri', 'https://kuran.diyanet.gov.tr/tefsir/Ahz%C3%A2b-suresi/3576/43-ayet-tefsiri', 'https://kuran.diyanet.gov.tr/tefsir/Ahz%C3%A2b-suresi/3577/44-ayet-tefsiri', 'https://kuran.diyanet.gov.tr/tefsir/Ahz%C3%A2b-suresi/3578/45-46-ayet-tefsiri', 'https://kuran.diyanet.gov.tr/tefsir/Ahz%C3%A2b-suresi/3580/47-48-ayet-tefsiri', 'https://kuran.diyanet.gov.tr/tefsir/Ahz%C3%A2b-suresi/3582/49-ayet-tefsiri', 'https://kuran.diyanet.gov.tr/tefsir/Ahz%C3%A2b-suresi/3583/50-ayet-tefsiri', 'https://kuran.diyanet.gov.tr/tefsir/Ahz%C3%A2b-suresi/3584/51-52-ayet-tefsiri', 'https://kuran.diyanet.gov.tr/tefsir/Ahz%C3%A2b-suresi/3586/53-55-ayet-tefsiri', 'https://kuran.diyanet.gov.tr/tefsir/Ahz%C3%A2b-suresi/3589/56-ayet-tefsiri', 'https://kuran.diyanet.gov.tr/tefsir/Ahz%C3%A2b-suresi/3590/57-ayet-tefsiri', 'https://kuran.diyanet.gov.tr/tefsir/Ahz%C3%A2b-suresi/3591/58-ayet-tefsiri', 'https://kuran.diyanet.gov.tr/tefsir/Ahz%C3%A2b-suresi/3592/59-ayet-tefsiri', 'https://kuran.diyanet.gov.tr/tefsir/Ahz%C3%A2b-suresi/3593/60-62-ayet-tefsiri', 'https://kuran.diyanet.gov.tr/tefsir/Ahz%C3%A2b-suresi/3596/63-64-ayet-tefsiri', 'https://kuran.diyanet.gov.tr/tefsir/Ahz%C3%A2b-suresi/3598/65-ayet-tefsiri', 'https://kuran.diyanet.gov.tr/tefsir/Ahz%C3%A2b-suresi/3599/66-68-ayet-tefsiri', 'https://kuran.diyanet.gov.tr/tefsir/Ahz%C3%A2b-suresi/3602/69-ayet-tefsiri', 'https://kuran.diyanet.gov.tr/tefsir/Ahz%C3%A2b-suresi/3603/70-ayet-tefsiri', 'https://kuran.diyanet.gov.tr/tefsir/Ahz%C3%A2b-suresi/3604/71-ayet-tefsiri', 'https://kuran.diyanet.gov.tr/tefsir/Ahz%C3%A2b-suresi/3605/72-73-ayet-tefsiri']"
34,"Hakkında
                    Mekke döneminde inmiştir. 54 âyettir. Sûre, adını 15. âyette geçen “Sebe’ ” kelimesinden almıştır.  Sûre de başlıca müşriklerin ahireti inkâr etmeleri, Davûd ve Süleyman Peygamberlerin kıssaları ve müşriklerin Hz. Muhammed’in peygamberliğihakkındaki bazı şüpheleri konu edilmektedir.","Nuzül
 Mushaftaki sıralamada otuz dördüncü, iniş sırasına göre elli sekizinci sûredir. Lokman sûresinden sonra, Zümer sûresinden önce Mekke’de inmiştir. 6. âyetinin Medine’de nâzil olduğuna dair bir rivayet de vardır.","Konusu
 Hamdin dünyada da âhirette de yalnız Allah’a mahsus olduğu belirtilerek başlayan sûrede, Cenâb-ı Hakk’ın kudretinin üstünlüğü ve ilminin kuşatıcılığı fikri işlenmekte, Allah’ın mutlak kemali, ilmi, hikmeti, rahmeti, bağışlaması gibi sıfatları hatırlatıldıktan sonra kıyamet vaktinin geleceğini ve insanların tekrar hayata kavuşturulup hesaba çekileceklerini kabul etmeyenlerin tutarsızlıklarına dikkat çekilmekte, böylelerinin Hz. Peygamber’i Allah hakkında asılsız sözler uydurmakla itham etmeleri veya onun aklını yitirdiğini iddiaya kalkışmaları üzerinde durulmakta, iman edip iyi işler yapanlarla Allah’a âsi olanların âkıbetleri karşılaştırılmakta, iki iyi örnek olarak Hz. Dâvûd ve Hz. Süleyman hakkında bazı bilgiler verilmekte, ardından kötü bir örnek olarak da Sebe’ ahalisinin başına gelenlere değinilmekte, şeytana uyanların ve şirk batağına saplananların âhiretteki halleri tasvir edilmektedir.",Fazileti,"[""https://kuran.diyanet.gov.tr/tefsir/Sebe'-suresi/3607/1-ayet-tefsiri"", ""https://kuran.diyanet.gov.tr/tefsir/Sebe'-suresi/3608/2-3-ayet-tefsiri"", ""https://kuran.diyanet.gov.tr/tefsir/Sebe'-suresi/3610/4-ayet-tefsiri"", ""https://kuran.diyanet.gov.tr/tefsir/Sebe'-suresi/3611/5-ayet-tefsiri"", ""https://kuran.diyanet.gov.tr/tefsir/Sebe'-suresi/3612/6-ayet-tefsiri"", ""https://kuran.diyanet.gov.tr/tefsir/Sebe'-suresi/3613/7-8-ayet-tefsiri"", ""https://kuran.diyanet.gov.tr/tefsir/Sebe'-suresi/3615/9-ayet-tefsiri"", ""https://kuran.diyanet.gov.tr/tefsir/Sebe'-suresi/3616/10-ayet-tefsiri"", ""https://kuran.diyanet.gov.tr/tefsir/Sebe'-suresi/3617/11-ayet-tefsiri"", ""https://kuran.diyanet.gov.tr/tefsir/Sebe'-suresi/3618/12-ayet-tefsiri"", ""https://kuran.diyanet.gov.tr/tefsir/Sebe'-suresi/3619/13-ayet-tefsiri"", ""https://kuran.diyanet.gov.tr/tefsir/Sebe'-suresi/3620/14-ayet-tefsiri"", ""https://kuran.diyanet.gov.tr/tefsir/Sebe'-suresi/3621/15-17-ayet-tefsiri"", ""https://kuran.diyanet.gov.tr/tefsir/Sebe'-suresi/3624/18-19-ayet-tefsiri"", ""https://kuran.diyanet.gov.tr/tefsir/Sebe'-suresi/3626/20-21-ayet-tefsiri"", ""https://kuran.diyanet.gov.tr/tefsir/Sebe'-suresi/3628/22-27-ayet-tefsiri"", ""https://kuran.diyanet.gov.tr/tefsir/Sebe'-suresi/3634/28-ayet-tefsiri"", ""https://kuran.diyanet.gov.tr/tefsir/Sebe'-suresi/3635/29-30-ayet-tefsiri"", ""https://kuran.diyanet.gov.tr/tefsir/Sebe'-suresi/3637/31-33-ayet-tefsiri"", ""https://kuran.diyanet.gov.tr/tefsir/Sebe'-suresi/3640/34-36-ayet-tefsiri"", ""https://kuran.diyanet.gov.tr/tefsir/Sebe'-suresi/3643/37-ayet-tefsiri"", ""https://kuran.diyanet.gov.tr/tefsir/Sebe'-suresi/3644/38-ayet-tefsiri"", ""https://kuran.diyanet.gov.tr/tefsir/Sebe'-suresi/3645/39-ayet-tefsiri"", ""https://kuran.diyanet.gov.tr/tefsir/Sebe'-suresi/3646/40-ayet-tefsiri"", ""https://kuran.diyanet.gov.tr/tefsir/Sebe'-suresi/3647/41-ayet-tefsiri"", ""https://kuran.diyanet.gov.tr/tefsir/Sebe'-suresi/3648/42-ayet-tefsiri"", ""https://kuran.diyanet.gov.tr/tefsir/Sebe'-suresi/3649/43-ayet-tefsiri"", ""https://kuran.diyanet.gov.tr/tefsir/Sebe'-suresi/3650/44-45-ayet-tefsiri"", ""https://kuran.diyanet.gov.tr/tefsir/Sebe'-suresi/3652/46-48-ayet-tefsiri"", ""https://kuran.diyanet.gov.tr/tefsir/Sebe'-suresi/3655/49-ayet-tefsiri"", ""https://kuran.diyanet.gov.tr/tefsir/Sebe'-suresi/3656/50-ayet-tefsiri"", ""https://kuran.diyanet.gov.tr/tefsir/Sebe'-suresi/3657/51-54-ayet-tefsiri""]"
35,"Hakkında
                    Mekke döneminde inmiştir. 45 âyettir. Sûre, adını birinci âyette geçen “Fâtır” kelimesinden almıştır. Fâtır, yaratan, yoktan var eden demektir. Yine ilk âyette geçen “el-Melâike” kelimesinden dolayı “Melâike sûresi” diye de anılır. Sûrede başlıca, Allah’ın varlığına ve birliğine işaret eden kâinat olayları, öldükten sonra dirilme, Allah’ın nimetleri ve mü’minle kâfir arasındaki fark konu edilmektedir.","Nuzül
 Mushaftaki sıralamada otuz beşinci, iniş sırasına göre kırk üçüncü sûredir. Furkan sûresinden sonra, Meryem sûresinden önce Mekke’de inmiştir.","Konusu
 Allah’ın yaratıcılığı, O’ndan başka tanrı bulunmadığı ve şirkin çarpık düşüncelere dayalı bir zihniyet ve tutum olduğu, Hz. Muham­med’in önceki peygamberler gibi Allah katından mesaj getirmiş hak peygamber olduğu, öldükten sonra dirilmenin gerçekleşeceği ve dünyadaki amellerin karşılığının âhirette mutlaka görüleceği açıklanmakta, Cenâb-ı Allah’ın kudretinin delillerinden örnekler verilmektedir.",Fazileti,"['https://kuran.diyanet.gov.tr/tefsir/F%C3%A2t%C4%B1r-suresi/3661/1-4-ayet-tefsiri', 'https://kuran.diyanet.gov.tr/tefsir/F%C3%A2t%C4%B1r-suresi/3665/5-8-ayet-tefsiri', 'https://kuran.diyanet.gov.tr/tefsir/F%C3%A2t%C4%B1r-suresi/3669/9-ayet-tefsiri', 'https://kuran.diyanet.gov.tr/tefsir/F%C3%A2t%C4%B1r-suresi/3670/10-ayet-tefsiri', 'https://kuran.diyanet.gov.tr/tefsir/F%C3%A2t%C4%B1r-suresi/3671/11-ayet-tefsiri', 'https://kuran.diyanet.gov.tr/tefsir/F%C3%A2t%C4%B1r-suresi/3672/12-13-ayet-tefsiri', 'https://kuran.diyanet.gov.tr/tefsir/F%C3%A2t%C4%B1r-suresi/3674/14-ayet-tefsiri', 'https://kuran.diyanet.gov.tr/tefsir/F%C3%A2t%C4%B1r-suresi/3675/15-ayet-tefsiri', 'https://kuran.diyanet.gov.tr/tefsir/F%C3%A2t%C4%B1r-suresi/3676/16-17-ayet-tefsiri', 'https://kuran.diyanet.gov.tr/tefsir/F%C3%A2t%C4%B1r-suresi/3678/18-ayet-tefsiri', 'https://kuran.diyanet.gov.tr/tefsir/F%C3%A2t%C4%B1r-suresi/3679/19-22-ayet-tefsiri', 'https://kuran.diyanet.gov.tr/tefsir/F%C3%A2t%C4%B1r-suresi/3683/23-26-ayet-tefsiri', 'https://kuran.diyanet.gov.tr/tefsir/F%C3%A2t%C4%B1r-suresi/3687/27-28-ayet-tefsiri', 'https://kuran.diyanet.gov.tr/tefsir/F%C3%A2t%C4%B1r-suresi/3689/29-30-ayet-tefsiri', 'https://kuran.diyanet.gov.tr/tefsir/F%C3%A2t%C4%B1r-suresi/3691/31-32-ayet-tefsiri', 'https://kuran.diyanet.gov.tr/tefsir/F%C3%A2t%C4%B1r-suresi/3693/33-35-ayet-tefsiri', 'https://kuran.diyanet.gov.tr/tefsir/F%C3%A2t%C4%B1r-suresi/3696/36-37-ayet-tefsiri', 'https://kuran.diyanet.gov.tr/tefsir/F%C3%A2t%C4%B1r-suresi/3698/38-40-ayet-tefsiri', 'https://kuran.diyanet.gov.tr/tefsir/F%C3%A2t%C4%B1r-suresi/3701/41-ayet-tefsiri', 'https://kuran.diyanet.gov.tr/tefsir/F%C3%A2t%C4%B1r-suresi/3702/42-45-ayet-tefsiri']"
36,"Hakkında
                    Mekke döneminde inmiştir. 83 âyettir. Sûre, adını ilk âyeti oluşturan “Yâ-Sîn” harflerinden almıştır. Sûrede başlıca insanın ahlâkî sorumlulukları, vahiy, Hz. Peygamber’i yalanlayan Kureyş kabilesi, Antakya halkına gönderilen peygamberler, Allah’ın birliğini ve kudretini gösteren deliller, öldükten sonra dirilme,hesap ve ceza konu edilmektedir.","Nuzül
 Mushaftaki sıralamada otuz altıncı, iniş sırasına göre kırk birinci sûredir. Cin sûresinden sonra, Furkan sûresinden önce Mekke’de inmiştir. Yerinde açıklanacak bir sebeple 12. âyetin Medine’de indiğini ileri sürenler de olmuştur.","Konusu
 Hz. Muhammed aleyhisselâmın hak peygamber olduğu ona indirilen Kur’an deliliyle desteklenerek açıklanır; başka peygamberlerin tevhid mücadelelerinden bir kesit verilerek bu uğurda büyük sıkıntılara katlanan Resûl-i Ekrem ve ona tâbi olanlar teselli edilir. Allah Teâlâ’nın birlik ve kudret delillerine ve evrendeki yaratılış sırlarına dikkat çekilerek öldükten sonra dirilme gerçeği ve bunun sonuçları üzerinde durulur. Râzî’nin belirttiği üzere bu sûrenin, İslâm inançlarının üç temel umdesinin (Allah’ın birliği, peygamberlik ve âhiret) en güçlü delillerle işlenmesine hasredildiği söylenebilir. Şöyle ki: 3. âyette –devamındaki delillerle teyit edilerek– peygamberlik müessesesi üzerinde durulmuş; müteakip âyetlerde Allah’ın birliği ve eşsiz gücü, öldükten sonra dirilmenin ve ilâhî huzurda yargılanmanın kaçınılmazlığı ortaya konmuş, son âyette de yine bu iki nokta (vahdâniyet ve haşir) özetlenmiştir. Kur’an’dan bu ölçüde de olsa nasibini alan kimse artık kalbinin payı olan imanı elde etmiş demektir ki bunun tezahürleri de diline ve davranışlarına yansıyacaktır (XXVI, 113).","Fazileti
 Hadis kaynaklarında Hz. Peygamber’den Yâsîn sûresinin faziletine dair nakledilmiş sözler yer alır. Bunlardan biri şöyledir: “Her şeyin bir kalbi vardır; Kur’an’ın kalbi de Yâsîn’dir” (Tirmizî, “Fezâilü’l-Kur’ân”, 7; Dârimî, “Fezâilü’l-Kur’ân”, 21; krş. Müsned, V, 26. Diğer bazı rivayetler için bk. Şevkânî, IV, 410-411). İbn Abbas’ın da –bu sûrenin son âyeti hakkında– “Yâsîn’in ve onu okumanın niçin bu kadar faziletli olduğunu bilmiyordum; meğer bu âyetten dolayı imiş” dediği nakledilir (Zemahşerî, III, 294-295). Hadislerin sıhhat durumu tartışmalı olmakla beraber, öteden beri İslâm âlimleri Resûlullah’ın bu sûreye özel bir ilgi gösterdiği kanaatini taşımışlar ve müslümanlar da Kur’an tilâvetinde ona ayrı bir yer vermişlerdir. Bu sebeple Yâsîn sûresi için özel tefsirler kaleme alınmıştır (Ölülere Yâsîn okunmasıyla ilgili hadiste “ölmek üzere olanlar”ın kastedildiği kanaati hâkim olmakla beraber, bunu öldükten sonra veya ölünün kabri başında okunacağı şeklinde anlayanlar da vardır, bk. Elmalılı, VI, 4004).","['https://kuran.diyanet.gov.tr/tefsir/Y%C3%A2s%C3%AEn-suresi/3706/1-ayet-tefsiri', 'https://kuran.diyanet.gov.tr/tefsir/Y%C3%A2s%C3%AEn-suresi/3707/2-5-ayet-tefsiri', 'https://kuran.diyanet.gov.tr/tefsir/Y%C3%A2s%C3%AEn-suresi/3711/6-ayet-tefsiri', 'https://kuran.diyanet.gov.tr/tefsir/Y%C3%A2s%C3%AEn-suresi/3712/7-ayet-tefsiri', 'https://kuran.diyanet.gov.tr/tefsir/Y%C3%A2s%C3%AEn-suresi/3713/8-10-ayet-tefsiri', 'https://kuran.diyanet.gov.tr/tefsir/Y%C3%A2s%C3%AEn-suresi/3716/11-ayet-tefsiri', 'https://kuran.diyanet.gov.tr/tefsir/Y%C3%A2s%C3%AEn-suresi/3717/12-ayet-tefsiri', 'https://kuran.diyanet.gov.tr/tefsir/Y%C3%A2s%C3%AEn-suresi/3718/13-32-ayet-tefsiri', 'https://kuran.diyanet.gov.tr/tefsir/Y%C3%A2s%C3%AEn-suresi/3738/33-36-ayet-tefsiri', 'https://kuran.diyanet.gov.tr/tefsir/Y%C3%A2s%C3%AEn-suresi/3742/37-ayet-tefsiri', 'https://kuran.diyanet.gov.tr/tefsir/Y%C3%A2s%C3%AEn-suresi/3743/38-40-ayet-tefsiri', 'https://kuran.diyanet.gov.tr/tefsir/Y%C3%A2s%C3%AEn-suresi/3746/41-44-ayet-tefsiri', 'https://kuran.diyanet.gov.tr/tefsir/Y%C3%A2s%C3%AEn-suresi/3750/45-ayet-tefsiri', 'https://kuran.diyanet.gov.tr/tefsir/Y%C3%A2s%C3%AEn-suresi/3751/46-ayet-tefsiri', 'https://kuran.diyanet.gov.tr/tefsir/Y%C3%A2s%C3%AEn-suresi/3752/47-ayet-tefsiri', 'https://kuran.diyanet.gov.tr/tefsir/Y%C3%A2s%C3%AEn-suresi/3753/48-50-ayet-tefsiri', 'https://kuran.diyanet.gov.tr/tefsir/Y%C3%A2s%C3%AEn-suresi/3756/51-54-ayet-tefsiri', 'https://kuran.diyanet.gov.tr/tefsir/Y%C3%A2s%C3%AEn-suresi/3760/55-58-ayet-tefsiri', 'https://kuran.diyanet.gov.tr/tefsir/Y%C3%A2s%C3%AEn-suresi/3764/59-ayet-tefsiri', 'https://kuran.diyanet.gov.tr/tefsir/Y%C3%A2s%C3%AEn-suresi/3765/60-67-ayet-tefsiri', 'https://kuran.diyanet.gov.tr/tefsir/Y%C3%A2s%C3%AEn-suresi/3773/68-ayet-tefsiri', 'https://kuran.diyanet.gov.tr/tefsir/Y%C3%A2s%C3%AEn-suresi/3774/69-ayet-tefsiri', 'https://kuran.diyanet.gov.tr/tefsir/Y%C3%A2s%C3%AEn-suresi/3775/70-ayet-tefsiri', 'https://kuran.diyanet.gov.tr/tefsir/Y%C3%A2s%C3%AEn-suresi/3776/71-76-ayet-tefsiri', 'https://kuran.diyanet.gov.tr/tefsir/Y%C3%A2s%C3%AEn-suresi/3782/77-79-ayet-tefsiri', 'https://kuran.diyanet.gov.tr/tefsir/Y%C3%A2s%C3%AEn-suresi/3785/80-ayet-tefsiri', 'https://kuran.diyanet.gov.tr/tefsir/Y%C3%A2s%C3%AEn-suresi/3786/81-ayet-tefsiri', 'https://kuran.diyanet.gov.tr/tefsir/Y%C3%A2s%C3%AEn-suresi/3787/82-ayet-tefsiri', 'https://kuran.diyanet.gov.tr/tefsir/Y%C3%A2s%C3%AEn-suresi/3788/83-ayet-tefsiri']"
37,"Hakkında
                    Mekke döneminde inmiştir. 182 âyettir. Sûre, adını ilk âyette geçen “es-Sâffât” kelimesinden almıştır. Sâffât, sıra sıra dizilenler, saf saf duranlar demektir. Sûrede başlıca, meleklerden, cinlerden, kıyamet ve ahiret olaylarından söz edilmekte; Nûh, İbrahim, İsmail, İshak, Mûsâ, Hârun, İlyas, Lût ve Yûnus Peygamberlerin kıssalarına yer verilmektedir.","Nuzül
 Mushaftaki sıralamada otuz yedinci, iniş sırasına göre elli al­tın­cı sûredir. En‘âm sûresinden sonra, Lokman sûresinden önce Mekke’de inmiştir.","Konusu
 Sâffât sûresinde Allah’ın birliği, âhiret hayatının gerçekliği, o hayatta neler olacağı, inkârcıların âhiretteki pişmanlıkları ve birbirlerini suçlamaları, ayrıca Allah’ın samimi kullarının cennetteki mutlu yaşayışları hakkında bilgi verildikten sonra Nûh, İbrâhim, İsmâil, İshak, Mûsâ ve Hârûn, İlyâs, Lût ve Yûnus peygamberlerin hayat hikâyelerinin ibretli yanları ve Allah’ın onları yardımıyla desteklemesi anlatılmakta; putperestlerin bâtıl inançları eleştirilmektedir. Sûre, genellikle Kur’an tilâveti ve duaların sonunda okunması âdet haline gelen ve “Sübhâne rabbike...” diye başlayıp “ve’l-hamdü lillâhi rabbi’l-âlemîn” diye biten âyetlerle son bulmaktadır.",Fazileti,"['https://kuran.diyanet.gov.tr/tefsir/S%C3%A2ff%C3%A2t-suresi/3789/1-5-ayet-tefsiri', 'https://kuran.diyanet.gov.tr/tefsir/S%C3%A2ff%C3%A2t-suresi/3794/6-ayet-tefsiri', 'https://kuran.diyanet.gov.tr/tefsir/S%C3%A2ff%C3%A2t-suresi/3795/7-10-ayet-tefsiri', 'https://kuran.diyanet.gov.tr/tefsir/S%C3%A2ff%C3%A2t-suresi/3799/11-12-ayet-tefsiri', 'https://kuran.diyanet.gov.tr/tefsir/S%C3%A2ff%C3%A2t-suresi/3801/13-15-ayet-tefsiri', 'https://kuran.diyanet.gov.tr/tefsir/S%C3%A2ff%C3%A2t-suresi/3804/16-20-ayet-tefsiri', 'https://kuran.diyanet.gov.tr/tefsir/S%C3%A2ff%C3%A2t-suresi/3809/21-ayet-tefsiri', 'https://kuran.diyanet.gov.tr/tefsir/S%C3%A2ff%C3%A2t-suresi/3810/22-23-ayet-tefsiri', 'https://kuran.diyanet.gov.tr/tefsir/S%C3%A2ff%C3%A2t-suresi/3812/24-ayet-tefsiri', 'https://kuran.diyanet.gov.tr/tefsir/S%C3%A2ff%C3%A2t-suresi/3813/25-26-ayet-tefsiri', 'https://kuran.diyanet.gov.tr/tefsir/S%C3%A2ff%C3%A2t-suresi/3815/27-34-ayet-tefsiri', 'https://kuran.diyanet.gov.tr/tefsir/S%C3%A2ff%C3%A2t-suresi/3823/35-37-ayet-tefsiri', 'https://kuran.diyanet.gov.tr/tefsir/S%C3%A2ff%C3%A2t-suresi/3826/38-39-ayet-tefsiri', 'https://kuran.diyanet.gov.tr/tefsir/S%C3%A2ff%C3%A2t-suresi/3828/40-49-ayet-tefsiri', 'https://kuran.diyanet.gov.tr/tefsir/S%C3%A2ff%C3%A2t-suresi/3838/50-57-ayet-tefsiri', 'https://kuran.diyanet.gov.tr/tefsir/S%C3%A2ff%C3%A2t-suresi/3846/58-61-ayet-tefsiri', 'https://kuran.diyanet.gov.tr/tefsir/S%C3%A2ff%C3%A2t-suresi/3850/62-68-ayet-tefsiri', 'https://kuran.diyanet.gov.tr/tefsir/S%C3%A2ff%C3%A2t-suresi/3857/69-70-ayet-tefsiri', 'https://kuran.diyanet.gov.tr/tefsir/S%C3%A2ff%C3%A2t-suresi/3859/71-74-ayet-tefsiri', 'https://kuran.diyanet.gov.tr/tefsir/S%C3%A2ff%C3%A2t-suresi/3863/75-82-ayet-tefsiri', 'https://kuran.diyanet.gov.tr/tefsir/S%C3%A2ff%C3%A2t-suresi/3871/83-84-ayet-tefsiri', 'https://kuran.diyanet.gov.tr/tefsir/S%C3%A2ff%C3%A2t-suresi/3873/85-93-ayet-tefsiri', 'https://kuran.diyanet.gov.tr/tefsir/S%C3%A2ff%C3%A2t-suresi/3882/94-100-ayet-tefsiri', 'https://kuran.diyanet.gov.tr/tefsir/S%C3%A2ff%C3%A2t-suresi/3889/101-103-ayet-tefsiri', 'https://kuran.diyanet.gov.tr/tefsir/S%C3%A2ff%C3%A2t-suresi/3892/104-111-ayet-tefsiri', 'https://kuran.diyanet.gov.tr/tefsir/S%C3%A2ff%C3%A2t-suresi/3900/112-113-ayet-tefsiri', 'https://kuran.diyanet.gov.tr/tefsir/S%C3%A2ff%C3%A2t-suresi/3902/114-122-ayet-tefsiri', 'https://kuran.diyanet.gov.tr/tefsir/S%C3%A2ff%C3%A2t-suresi/3911/123-132-ayet-tefsiri', 'https://kuran.diyanet.gov.tr/tefsir/S%C3%A2ff%C3%A2t-suresi/3921/133-136-ayet-tefsiri', 'https://kuran.diyanet.gov.tr/tefsir/S%C3%A2ff%C3%A2t-suresi/3925/137-138-ayet-tefsiri', 'https://kuran.diyanet.gov.tr/tefsir/S%C3%A2ff%C3%A2t-suresi/3927/139-148-ayet-tefsiri', 'https://kuran.diyanet.gov.tr/tefsir/S%C3%A2ff%C3%A2t-suresi/3937/149-157-ayet-tefsiri', 'https://kuran.diyanet.gov.tr/tefsir/S%C3%A2ff%C3%A2t-suresi/3946/158-159-ayet-tefsiri', 'https://kuran.diyanet.gov.tr/tefsir/S%C3%A2ff%C3%A2t-suresi/3948/160-163-ayet-tefsiri', 'https://kuran.diyanet.gov.tr/tefsir/S%C3%A2ff%C3%A2t-suresi/3952/164-166-ayet-tefsiri', 'https://kuran.diyanet.gov.tr/tefsir/S%C3%A2ff%C3%A2t-suresi/3955/167-170-ayet-tefsiri', 'https://kuran.diyanet.gov.tr/tefsir/S%C3%A2ff%C3%A2t-suresi/3959/171-173-ayet-tefsiri', 'https://kuran.diyanet.gov.tr/tefsir/S%C3%A2ff%C3%A2t-suresi/3962/174-175-ayet-tefsiri', 'https://kuran.diyanet.gov.tr/tefsir/S%C3%A2ff%C3%A2t-suresi/3964/176-179-ayet-tefsiri', 'https://kuran.diyanet.gov.tr/tefsir/S%C3%A2ff%C3%A2t-suresi/3968/180-182-ayet-tefsiri']"
38,"Hakkında
                    Mekke döneminde inmiştir. 88 âyettir. Sûre, adını birinci âyetteki “Sâd” harfinden almıştır. Sûrede başlıca, Allah’ın birliği, müşriklerin inkârları ve sapıklıkları sebebiyle azabı hak etmiş oldukları, Davûd, Süleyman, Eyyüp, İbrahim, İshak, İsmail, el-Yesa’ ve Zülkifl Peygamberlerin kıssaları, Davûd Peygamberin hakemliği ve Hz. Peygamberin temel görevi konu edilmektedir.","Nuzül
 Mushaftaki sıralamada otuz sekizinci, iniş sırasına göre de otuz sekizinci sûredir. Kamer sûresinden sonra, A‘râf sûresinden önce Mekke’de inmiştir.","Konusu
 Sûrenin temel konusu, Resûl-i Ekrem’in hak peygamber olduğu gerçeğinin ispatıdır. Kur’an üzerine yeminle başlayan sûrede Hz. Muhammed’in peygamberliğini inkâr eden müşriklerin iddiaları reddedilmekte; çok tanrıcı inançlarının kısa eleştirisi yapıldıktan sonra onlara, önceki peygamberlere karşı benzer tavırlar sergileyenlerin âkıbetleri hatırlatılmakta, Hz. Peygamber’e de sabır tavsiye edilmektedir. Hz. Dâvûd, oğlu Süleyman ve Eyyûb’un hayatlarından kesitler verilmekte; Hz. İbrâhim, İshak, Ya‘kub, İsmâil, Elyesa‘, Zülkifl’in isimleri sıralanarak bunların yolundan gidenlerin âhiretteki mutlu hayatları, buna karşılık yoldan çıkanların kötü âkıbetleri hakkında kısa ve uyarıcı açıklamalar yapılmaktadır. Sûrenin son bölümünde insanlığın atası olan Hz. Âdem’in yaratılışı anlatıldıktan sonra İblis’in, kendisine rahmet kapılarının kapanmasına sebep olduğunu düşündüğü için Âdem’in soyuna hınç beslediği ve onları doğru yoldan saptırmaya ahdettiği anlatılmakta, Hz. Muhammed’in hak peygamber olduğu gerçeği bir defa daha vurgulanmaktadır.",Fazileti,"['https://kuran.diyanet.gov.tr/tefsir/S%C3%A2d-suresi/3971/1-2-ayet-tefsiri', 'https://kuran.diyanet.gov.tr/tefsir/S%C3%A2d-suresi/3973/3-4-ayet-tefsiri', 'https://kuran.diyanet.gov.tr/tefsir/S%C3%A2d-suresi/3975/5-8-ayet-tefsiri', 'https://kuran.diyanet.gov.tr/tefsir/S%C3%A2d-suresi/3979/9-10-ayet-tefsiri', 'https://kuran.diyanet.gov.tr/tefsir/S%C3%A2d-suresi/3981/11-ayet-tefsiri', 'https://kuran.diyanet.gov.tr/tefsir/S%C3%A2d-suresi/3982/12-14-ayet-tefsiri', 'https://kuran.diyanet.gov.tr/tefsir/S%C3%A2d-suresi/3985/15-ayet-tefsiri', 'https://kuran.diyanet.gov.tr/tefsir/S%C3%A2d-suresi/3986/16-17-ayet-tefsiri', 'https://kuran.diyanet.gov.tr/tefsir/S%C3%A2d-suresi/3988/18-19-ayet-tefsiri', 'https://kuran.diyanet.gov.tr/tefsir/S%C3%A2d-suresi/3990/20-ayet-tefsiri', 'https://kuran.diyanet.gov.tr/tefsir/S%C3%A2d-suresi/3991/21-23-ayet-tefsiri', 'https://kuran.diyanet.gov.tr/tefsir/S%C3%A2d-suresi/3994/24-ayet-tefsiri', 'https://kuran.diyanet.gov.tr/tefsir/S%C3%A2d-suresi/3995/25-26-ayet-tefsiri', 'https://kuran.diyanet.gov.tr/tefsir/S%C3%A2d-suresi/3997/27-29-ayet-tefsiri', 'https://kuran.diyanet.gov.tr/tefsir/S%C3%A2d-suresi/4000/30-ayet-tefsiri', 'https://kuran.diyanet.gov.tr/tefsir/S%C3%A2d-suresi/4001/31-33-ayet-tefsiri', 'https://kuran.diyanet.gov.tr/tefsir/S%C3%A2d-suresi/4004/34-40-ayet-tefsiri', 'https://kuran.diyanet.gov.tr/tefsir/S%C3%A2d-suresi/4011/41-44-ayet-tefsiri', 'https://kuran.diyanet.gov.tr/tefsir/S%C3%A2d-suresi/4015/45-48-ayet-tefsiri', 'https://kuran.diyanet.gov.tr/tefsir/S%C3%A2d-suresi/4019/49-54-ayet-tefsiri', 'https://kuran.diyanet.gov.tr/tefsir/S%C3%A2d-suresi/4025/55-58-ayet-tefsiri', 'https://kuran.diyanet.gov.tr/tefsir/S%C3%A2d-suresi/4029/59-61-ayet-tefsiri', 'https://kuran.diyanet.gov.tr/tefsir/S%C3%A2d-suresi/4032/62-64-ayet-tefsiri', 'https://kuran.diyanet.gov.tr/tefsir/S%C3%A2d-suresi/4035/65-66-ayet-tefsiri', 'https://kuran.diyanet.gov.tr/tefsir/S%C3%A2d-suresi/4037/67-68-ayet-tefsiri', 'https://kuran.diyanet.gov.tr/tefsir/S%C3%A2d-suresi/4039/69-70-ayet-tefsiri', 'https://kuran.diyanet.gov.tr/tefsir/S%C3%A2d-suresi/4041/71-85-ayet-tefsiri', 'https://kuran.diyanet.gov.tr/tefsir/S%C3%A2d-suresi/4056/86-88-ayet-tefsiri']"
39,"Hakkında
                    Mekke döneminde inmiştir. 75 âyettir. Sûre, adını 71 ve 73. âyetlerde geçen “Zümer” kelimesinden almıştır. Zümer; zümreler, gruplar demektir. Sûrede başlıca, göklerde ve yerde Allah’ın birliğini gösteren deliller, mü’minlerin cennete, kâfirlerin cehenneme sevk edilecekleri konu edilmekte; kullar, ölüm gelip çatmadan Allah’a yönelmeye çağrılmaktadır.","Nuzül
 Mushaftaki sıralamada otuz dokuzuncu, iniş sırasına göre elli dokuzuncu sûredir. Sebe’ sûresinden sonra, Mü’min (Gāfir) sûresinden önce Mekke’de inmiştir. Allah’ın rahmetinden ümit kesilmemesi gerektiğini belirten 53. âyetten itibaren üç veya yedi âyetin Medine döneminde indiği yolunda rivayetler varsa da bu rivayetler zayıf bulunmaktadır (bk. İbn Âşûr, XXIII, 311).","Konusu
 Sûrenin temel konusu Allah ve âhiret inancıdır. Bu çerçevede hiçbir şeyin Allah’a ortak ve denk tutulamayacağı, O’nun mutlak ve eşsiz yaratıcı olduğu, bu sebeple insanın her durumda O’na yönelip bağlanması gerektiği belirtilmekte; bu şekilde inanan ve yaşayanların ulaşacağı âhiret nimetlerine ve cennet hayatına dair bilgi verilmekte; inkârcıların olumsuz duygu ve davranışları değerlendirilmekte; bunların kötü sonuçları hakkında uyarıda bulunulmaktadır. Her şeye rağmen Allah’ın rahmetinden ümit kesilmesinin doğru olmadığı, çünkü Allah’ın, dönüş yapıp kendisine yönelenlerin bütün günahlarını bağışlayacağı müjdelenmekte ve insanlar, âhiret azabıyla yüz yüze gelmeden önce, fırsat eldeyken inançlarını ve yaşayışlarını düzeltmeye çağırılmaktadır. Sûre, müminlerin âhiret mutluluğunu tasvir eden âyetlerle son bulmaktadır.","Fazileti
 Hz. Âişe, Resûlullah’ın genellikle her gece yatmadan önce Zümer ve Benî İsrâil (İsrâ) sûrelerini okuduğunu söylemiştir (Tirmîzî, “Sevâbü’l-Kur’ân”, 21).","['https://kuran.diyanet.gov.tr/tefsir/Z%C3%BCmer-suresi/4059/1-2-ayet-tefsiri', 'https://kuran.diyanet.gov.tr/tefsir/Z%C3%BCmer-suresi/4061/3-ayet-tefsiri', 'https://kuran.diyanet.gov.tr/tefsir/Z%C3%BCmer-suresi/4062/4-ayet-tefsiri', 'https://kuran.diyanet.gov.tr/tefsir/Z%C3%BCmer-suresi/4063/5-6-ayet-tefsiri', 'https://kuran.diyanet.gov.tr/tefsir/Z%C3%BCmer-suresi/4065/7-ayet-tefsiri', 'https://kuran.diyanet.gov.tr/tefsir/Z%C3%BCmer-suresi/4066/8-9-ayet-tefsiri', 'https://kuran.diyanet.gov.tr/tefsir/Z%C3%BCmer-suresi/4068/10-ayet-tefsiri', 'https://kuran.diyanet.gov.tr/tefsir/Z%C3%BCmer-suresi/4069/11-14-ayet-tefsiri', 'https://kuran.diyanet.gov.tr/tefsir/Z%C3%BCmer-suresi/4073/15-16-ayet-tefsiri', 'https://kuran.diyanet.gov.tr/tefsir/Z%C3%BCmer-suresi/4075/17-18-ayet-tefsiri', 'https://kuran.diyanet.gov.tr/tefsir/Z%C3%BCmer-suresi/4077/19-20-ayet-tefsiri', 'https://kuran.diyanet.gov.tr/tefsir/Z%C3%BCmer-suresi/4079/21-22-ayet-tefsiri', 'https://kuran.diyanet.gov.tr/tefsir/Z%C3%BCmer-suresi/4081/23-ayet-tefsiri', 'https://kuran.diyanet.gov.tr/tefsir/Z%C3%BCmer-suresi/4082/24-26-ayet-tefsiri', 'https://kuran.diyanet.gov.tr/tefsir/Z%C3%BCmer-suresi/4085/27-28-ayet-tefsiri', 'https://kuran.diyanet.gov.tr/tefsir/Z%C3%BCmer-suresi/4087/29-ayet-tefsiri', 'https://kuran.diyanet.gov.tr/tefsir/Z%C3%BCmer-suresi/4088/30-31-ayet-tefsiri', 'https://kuran.diyanet.gov.tr/tefsir/Z%C3%BCmer-suresi/4090/32-ayet-tefsiri', 'https://kuran.diyanet.gov.tr/tefsir/Z%C3%BCmer-suresi/4091/33-35-ayet-tefsiri', 'https://kuran.diyanet.gov.tr/tefsir/Z%C3%BCmer-suresi/4094/36-37-ayet-tefsiri', 'https://kuran.diyanet.gov.tr/tefsir/Z%C3%BCmer-suresi/4096/38-40-ayet-tefsiri', 'https://kuran.diyanet.gov.tr/tefsir/Z%C3%BCmer-suresi/4099/41-ayet-tefsiri', 'https://kuran.diyanet.gov.tr/tefsir/Z%C3%BCmer-suresi/4100/42-ayet-tefsiri', 'https://kuran.diyanet.gov.tr/tefsir/Z%C3%BCmer-suresi/4101/43-44-ayet-tefsiri', 'https://kuran.diyanet.gov.tr/tefsir/Z%C3%BCmer-suresi/4103/45-46-ayet-tefsiri', 'https://kuran.diyanet.gov.tr/tefsir/Z%C3%BCmer-suresi/4105/47-48-ayet-tefsiri', 'https://kuran.diyanet.gov.tr/tefsir/Z%C3%BCmer-suresi/4107/49-52-ayet-tefsiri', 'https://kuran.diyanet.gov.tr/tefsir/Z%C3%BCmer-suresi/4111/53-ayet-tefsiri', 'https://kuran.diyanet.gov.tr/tefsir/Z%C3%BCmer-suresi/4112/54-55-ayet-tefsiri', 'https://kuran.diyanet.gov.tr/tefsir/Z%C3%BCmer-suresi/4114/56-ayet-tefsiri', 'https://kuran.diyanet.gov.tr/tefsir/Z%C3%BCmer-suresi/4115/57-59-ayet-tefsiri', 'https://kuran.diyanet.gov.tr/tefsir/Z%C3%BCmer-suresi/4118/60-61-ayet-tefsiri', 'https://kuran.diyanet.gov.tr/tefsir/Z%C3%BCmer-suresi/4120/62-63-ayet-tefsiri', 'https://kuran.diyanet.gov.tr/tefsir/Z%C3%BCmer-suresi/4122/64-66-ayet-tefsiri', 'https://kuran.diyanet.gov.tr/tefsir/Z%C3%BCmer-suresi/4125/67-ayet-tefsiri', 'https://kuran.diyanet.gov.tr/tefsir/Z%C3%BCmer-suresi/4126/68-ayet-tefsiri', 'https://kuran.diyanet.gov.tr/tefsir/Z%C3%BCmer-suresi/4127/69-70-ayet-tefsiri', 'https://kuran.diyanet.gov.tr/tefsir/Z%C3%BCmer-suresi/4129/71-75-ayet-tefsiri']"
40,"Hakkında
                    56 ve 57. âyetler hariç Mekke döneminde inmiştir. 85 âyettir. Sûre, adını 28.âyette geçen “mü’min” kelimesinden almıştır. Mü’min inanan kimse demektir. Âyette sözü edilen mü’min, Firavun ailesinin; gizlice iman eden ve çevresindekileri hakka yönlendirmeye çalışan bir ferdidir. Ayrıca sûre, Allah’ın sıfatlarından biri olan ve 3. âyette geçen “ğâfir” kelimesinden dolayı “Ğâfîr sûresi” diye de anılmaktadır. “Ğâfir”, bağışlayan demektir. Sûrede başlıca, Allah’ın birliğini gösteren bazı delillere yer verilerek kıyametle ilgili tasvirler yapılmaktadır.","Nuzül
 Mushaftaki sıralamada kırkıncı, iniş sırasına göre altmışıncı sûredir. Zümer sûresinden sonra, Fussılet sûresinden önce Mekke’de inmiştir. “Hâ-mîm” diye başlayan ve arka arkaya gelen yedi sûrenin ilkidir.","Konusu
 Mü’min sûresinde ağırlıklı olarak “Allah’ın âyetlerini tartışmaya kalkışanlar”dan, bu âyetlere karşı mücadele verenlerden söz edilmekte; genellikle Mekke putperestlerinin aristokrat tabakasından oluşan bu kesimin karakteri, genel tutumları ve amaçlarıyla görecekleri cezalar üzerinde durulmaktadır. Sûre, Allah’ın rahmetinin ve ilminin genişliği, kudretinin sınırsızlığı; ilâhî hakikatleri yalanlamaya kalkışanların cezaları ve pişmanlıkları, uhrevî yargılamanın adaletli oluşu gibi konulara dair açıklamalarla başlar. Hz. Mûsâ ile Firavun ve onu izleyenler arasında geçen mücadeleye değinilirken Mûsâ’nın dinine gizlice inanmış bir müminin inkârcılara yönelttiği anlamlı ve yararlı uyarılara yer verilir. Allah’tan başka ilâh bulunmadığı ve O’ndan başkası için yapılan ibadetlerin geçersiz olduğu, Allah’a şükretmekten yüz çevirenlerin bu yanlıştan dönmelerini sağlamak üzere onlara ilâhî nimetlerin hatırlatılması, öldükten sonra tekrar dirilmenin mümkün olduğunun kanıtlanması ve bu konuda insanların uyarılması, Allah Teâlâ’nın resulünü destekleyeceğine dair vaadi sûrenin başlıca konularındandır. Sûre, ellerinde fırsat varken gerçeği görüp Hz. Peygamber’in getirdiği açık seçik gerçekleri kabul edecekleri yerde, kendi temelsiz bilgilerine güvenerek kibre kapılıp inkâr yolunu seçenlerin ilâhî ceza ile yüzyüze geldiklerinde inanmalarının artık kendilerine fayda vermeyeceği uyarısında bulunan açıklamalarla son bulmaktadır.","Fazileti
 Ebû Hüreyre’nin bildirdiğine göre Hz. Peygamber, Mü’min sûresinin ilk üç âyeti ile Âyetü’l-kürsî’yi (Bakara 2/255) sabah akşam okuyan bir kimsenin bu sayede korunacağını ifade etmiştir (Tirmizî, “Sevâbü’l-Kur’ân”, 2).","[""https://kuran.diyanet.gov.tr/tefsir/M%C3%BC'min-suresi/4134/1-ayet-tefsiri"", ""https://kuran.diyanet.gov.tr/tefsir/M%C3%BC'min-suresi/4135/2-3-ayet-tefsiri"", ""https://kuran.diyanet.gov.tr/tefsir/M%C3%BC'min-suresi/4137/4-6-ayet-tefsiri"", ""https://kuran.diyanet.gov.tr/tefsir/M%C3%BC'min-suresi/4140/7-9-ayet-tefsiri"", ""https://kuran.diyanet.gov.tr/tefsir/M%C3%BC'min-suresi/4143/10-12-ayet-tefsiri"", ""https://kuran.diyanet.gov.tr/tefsir/M%C3%BC'min-suresi/4146/13-15-ayet-tefsiri"", ""https://kuran.diyanet.gov.tr/tefsir/M%C3%BC'min-suresi/4149/16-18-ayet-tefsiri"", ""https://kuran.diyanet.gov.tr/tefsir/M%C3%BC'min-suresi/4152/19-20-ayet-tefsiri"", ""https://kuran.diyanet.gov.tr/tefsir/M%C3%BC'min-suresi/4154/21-22-ayet-tefsiri"", ""https://kuran.diyanet.gov.tr/tefsir/M%C3%BC'min-suresi/4156/23-24-ayet-tefsiri"", ""https://kuran.diyanet.gov.tr/tefsir/M%C3%BC'min-suresi/4158/25-27-ayet-tefsiri"", ""https://kuran.diyanet.gov.tr/tefsir/M%C3%BC'min-suresi/4161/28-29-ayet-tefsiri"", ""https://kuran.diyanet.gov.tr/tefsir/M%C3%BC'min-suresi/4163/30-33-ayet-tefsiri"", ""https://kuran.diyanet.gov.tr/tefsir/M%C3%BC'min-suresi/4167/34-35-ayet-tefsiri"", ""https://kuran.diyanet.gov.tr/tefsir/M%C3%BC'min-suresi/4169/36-37-ayet-tefsiri"", ""https://kuran.diyanet.gov.tr/tefsir/M%C3%BC'min-suresi/4171/38-40-ayet-tefsiri"", ""https://kuran.diyanet.gov.tr/tefsir/M%C3%BC'min-suresi/4174/41-44-ayet-tefsiri"", ""https://kuran.diyanet.gov.tr/tefsir/M%C3%BC'min-suresi/4178/45-46-ayet-tefsiri"", ""https://kuran.diyanet.gov.tr/tefsir/M%C3%BC'min-suresi/4180/47-50-ayet-tefsiri"", ""https://kuran.diyanet.gov.tr/tefsir/M%C3%BC'min-suresi/4184/51-52-ayet-tefsiri"", ""https://kuran.diyanet.gov.tr/tefsir/M%C3%BC'min-suresi/4186/53-54-ayet-tefsiri"", ""https://kuran.diyanet.gov.tr/tefsir/M%C3%BC'min-suresi/4188/55-ayet-tefsiri"", ""https://kuran.diyanet.gov.tr/tefsir/M%C3%BC'min-suresi/4189/56-ayet-tefsiri"", ""https://kuran.diyanet.gov.tr/tefsir/M%C3%BC'min-suresi/4190/57-ayet-tefsiri"", ""https://kuran.diyanet.gov.tr/tefsir/M%C3%BC'min-suresi/4191/58-59-ayet-tefsiri"", ""https://kuran.diyanet.gov.tr/tefsir/M%C3%BC'min-suresi/4193/60-ayet-tefsiri"", ""https://kuran.diyanet.gov.tr/tefsir/M%C3%BC'min-suresi/4194/61-64-ayet-tefsiri"", ""https://kuran.diyanet.gov.tr/tefsir/M%C3%BC'min-suresi/4198/65-ayet-tefsiri"", ""https://kuran.diyanet.gov.tr/tefsir/M%C3%BC'min-suresi/4199/66-ayet-tefsiri"", ""https://kuran.diyanet.gov.tr/tefsir/M%C3%BC'min-suresi/4200/67-ayet-tefsiri"", ""https://kuran.diyanet.gov.tr/tefsir/M%C3%BC'min-suresi/4201/68-ayet-tefsiri"", ""https://kuran.diyanet.gov.tr/tefsir/M%C3%BC'min-suresi/4202/69-76-ayet-tefsiri"", ""https://kuran.diyanet.gov.tr/tefsir/M%C3%BC'min-suresi/4210/77-ayet-tefsiri"", ""https://kuran.diyanet.gov.tr/tefsir/M%C3%BC'min-suresi/4211/78-ayet-tefsiri"", ""https://kuran.diyanet.gov.tr/tefsir/M%C3%BC'min-suresi/4212/79-81-ayet-tefsiri"", ""https://kuran.diyanet.gov.tr/tefsir/M%C3%BC'min-suresi/4215/82-83-ayet-tefsiri"", ""https://kuran.diyanet.gov.tr/tefsir/M%C3%BC'min-suresi/4217/84-85-ayet-tefsiri""]"
41,"Hakkında
                    Mekke döneminde inmiştir. 54 âyettir. Sûre, adını üçüncü âyette geçen ve Kur’an âyetlerini niteleyen “fussilet” ifadesinden almıştır. “Fussilet”, “genişçe açıklandı” demektir. Sûre, ayrıca “Hâ Mîm es-Secde” diye de anılır. Sûrede başlıca hakka davet, batılda ısrar edenlerin uyarılması, vahyin insanlar üzerindeki ahlâkî ve manevî etkileri konu edilmektedir.","Nuzül
 Mushaftaki sıralamada kırk birinci, iniş sırasına göre altmış birinci sûredir. Mü’min (Gâfir) sûresinden sonra, Şûrâ sûresinden önce Mekke’de inmiştir. “Hâ-mîm” harfleriyle başlayan ve arka arkaya gelen yedi sûrenin ikincisidir.","Konusu
 Kur’an’ın, rahmân ve rahîm olan Allah’ın katından indirilmiş bir kitap olduğunu belirten açıklamayla başlayan sûrede, Mü’min sûresinde olduğu gibi büyük ölçüde iman konuları işlenmiş ve bu bakımdan Mekke putperestlerinin durumu; Peygamber, Kur’an ve İslâm karşısındaki inkârcı, inatçı ve baskıcı tutumları, özellikle Kur’an karşısındaki peşin hükümleri ve onun sesini boğma gayretleri, nihayet bütün bu davranışlarıyla nasıl bir âkıbeti hak ettikleri üzerinde durulmuş; yer yer geçmişteki bazı kavimlerin, kendi dinleri ve peygamberleri karşısındaki haksız tavırlarıyla bu yüzden başlarına gelen felâketlere dair uyarıcı mahiyette kısa bilgiler verilmiştir. Sûrenin özellikle 30-36. âyetlerinde Kur’an’ın, Allah’a iman temeline dayanan, daima dürüst olunmasını, insanlar arasında sıcak dostluğa, barış ve uzlaşmaya dayalı ilişkiler kurulmasını amaçlayan ahlâk öğretisi özetlenmiştir.","Fazileti
 İbn Âşûr’un Beyhak^’den naklettiğine göre (XXIV, 227) Hz. Peygamber’in Tebâreke (Mülk) ve Hâ-mîm es-secde (Fussılet) sûrelerini okumadan uykuya yatmadığı rivayet edilmiştir.","['https://kuran.diyanet.gov.tr/tefsir/Fussilet-suresi/4219/1-ayet-tefsiri', 'https://kuran.diyanet.gov.tr/tefsir/Fussilet-suresi/4220/2-4-ayet-tefsiri', 'https://kuran.diyanet.gov.tr/tefsir/Fussilet-suresi/4223/5-ayet-tefsiri', 'https://kuran.diyanet.gov.tr/tefsir/Fussilet-suresi/4224/6-7-ayet-tefsiri', 'https://kuran.diyanet.gov.tr/tefsir/Fussilet-suresi/4226/8-ayet-tefsiri', 'https://kuran.diyanet.gov.tr/tefsir/Fussilet-suresi/4227/9-ayet-tefsiri', 'https://kuran.diyanet.gov.tr/tefsir/Fussilet-suresi/4228/10-ayet-tefsiri', 'https://kuran.diyanet.gov.tr/tefsir/Fussilet-suresi/4229/11-ayet-tefsiri', 'https://kuran.diyanet.gov.tr/tefsir/Fussilet-suresi/4230/12-ayet-tefsiri', 'https://kuran.diyanet.gov.tr/tefsir/Fussilet-suresi/4231/13-ayet-tefsiri', 'https://kuran.diyanet.gov.tr/tefsir/Fussilet-suresi/4232/14-ayet-tefsiri', 'https://kuran.diyanet.gov.tr/tefsir/Fussilet-suresi/4233/15-16-ayet-tefsiri', 'https://kuran.diyanet.gov.tr/tefsir/Fussilet-suresi/4235/17-18-ayet-tefsiri', 'https://kuran.diyanet.gov.tr/tefsir/Fussilet-suresi/4237/19-ayet-tefsiri', 'https://kuran.diyanet.gov.tr/tefsir/Fussilet-suresi/4238/20-23-ayet-tefsiri', 'https://kuran.diyanet.gov.tr/tefsir/Fussilet-suresi/4242/24-ayet-tefsiri', 'https://kuran.diyanet.gov.tr/tefsir/Fussilet-suresi/4243/25-ayet-tefsiri', 'https://kuran.diyanet.gov.tr/tefsir/Fussilet-suresi/4244/26-ayet-tefsiri', 'https://kuran.diyanet.gov.tr/tefsir/Fussilet-suresi/4245/27-28-ayet-tefsiri', 'https://kuran.diyanet.gov.tr/tefsir/Fussilet-suresi/4247/29-ayet-tefsiri', 'https://kuran.diyanet.gov.tr/tefsir/Fussilet-suresi/4248/30-32-ayet-tefsiri', 'https://kuran.diyanet.gov.tr/tefsir/Fussilet-suresi/4251/33-ayet-tefsiri', 'https://kuran.diyanet.gov.tr/tefsir/Fussilet-suresi/4252/34-35-ayet-tefsiri', 'https://kuran.diyanet.gov.tr/tefsir/Fussilet-suresi/4254/36-ayet-tefsiri', 'https://kuran.diyanet.gov.tr/tefsir/Fussilet-suresi/4255/37-ayet-tefsiri', 'https://kuran.diyanet.gov.tr/tefsir/Fussilet-suresi/4256/38-ayet-tefsiri', 'https://kuran.diyanet.gov.tr/tefsir/Fussilet-suresi/4257/39-ayet-tefsiri', 'https://kuran.diyanet.gov.tr/tefsir/Fussilet-suresi/4258/40-ayet-tefsiri', 'https://kuran.diyanet.gov.tr/tefsir/Fussilet-suresi/4259/41-42-ayet-tefsiri', 'https://kuran.diyanet.gov.tr/tefsir/Fussilet-suresi/4261/43-ayet-tefsiri', 'https://kuran.diyanet.gov.tr/tefsir/Fussilet-suresi/4262/44-ayet-tefsiri', 'https://kuran.diyanet.gov.tr/tefsir/Fussilet-suresi/4263/45-ayet-tefsiri', 'https://kuran.diyanet.gov.tr/tefsir/Fussilet-suresi/4264/46-ayet-tefsiri', 'https://kuran.diyanet.gov.tr/tefsir/Fussilet-suresi/4265/47-48-ayet-tefsiri', 'https://kuran.diyanet.gov.tr/tefsir/Fussilet-suresi/4267/49-51-ayet-tefsiri', 'https://kuran.diyanet.gov.tr/tefsir/Fussilet-suresi/4270/52-ayet-tefsiri', 'https://kuran.diyanet.gov.tr/tefsir/Fussilet-suresi/4271/53-ayet-tefsiri', 'https://kuran.diyanet.gov.tr/tefsir/Fussilet-suresi/4272/54-ayet-tefsiri']"
42,"Hakkında
                    Mekke döneminde inmiştir. 53 âyettir. Sûre, adını 38. âyette geçen “Şûrâ” kelimesinden almıştır. Şûrâ, danışma demektir. Sûrede başlıca müslümanların işlerini kendi aralarında danışma yoluyla yürüttükleri, ayrıca kâinatta Allah’ın birliğini gösteren deliller ve kıyamet gününün hâlleri konu edilmektedir","Nuzül
 Mushaftaki sıralamada kırk ikinci, iniş sırasına göre altmış ikinci sûredir. Mekke döneminde, Zuhruf sûresinden önce ve Fussılet sûresinden sonra nâzil olmuştur. 23-24, 25-26, 27 ve 39-41. âyetlerinin Medine’de indiğine dair rivayetler de bulunmaktadır (İbn Atıyye, V, 25; İbn Âşûr, XXV, 23-24). Fakat üslûp ve içerikleri bu âyetlerin de Mekke döneminde indiği izlenimini vermektedir (bu konuda ve ilgili rivayetlerin taşıdığı zaaflar hakkında bk. Derveze, V, 159, 175-178, 182-183, 187-189).","Konusu
 Sûreye hâkim olan ana fikir, Hz. Muhammed’e bildirilenlerin Allah tarafından vahyedilmekte olduğu, önceki peygamberlere bildirilenlerle ona vahyedilenlerin aynı kaynaktan geldiği, bu sebeple aralarında temel hüküm ve ilkeler açısından birlik bulunduğudur. Yer yer yüce Allah’ın yaratma gücüne ve evrende yürürlükte olan yasalarına değinilen sûrede Allah’a şirk koşanların âhirette karşılaşacakları kötü âkıbete ilişkin uyarılar yapılmakta, iman edip erdemli davranışlarda bulunanlara âhiretle ilgili müjdeler verilmekte, tebliğ görevinin ağırlığı ve müşriklerin inkârcılıkta direnmeleri karşısında bunalan ve herkesin doğru yola girmesi için çırpınan Resûlullah’a –bu dünyada kendi gayret ve seçimlerine göre Allah Teâlâ’nın kimilerine hidayet nasip ederken kimilerini de sapkınlıklarıyla baş başa bırakacağı bildirilerek– teselli verilmekte, bulunduğu doğru çizgiyi azimle sürdürmesi istenmekte, Allah’ın hoşnut olduğu müminlerin bireysel ve toplumsal davranış biçimlerinden bazılarına övgü üslûbu içinde işaret edilerek müslümanlar güzel ahlâk sahibi ve örnek insan olmaya özendirilmektedir. Sûre, vahyin insan için taşıdığı hayatî öneme yapılan bir vurgu ile sona ermektedir.",Fazileti,"['https://kuran.diyanet.gov.tr/tefsir/%C5%9E%C3%BBr%C3%A2-suresi/4273/1-2-ayet-tefsiri', 'https://kuran.diyanet.gov.tr/tefsir/%C5%9E%C3%BBr%C3%A2-suresi/4275/3-ayet-tefsiri', 'https://kuran.diyanet.gov.tr/tefsir/%C5%9E%C3%BBr%C3%A2-suresi/4276/4-ayet-tefsiri', 'https://kuran.diyanet.gov.tr/tefsir/%C5%9E%C3%BBr%C3%A2-suresi/4277/5-ayet-tefsiri', 'https://kuran.diyanet.gov.tr/tefsir/%C5%9E%C3%BBr%C3%A2-suresi/4278/6-9-ayet-tefsiri', 'https://kuran.diyanet.gov.tr/tefsir/%C5%9E%C3%BBr%C3%A2-suresi/4282/10-ayet-tefsiri', 'https://kuran.diyanet.gov.tr/tefsir/%C5%9E%C3%BBr%C3%A2-suresi/4283/11-12-ayet-tefsiri', 'https://kuran.diyanet.gov.tr/tefsir/%C5%9E%C3%BBr%C3%A2-suresi/4285/13-ayet-tefsiri', 'https://kuran.diyanet.gov.tr/tefsir/%C5%9E%C3%BBr%C3%A2-suresi/4286/14-ayet-tefsiri', 'https://kuran.diyanet.gov.tr/tefsir/%C5%9E%C3%BBr%C3%A2-suresi/4287/15-ayet-tefsiri', 'https://kuran.diyanet.gov.tr/tefsir/%C5%9E%C3%BBr%C3%A2-suresi/4288/16-ayet-tefsiri', 'https://kuran.diyanet.gov.tr/tefsir/%C5%9E%C3%BBr%C3%A2-suresi/4289/17-ayet-tefsiri', 'https://kuran.diyanet.gov.tr/tefsir/%C5%9E%C3%BBr%C3%A2-suresi/4290/18-ayet-tefsiri', 'https://kuran.diyanet.gov.tr/tefsir/%C5%9E%C3%BBr%C3%A2-suresi/4291/19-20-ayet-tefsiri', 'https://kuran.diyanet.gov.tr/tefsir/%C5%9E%C3%BBr%C3%A2-suresi/4293/21-ayet-tefsiri', 'https://kuran.diyanet.gov.tr/tefsir/%C5%9E%C3%BBr%C3%A2-suresi/4294/22-ayet-tefsiri', 'https://kuran.diyanet.gov.tr/tefsir/%C5%9E%C3%BBr%C3%A2-suresi/4295/23-ayet-tefsiri', 'https://kuran.diyanet.gov.tr/tefsir/%C5%9E%C3%BBr%C3%A2-suresi/4296/24-ayet-tefsiri', 'https://kuran.diyanet.gov.tr/tefsir/%C5%9E%C3%BBr%C3%A2-suresi/4297/25-ayet-tefsiri', 'https://kuran.diyanet.gov.tr/tefsir/%C5%9E%C3%BBr%C3%A2-suresi/4298/26-ayet-tefsiri', 'https://kuran.diyanet.gov.tr/tefsir/%C5%9E%C3%BBr%C3%A2-suresi/4299/27-ayet-tefsiri', 'https://kuran.diyanet.gov.tr/tefsir/%C5%9E%C3%BBr%C3%A2-suresi/4300/28-ayet-tefsiri', 'https://kuran.diyanet.gov.tr/tefsir/%C5%9E%C3%BBr%C3%A2-suresi/4301/29-ayet-tefsiri', 'https://kuran.diyanet.gov.tr/tefsir/%C5%9E%C3%BBr%C3%A2-suresi/4302/30-ayet-tefsiri', 'https://kuran.diyanet.gov.tr/tefsir/%C5%9E%C3%BBr%C3%A2-suresi/4303/31-35-ayet-tefsiri', 'https://kuran.diyanet.gov.tr/tefsir/%C5%9E%C3%BBr%C3%A2-suresi/4308/36-39-ayet-tefsiri', 'https://kuran.diyanet.gov.tr/tefsir/%C5%9E%C3%BBr%C3%A2-suresi/4312/40-43-ayet-tefsiri', 'https://kuran.diyanet.gov.tr/tefsir/%C5%9E%C3%BBr%C3%A2-suresi/4316/44-48-ayet-tefsiri', 'https://kuran.diyanet.gov.tr/tefsir/%C5%9E%C3%BBr%C3%A2-suresi/4321/49-50-ayet-tefsiri', 'https://kuran.diyanet.gov.tr/tefsir/%C5%9E%C3%BBr%C3%A2-suresi/4323/51-ayet-tefsiri', 'https://kuran.diyanet.gov.tr/tefsir/%C5%9E%C3%BBr%C3%A2-suresi/4324/52-53-ayet-tefsiri']"
43,"Hakkında
                    Mekke döneminde inmiştir. 89 âyettir. Sûre, adını 35. âyette geçen “Zuhruf ” kelimesinden almaktadır. Zuhruf; yaldız, mücevher, dünya hayatının geçici menfaati anlamlarına gelir. Sûrede başlıca tevhit, iman ve vahyin getirdiği hakikatler ile insanların bu hakikatlere ters düşecek şekilde sırf geçici dünya menfaatlerine bağlanarak sergiledikleri çelişki vurgulanmakta, batıla karşı çıkan ve hakkı tutan şahsiyetler olarak İbrahim, Mûsâ ve İsa Peygamberlerden söz edilmektedir.","Nuzül
 Sûre Mekke’de, geliş sırası bakımından Şûrâ’dan sonra, Duhân’dan önce vahyedilmiştir. 45. âyetin  Hz. Peygamber’in mi‘racında Kudüs’te Mescid-i Aksâ’da nâzil olduğuna dair bir rivayet varsa da bu, sûrenin Mekkî niteliğini değiştirmez; çünkü tefsirciler hicretten önce nâzil olan bütün sûrelere Mekkî demektedirler.","Konusu
 Asıl konu Kur’an-ı Kerîm’in mûcize olma niteliğinden yola çıkarak Hz. Peygamber’in gerçek peygamber, tebliğ ettiği dinin de hak din olduğunu kanıtlamaktır. Bu ana konu çerçevesinde münasebet düştükçe şirkin çelişkilerle dolu bir inanç biçimi olduğuna, daha önce gelip geçmiş milletlerin hak din karşısındaki tavırlarına göre aldıkları sonuca, dünya ve âhiret nimetlerinin mukayesesine, ebedî olanın geçici olana tercih edilmesi gereğine işaret edilmiş, dikkat çekilmiştir.",Fazileti,"['https://kuran.diyanet.gov.tr/tefsir/Zuhruf-suresi/4326/1-ayet-tefsiri', 'https://kuran.diyanet.gov.tr/tefsir/Zuhruf-suresi/4327/2-3-ayet-tefsiri', 'https://kuran.diyanet.gov.tr/tefsir/Zuhruf-suresi/4329/4-ayet-tefsiri', 'https://kuran.diyanet.gov.tr/tefsir/Zuhruf-suresi/4330/5-ayet-tefsiri', 'https://kuran.diyanet.gov.tr/tefsir/Zuhruf-suresi/4331/6-8-ayet-tefsiri', 'https://kuran.diyanet.gov.tr/tefsir/Zuhruf-suresi/4334/9-ayet-tefsiri', 'https://kuran.diyanet.gov.tr/tefsir/Zuhruf-suresi/4335/10-ayet-tefsiri', 'https://kuran.diyanet.gov.tr/tefsir/Zuhruf-suresi/4336/11-ayet-tefsiri', 'https://kuran.diyanet.gov.tr/tefsir/Zuhruf-suresi/4337/12-ayet-tefsiri', 'https://kuran.diyanet.gov.tr/tefsir/Zuhruf-suresi/4338/13-ayet-tefsiri', 'https://kuran.diyanet.gov.tr/tefsir/Zuhruf-suresi/4339/14-ayet-tefsiri', 'https://kuran.diyanet.gov.tr/tefsir/Zuhruf-suresi/4340/15-18-ayet-tefsiri', 'https://kuran.diyanet.gov.tr/tefsir/Zuhruf-suresi/4344/19-ayet-tefsiri', 'https://kuran.diyanet.gov.tr/tefsir/Zuhruf-suresi/4345/20-22-ayet-tefsiri', 'https://kuran.diyanet.gov.tr/tefsir/Zuhruf-suresi/4348/23-28-ayet-tefsiri', 'https://kuran.diyanet.gov.tr/tefsir/Zuhruf-suresi/4354/29-32-ayet-tefsiri', 'https://kuran.diyanet.gov.tr/tefsir/Zuhruf-suresi/4358/33-35-ayet-tefsiri', 'https://kuran.diyanet.gov.tr/tefsir/Zuhruf-suresi/4361/36-38-ayet-tefsiri', 'https://kuran.diyanet.gov.tr/tefsir/Zuhruf-suresi/4364/39-ayet-tefsiri', 'https://kuran.diyanet.gov.tr/tefsir/Zuhruf-suresi/4365/40-44-ayet-tefsiri', 'https://kuran.diyanet.gov.tr/tefsir/Zuhruf-suresi/4370/45-56-ayet-tefsiri', 'https://kuran.diyanet.gov.tr/tefsir/Zuhruf-suresi/4382/57-59-ayet-tefsiri', 'https://kuran.diyanet.gov.tr/tefsir/Zuhruf-suresi/4385/60-ayet-tefsiri', 'https://kuran.diyanet.gov.tr/tefsir/Zuhruf-suresi/4386/61-62-ayet-tefsiri', 'https://kuran.diyanet.gov.tr/tefsir/Zuhruf-suresi/4388/63-66-ayet-tefsiri', 'https://kuran.diyanet.gov.tr/tefsir/Zuhruf-suresi/4392/67-ayet-tefsiri', 'https://kuran.diyanet.gov.tr/tefsir/Zuhruf-suresi/4393/68-73-ayet-tefsiri', 'https://kuran.diyanet.gov.tr/tefsir/Zuhruf-suresi/4399/74-77-ayet-tefsiri', 'https://kuran.diyanet.gov.tr/tefsir/Zuhruf-suresi/4403/78-ayet-tefsiri', 'https://kuran.diyanet.gov.tr/tefsir/Zuhruf-suresi/4404/79-89-ayet-tefsiri']"
44,"Hakkında
                    Mekke döneminde inmiştir. 59 âyettir. Sûre, adını onuncu âyette geçen “duhân” kelimesinden almıştır. Duhan, duman demektir. Sûrede başlıca, Kur’an’ın indirilişi, müşriklerin ona karşı tutumu, Firavun ve halkının başlarına gelen azaplar, Kureyş’in Hz. Peygamberi yalanlaması, iyilerin ve kötülerin karşılaşacakları akıbet konu edilmektedir.","Nuzül
 Mekke’de, Zuhruf sûresinden sonra, Câsiye’den önce  nâzil olmuştur.","Konusu
 Aynı harflerle başlayan sûrelerin konuları arasında da önemli ölçüde  bir ortaklığın  bulunduğu dikkat çekmektedir. Hâ-mîm harfleriyle başlayan Duhân sûresi de bundan önceki Hâmîmler gibi, ana konu olarak Kur’an’ın gerçek Allah kelâmı olduğuna ve insanlar için önemine dikkat çekmektedir. Bu münasebetle şu konulara da yer verilmiştir:1. Kur’an’ın nâzil olduğu gecenin önemi ve değeri.2. Kur’an’ı gönderen Allah’ın birliği ve büyüklüğü.3. Firavun ve kavmi ile Tübba‘ gibi geçmiş kavimlerin peygamberlere karşı takındıkları tavır ve peygamberlerin tevhid mücadelesi.4. Peygamberlere inanmayanları dünyada ve âhirette bekleyen âkıbet, kıyamet, yeniden dirilme, cennet ve cehennem.",Fazileti,"['https://kuran.diyanet.gov.tr/tefsir/Duh%C3%A2n-suresi/4415/1-3-ayet-tefsiri', 'https://kuran.diyanet.gov.tr/tefsir/Duh%C3%A2n-suresi/4418/4-6-ayet-tefsiri', 'https://kuran.diyanet.gov.tr/tefsir/Duh%C3%A2n-suresi/4421/7-9-ayet-tefsiri', 'https://kuran.diyanet.gov.tr/tefsir/Duh%C3%A2n-suresi/4424/10-16-ayet-tefsiri', 'https://kuran.diyanet.gov.tr/tefsir/Duh%C3%A2n-suresi/4431/17-33-ayet-tefsiri', 'https://kuran.diyanet.gov.tr/tefsir/Duh%C3%A2n-suresi/4448/34-39-ayet-tefsiri', 'https://kuran.diyanet.gov.tr/tefsir/Duh%C3%A2n-suresi/4454/40-57-ayet-tefsiri', 'https://kuran.diyanet.gov.tr/tefsir/Duh%C3%A2n-suresi/4472/58-59-ayet-tefsiri']"
45,"Hakkında
                    Mekke döneminde inmiştir. 37 âyettir. Sûre, adını 28. âyette geçen “Câsiye” kelimesinden almıştır. Câsiye, diz üstü çöken demektir. Sûrede başlıca, Kur’an’ın indirilmesi, dış âlemde Allah’ın varlığını ve birliğini gösteren deliller, Allah’ın kullarına bahşettiği nimetler, İsrailoğullarının kendilerine verilen nimetlere inkâr ve isyanla karşılık vermeleri konu edilmektedir.","Nuzül
 Mekke’de, Duhân ile Ahkāf sûrelerinin arasında, 65. sûre olarak nâzil olmuştur.","Konusu
 1. Kur’an’ın Allah katından geldiği.2. Evrendeki varlıkların ve işleyiş kurallarının Allah’ın varlık, birlik, kudret ve hikmetine delil olduğu.3. Evrendeki birçok nimetin Allah tarafından insanların istifadesine sunulmuş olduğu.4. Kur’an’ı dinlememenin, onun talimatına uymamanın acı sonuçları.5. İnanmayanların cezalandırılmasının Allah’a bırakılması.6. İsrâiloğulları örneğinden hareketle Allah’ın nimetlerle ve din kurallarıyla kullarını denediği, imtihanı kaybedenlerin dünya ve âhirette zarara uğrayacakları.7. İnananlar ile inanmayanların Allah nezdinde aynı değerde olmadık­ları.8. Öldükten sonra dirilmeyi inkâr edenleri yeniden düşünmeye sevkeden deliller.9. Bunca nimetin ve kemalin sahibi olan Allah’a hamdü senâ.",Fazileti,"['https://kuran.diyanet.gov.tr/tefsir/C%C3%A2siye-suresi/4474/1-ayet-tefsiri', 'https://kuran.diyanet.gov.tr/tefsir/C%C3%A2siye-suresi/4475/2-ayet-tefsiri', 'https://kuran.diyanet.gov.tr/tefsir/C%C3%A2siye-suresi/4476/3-5-ayet-tefsiri', 'https://kuran.diyanet.gov.tr/tefsir/C%C3%A2siye-suresi/4479/6-11-ayet-tefsiri', 'https://kuran.diyanet.gov.tr/tefsir/C%C3%A2siye-suresi/4485/12-13-ayet-tefsiri', 'https://kuran.diyanet.gov.tr/tefsir/C%C3%A2siye-suresi/4487/14-15-ayet-tefsiri', 'https://kuran.diyanet.gov.tr/tefsir/C%C3%A2siye-suresi/4489/16-ayet-tefsiri', 'https://kuran.diyanet.gov.tr/tefsir/C%C3%A2siye-suresi/4490/17-ayet-tefsiri', 'https://kuran.diyanet.gov.tr/tefsir/C%C3%A2siye-suresi/4491/18-19-ayet-tefsiri', 'https://kuran.diyanet.gov.tr/tefsir/C%C3%A2siye-suresi/4493/20-ayet-tefsiri', 'https://kuran.diyanet.gov.tr/tefsir/C%C3%A2siye-suresi/4494/21-22-ayet-tefsiri', 'https://kuran.diyanet.gov.tr/tefsir/C%C3%A2siye-suresi/4496/23-ayet-tefsiri', 'https://kuran.diyanet.gov.tr/tefsir/C%C3%A2siye-suresi/4497/24-ayet-tefsiri', 'https://kuran.diyanet.gov.tr/tefsir/C%C3%A2siye-suresi/4498/25-26-ayet-tefsiri', 'https://kuran.diyanet.gov.tr/tefsir/C%C3%A2siye-suresi/4500/27-29-ayet-tefsiri', 'https://kuran.diyanet.gov.tr/tefsir/C%C3%A2siye-suresi/4503/30-ayet-tefsiri', 'https://kuran.diyanet.gov.tr/tefsir/C%C3%A2siye-suresi/4504/31-ayet-tefsiri', 'https://kuran.diyanet.gov.tr/tefsir/C%C3%A2siye-suresi/4505/32-ayet-tefsiri', 'https://kuran.diyanet.gov.tr/tefsir/C%C3%A2siye-suresi/4506/33-ayet-tefsiri', 'https://kuran.diyanet.gov.tr/tefsir/C%C3%A2siye-suresi/4507/34-ayet-tefsiri', 'https://kuran.diyanet.gov.tr/tefsir/C%C3%A2siye-suresi/4508/35-ayet-tefsiri', 'https://kuran.diyanet.gov.tr/tefsir/C%C3%A2siye-suresi/4509/36-37-ayet-tefsiri']"
46,"Hakkında
                    Mekke döneminde inmiştir. 35 âyettir. Sûre, adını 21. âyette geçen “Ahkâf ” kelimesinden almıştır. Ahkâf, sûrede sözü edilen “Âd” kavminin yaşadığı Yemen’de bir bölgenin adı olup, uzun ve kıvrımlı kum yığınları demektir. Konusu itibariyle bir önceki sûrenin devamı niteliğindedir.","Nuzül
 Sûre Mekke’de Câsiye’den sonra, Zâriyât’tan önce indirilmiştir. İbn Âşûr’un tesbitine göre (XXIV, 6) bu sûre, peygamberlik geldikten iki yıl sonra  vahyedilmiştir.","Konusu
 Hâ-mîm ile başlayan diğer sûrelerdeki gibi bunun da başında Kur’an-ı Kerîm’e dikkat çekilmekte; bu kitabı, sonsuz güç ve hikmet sahibi Allah’ın vahyettiği kesin ve açık bir ifadeyle açıklanmaktadır. Araya diğer konular girmekle beraber sûre boyunca bu temanın işlenmesine devam edilmekte, daha önce de ilâhî kitapların geldiği, bunları tebliğ eden peygamberlere karşı, son peygambere yapılan şeylerin yapıldığı bildirilmekte, çeşitli kanıtlar ortaya konarak Kur’an’ın Allah kelâmı olduğu ispat edilmektedir. Sûrenin bu ana konusu dışında şu hususlara da temas edilmektedir:1. Tek yaratanın Allah olduğu ve O’nun her şeyi bir hikmetle yarattığı.2. İman etmeyi kolaylaştıran deliller, akıl yürütme şekilleri.3. İman ve istikametin meyvesi.4. İnsanın ameli yani yapıp ettikleri, eserleri ile derecesi arasındaki paralellik.5. Aile fertlerinin karşılıklı hak ve ödevleri.6. Âd kavmi ile peygamberleri arasında geçenlerin ibret için hatır­latılması.7. Cinlerin Kur’an’ı dinlemeleri ve imana davet edilmeleri.8. Başta yaratan ve insana can veren Allah’ın, ölenleri diriltmeye de kadir olduğunun, diriltmeyi takip eden zamanda inkârcıların başlarına geleceklerin hatırlatılması.",Fazileti,"['https://kuran.diyanet.gov.tr/tefsir/Ahk%C3%A2f-suresi/4511/1-ayet-tefsiri', 'https://kuran.diyanet.gov.tr/tefsir/Ahk%C3%A2f-suresi/4512/2-3-ayet-tefsiri', 'https://kuran.diyanet.gov.tr/tefsir/Ahk%C3%A2f-suresi/4514/4-ayet-tefsiri', 'https://kuran.diyanet.gov.tr/tefsir/Ahk%C3%A2f-suresi/4515/5-6-ayet-tefsiri', 'https://kuran.diyanet.gov.tr/tefsir/Ahk%C3%A2f-suresi/4517/7-8-ayet-tefsiri', 'https://kuran.diyanet.gov.tr/tefsir/Ahk%C3%A2f-suresi/4519/9-ayet-tefsiri', 'https://kuran.diyanet.gov.tr/tefsir/Ahk%C3%A2f-suresi/4520/10-12-ayet-tefsiri', 'https://kuran.diyanet.gov.tr/tefsir/Ahk%C3%A2f-suresi/4523/13-14-ayet-tefsiri', 'https://kuran.diyanet.gov.tr/tefsir/Ahk%C3%A2f-suresi/4525/15-16-ayet-tefsiri', 'https://kuran.diyanet.gov.tr/tefsir/Ahk%C3%A2f-suresi/4527/17-18-ayet-tefsiri', 'https://kuran.diyanet.gov.tr/tefsir/Ahk%C3%A2f-suresi/4529/19-ayet-tefsiri', 'https://kuran.diyanet.gov.tr/tefsir/Ahk%C3%A2f-suresi/4530/20-ayet-tefsiri', 'https://kuran.diyanet.gov.tr/tefsir/Ahk%C3%A2f-suresi/4531/21-25-ayet-tefsiri', 'https://kuran.diyanet.gov.tr/tefsir/Ahk%C3%A2f-suresi/4536/26-ayet-tefsiri', 'https://kuran.diyanet.gov.tr/tefsir/Ahk%C3%A2f-suresi/4537/27-ayet-tefsiri', 'https://kuran.diyanet.gov.tr/tefsir/Ahk%C3%A2f-suresi/4538/28-ayet-tefsiri', 'https://kuran.diyanet.gov.tr/tefsir/Ahk%C3%A2f-suresi/4539/29-31-ayet-tefsiri', 'https://kuran.diyanet.gov.tr/tefsir/Ahk%C3%A2f-suresi/4542/32-34-ayet-tefsiri', 'https://kuran.diyanet.gov.tr/tefsir/Ahk%C3%A2f-suresi/4545/35-ayet-tefsiri']"
47,"Hakkında
                    Medine döneminde inmiştir. 38 âyettir. Sûre, adını Peygamber Efendimizin,ikinci âyette geçen adından almıştır. Sûre, ayrıca yirminci âyette geçen “elKıtâl” kelimesinden dolayı “Kıtâl sûresi”, diye de anılmaktadır. Sûrede temel konu cihad olmak üzere başlıca, savaş, esirler, ganimetler ve münafıkların durumu konu edilmektedir.","Nuzül
 Sûre Medine’de, Bedir Savaşı’ndan sonra ve muhtemelen Uhud Savaşı esnasında, Hadîd sûresinin peşinden nâzil olmuştur. Mekke’de indiğini söyleyenler, İbn Abbas’ın, 13. âyeti kastederek “Mekke’de, Hz. Peygamber oradan keder içinde ayrılırken gelmiştir” sözünü genelleştirerek yanılmışlardır (Kurtubî, XVI, 216; İbn Âşûr, XXVI, 71). Bu ayrılıştan maksat hicret ise, yalnızca 13. âyet Mekke’de inmiş demektir, Vedâ haccındaki ayrılış kastediliyorsa, o da Medine’de inenlere dahildir.","Konusu
 Temel konusu, savaş belâsından kurtulmak ve barışı devamlı kılabilmek için, barış düşmanlarının savaş gücünü yok edinceye kadar onlarla savaşmaya teşviktir. Bu temel konu çerçevesinde şu hususlara da temas edilmiştir:1. İman edenler ile etmeyenlerin yapıp ettiklerinin, dünya ve âhiret hayatında işe yaraması ve Allah katındaki değer bakımından karşılaş­tırılması.2. Allah’ın yardımı, ödüllendirmesi ve doğru düşünmeye muvaffak kılması bakımından iman edenler ile etmeyenlerin farkları.3. Münafıkların tipik davranışları.4. Dünya ve âhiret nimetlerinin karşılaştırılması.5. Dünya hayatının imtihan hikmeti ile bağlantısı.",Fazileti,"['https://kuran.diyanet.gov.tr/tefsir/Muhammed-suresi/4546/1-3-ayet-tefsiri', 'https://kuran.diyanet.gov.tr/tefsir/Muhammed-suresi/4549/4-ayet-tefsiri', 'https://kuran.diyanet.gov.tr/tefsir/Muhammed-suresi/4550/5-6-ayet-tefsiri', 'https://kuran.diyanet.gov.tr/tefsir/Muhammed-suresi/4552/7-ayet-tefsiri', 'https://kuran.diyanet.gov.tr/tefsir/Muhammed-suresi/4553/8-12-ayet-tefsiri', 'https://kuran.diyanet.gov.tr/tefsir/Muhammed-suresi/4558/13-ayet-tefsiri', 'https://kuran.diyanet.gov.tr/tefsir/Muhammed-suresi/4559/14-15-ayet-tefsiri', 'https://kuran.diyanet.gov.tr/tefsir/Muhammed-suresi/4561/16-17-ayet-tefsiri', 'https://kuran.diyanet.gov.tr/tefsir/Muhammed-suresi/4563/18-ayet-tefsiri', 'https://kuran.diyanet.gov.tr/tefsir/Muhammed-suresi/4564/19-ayet-tefsiri', 'https://kuran.diyanet.gov.tr/tefsir/Muhammed-suresi/4565/20-21-ayet-tefsiri', 'https://kuran.diyanet.gov.tr/tefsir/Muhammed-suresi/4567/22-23-ayet-tefsiri', 'https://kuran.diyanet.gov.tr/tefsir/Muhammed-suresi/4569/24-ayet-tefsiri', 'https://kuran.diyanet.gov.tr/tefsir/Muhammed-suresi/4570/25-26-ayet-tefsiri', 'https://kuran.diyanet.gov.tr/tefsir/Muhammed-suresi/4572/27-28-ayet-tefsiri', 'https://kuran.diyanet.gov.tr/tefsir/Muhammed-suresi/4574/29-30-ayet-tefsiri', 'https://kuran.diyanet.gov.tr/tefsir/Muhammed-suresi/4576/31-ayet-tefsiri', 'https://kuran.diyanet.gov.tr/tefsir/Muhammed-suresi/4577/32-ayet-tefsiri', 'https://kuran.diyanet.gov.tr/tefsir/Muhammed-suresi/4578/33-ayet-tefsiri', 'https://kuran.diyanet.gov.tr/tefsir/Muhammed-suresi/4579/34-ayet-tefsiri', 'https://kuran.diyanet.gov.tr/tefsir/Muhammed-suresi/4580/35-ayet-tefsiri', 'https://kuran.diyanet.gov.tr/tefsir/Muhammed-suresi/4581/36-37-ayet-tefsiri', 'https://kuran.diyanet.gov.tr/tefsir/Muhammed-suresi/4583/38-ayet-tefsiri']"
48,"Hakkında
                    Medine döneminde inmiştir. 29 âyettir. Sûre, adını 1, 18 ve 27. âyetlerde geçen “fetih” kelimesinden almıştır. Sûre de başlıca, hicretin altıncı yılında Hz.Peygamber ile Mekke’li müşrikler arasında gerçekleşen Hudeybiye antlaşması, cihad, savaştan geri kalan münafıklar ve Mekke’nin fethedileceği müjdesi konu edilmektedir.","Nuzül
 Hicretten sonra gelen âyetler ve sûreler, başka bir yerde vahyedilse bile Medine’de gelmiş sayıldığı için Fetih sûresi de hicretin 6. yılında, Hudeybiye Antlaşması’ndan sonra, bir gece Mekke yakınlarında, Cum‘a sûresinden sonra, Mâide’den önce nâzil olduğu halde Medine’de gelen sûreler listesinde yerini almıştır. Güvenilir kaynaklarda bulunan şu rivayet, sûrenin inişiyle ilgili önemli bilgiler vermektedir: Hz. Peygamber bir seferinde (Müslim’deki bir rivayete göre Hudeybiye dönüşünde; “Cihâd”, 97) gece yürürken yanında bulunan Hz. Ömer kendisine bir soru yöneltir; üç kere tekrarladığı halde cevap alamayınca üzüntü ve endişe içinde yanından uzaklaşır. Kendisi hakkında bir âyet gelmesinden korkar. Biraz sonra ona Hz. Peygamber’in kendisini çağırdığı duyurulur. Yanına gelince Peygamber efendimiz Ömer’e, yeni geldiğini bildirdiği Fetih sûresinin ilk âyetlerini okur (Buhârî, “Tefsîr”, 48/1). Daha detaylı ve sahih olan rivayetlere göre bu olay, Hudeybiye seferinden dönerken değil, Hudeybiye’de savaşmak yerine, ilk bakışta müslümanların aleyhinde gibi gözüken şartlarla sulha karar verildiğinde meydana gelmiştir. Hz. Ömer oldukça heyecanlı ve sert bir üslûpla Peygamberimiz’e birkaç kere, “müslümanlar haklı, onlar haksız oldukları halde neden bu aşağılayıcı barışın yapıldığını” sormuş, “Ben Allah’ın elçisiyim, O, elçisini mahcup etmeyecektir” cümlesinden başka cevap alamamıştı. Bir müddet sonra Peygamber efendimiz Ömer’i çağırdı ve kendisine hem sulhun bir fetih olduğunu açıkladı hem de yeni gelmiş olan Fetih sûresinden bir miktar okudu (Buhârî, “Tefsîr”, 48/5; Müslim, “Cihâd”, 94). Buna göre Müslim’deki diğer rivayette geçen “Hudeybiye’den dönerken” kaydını, “barış yapmaya ve umre yapmadan dönmeye karar verilince” şeklinde anlamak, râvinin bunu kastettiğini söylemek gerekecektir.","Konusu
 Ana konu Hudeybiye Antlaşması’nın değerlendirilmesi, niyetlendikleri umre ibadetini yapamadan döndükleri için büyük üzüntü ve hayal kırıklığı içinde olan müminlerin teselli edilmesi, bu harekât içinde ve sonrasında olup bitenlerin Allah nezdindeki değerinin açıklanmasıdır. Bu genel çerçeve içinde Hz. Peygamber ve ashabının Allah katındaki durum ve dereceleri, onları ibadetten meneden müşrikler ile yalnız bırakan münafıkların acı sonları hakkında önemli bilgiler verilmiş, bu barışı takip edecek olan fetihler müjdelenmiştir.","Fazileti
 Fetih sûresinin değeri ve özelliği hakkında Hz. Peygamber şu açıklamayı yapmıştır: “Bu gece bana, üzerine güneşin doğduğu her şeyden daha değerli ve güzel bir sûre gönderildi”; Peygamberimiz bunu söyledikten sonra Fetih sûresini okumuşlardır (Buhârî, “Tefsîr”, 48/1).","['https://kuran.diyanet.gov.tr/tefsir/Fetih-suresi/4584/1-7-ayet-tefsiri', 'https://kuran.diyanet.gov.tr/tefsir/Fetih-suresi/4591/8-10-ayet-tefsiri', 'https://kuran.diyanet.gov.tr/tefsir/Fetih-suresi/4594/11-14-ayet-tefsiri', 'https://kuran.diyanet.gov.tr/tefsir/Fetih-suresi/4598/15-ayet-tefsiri', 'https://kuran.diyanet.gov.tr/tefsir/Fetih-suresi/4599/16-ayet-tefsiri', 'https://kuran.diyanet.gov.tr/tefsir/Fetih-suresi/4600/17-ayet-tefsiri', 'https://kuran.diyanet.gov.tr/tefsir/Fetih-suresi/4601/18-19-ayet-tefsiri', 'https://kuran.diyanet.gov.tr/tefsir/Fetih-suresi/4603/20-ayet-tefsiri', 'https://kuran.diyanet.gov.tr/tefsir/Fetih-suresi/4604/21-ayet-tefsiri', 'https://kuran.diyanet.gov.tr/tefsir/Fetih-suresi/4605/22-23-ayet-tefsiri', 'https://kuran.diyanet.gov.tr/tefsir/Fetih-suresi/4607/24-26-ayet-tefsiri', 'https://kuran.diyanet.gov.tr/tefsir/Fetih-suresi/4610/27-ayet-tefsiri', 'https://kuran.diyanet.gov.tr/tefsir/Fetih-suresi/4611/28-ayet-tefsiri', 'https://kuran.diyanet.gov.tr/tefsir/Fetih-suresi/4612/29-ayet-tefsiri']"
49,"Hakkında
                    Medine döneminde inmiştir. 18 âyettir. Sûre, adını dördüncü âyette geçen “Hucurât” kelimesinden almıştır. Hucurât odalar demektir. Burada Hz.Peygamber’in aile efradıyla birlikte ikamet ettiği odalar kastedilmektedir. Sûrede başlıca, mü’minlerin, gerek Hz. Peygambere karşı, gerek kendi aralarında uymaları gereken bazı görgü ve ahlâk kuralları konu edilmektedir.","Nuzül
 Hucurât sûresi, Tahrîm sûresinden önce ve Mücâdele’den sonra Medine’de, hicretin 9. yılında nâzil olmuştur. Sûrelerin ve âyetlerin gelmesi için mutlaka özel bir sebebin bulunması gerekmemekle beraber bir olay, soru ve beklenti üzerine gelmiş birçok âyet ve sûrenin de bulunduğunu biliyoruz. Bu sûrenin ilk âyetinin, sözde veya davranışta Hz. Peygamber’in önüne geçerek veya onun sözünü keserek edebe aykırı davrananları uyarmak için geldiği nakledilmiştir (Ebû Bekir İbnü’l-Arabî, IV, 1712).","Konusu
 Sûrede, müslümanların Allah’a ve resulüne karşı riayet etmeleri gereken edep, kendi aralarında ve başkalarıyla ilişkilerinde takınmaları gereken ahlâkî tavır konularında buyruk ve tavsiyelere yer verilmiş, müminler arasında çıkacak ihtilâfların nasıl çözüleceği açıklanmış, insanların kök birliği ve eşitliği etkili bir üslûp içinde ilân edilmiş, üstünlüğün fırsat eşitliği içinde yapılacak yarışla elde edileceği vurgulanmış, iman ve islâm kavramlarıyla ilgili önemli açıklamalar yapılmıştır.Râzî’nin, sûrenin ana konularıyla ilgili olarak yaptığı sistematik açıklama ilgi çekicidir: Bu sûrede müminler, güzel ahlâk kurallarına yönlendirilmektedir. Riayet edilmesi gereken edep ve ahlâk kuralları ya Allah ya resulü ya da başkalarıyla ilgilidir. Başkaları ya iman, ibadet ve güzel ahlâk yolunu tutanlardır yahut yoldan sapanlardır (fâsıklardır). Doğru yolda olanlar da ya bir arada bulunurlar veya ayrı yerlerde. Böylece ahlâk ve davranış bakımından müminin karşısında beş farklı muhatap vardır. Sûrenin 1, 2, 6, 11 ve 12. âyetlerine “Ey iman edenler” diye başlanmış ve her birinde yukarıda sıralanan muhataplardan biriyle ilgili ahlâk, edep ve davranış kurallarına yer verilmiştir (XXVII, 118).",Fazileti,"['https://kuran.diyanet.gov.tr/tefsir/Hucur%C3%A2t-suresi/4613/1-ayet-tefsiri', 'https://kuran.diyanet.gov.tr/tefsir/Hucur%C3%A2t-suresi/4614/2-ayet-tefsiri', 'https://kuran.diyanet.gov.tr/tefsir/Hucur%C3%A2t-suresi/4615/3-ayet-tefsiri', 'https://kuran.diyanet.gov.tr/tefsir/Hucur%C3%A2t-suresi/4616/4-5-ayet-tefsiri', 'https://kuran.diyanet.gov.tr/tefsir/Hucur%C3%A2t-suresi/4618/6-ayet-tefsiri', 'https://kuran.diyanet.gov.tr/tefsir/Hucur%C3%A2t-suresi/4619/7-ayet-tefsiri', 'https://kuran.diyanet.gov.tr/tefsir/Hucur%C3%A2t-suresi/4620/8-ayet-tefsiri', 'https://kuran.diyanet.gov.tr/tefsir/Hucur%C3%A2t-suresi/4621/9-ayet-tefsiri', 'https://kuran.diyanet.gov.tr/tefsir/Hucur%C3%A2t-suresi/4622/10-ayet-tefsiri', 'https://kuran.diyanet.gov.tr/tefsir/Hucur%C3%A2t-suresi/4623/11-ayet-tefsiri', 'https://kuran.diyanet.gov.tr/tefsir/Hucur%C3%A2t-suresi/4624/12-ayet-tefsiri', 'https://kuran.diyanet.gov.tr/tefsir/Hucur%C3%A2t-suresi/4625/13-ayet-tefsiri', 'https://kuran.diyanet.gov.tr/tefsir/Hucur%C3%A2t-suresi/4626/14-18-ayet-tefsiri']"
50,"Hakkında
                    Mekke döneminde inmiştir. 45 âyettir. Sûre, adını başındaki “Kâf ” harfindenalmıştır. Sûrede başlıca İslâm inancının temel esasları çerçevesinde, Allah’ın birliğinin delilleri, Peygamberlik, öldükten sonra dirilme ve geçmişteki inkârcı milletlerin başlarına gelen felaketler, uğradıkları azaplar konu edilmektedir.","Nuzül
 Mürselât sûresinden sonra ve Beled’den önce Mekke’de nâzil olmuştur. Allah’ın gökleri ve yeri altı günde yarattığı, yorulduğu için de yedinci gün dinlendiği şeklindeki yahudi inancını reddeden 38. âyetin Medine’de indiğine dair bir rivayet vardır. Bu rivayet, Mekke döneminde halkın böyle bir bilgiye sahip bulunmadıkları için onu reddeden bir âyetin gelmesinin de uzak ihtimal olduğu düşüncesine dayanmaktadır. İbn Âşûr’un da haklı olarak ifade ettiği gibi, bu gerekçe 38. âyetin Medine’de geldiğini göstermez; çünkü Mekkeliler’in çevreyle kültürel ilişkileri vardı, bu bilgiyi Medine civarındaki yahudilerden öğrenmiş olabilirlerdi; ayrıca Allah Teâlâ her şeyi biliyordu ve gerekli gördüğü için bu inancı reddeden bir âyet gönderebilirdi (XVI, 274).","Konusu
 Sûre Kur’an-ı Kerîm’in önemine dikkat çektikten sonra, Mekke döneminde iman konularına ağırlık verildiği için öldükten sonra hesap vermek ve dünyada elde edilen sonuca göre muamele görmek üzere dirilme olayını açıklamakta, buna Allah’ın ilim ve kudretinin yeterli olduğuna dair kanıtlar getirmekte, geçmiş zamanlarda peygamberlerine inanmayan toplulukların acı sonlarına ait bilgiler vermekte, Hz. Peygamber’i ve ashabını sabır ve ibadete teşvik etmekte, baş kısmında olduğu gibi yine Kur’an’ın bilgilendirme ve uyarma işlevine dikkat çekerek son bulmaktadır.","Fazileti
 Sahâbe döneminden beri Kur’an’ı düzenli ve devamlı okuyan müslümanlar, günlük okunacak bölümleri, sûrelerin uzunluklarını göz önüne alarak ayırmışlar, bu ayırmaya tahzîb, her bölüme de hizb demişlerdir. İlk bölüm üç sûredir: Bakara, Âl-i İmrân ve Nisâ. İkinci bölüm beş sûredir: Mâide, En‘âm, A‘râf, Enfâl, Tevbe (Berâe). Üçüncü bölüm yedi sûredir: Yûnus, Hûd, Yûsuf, Ra‘d, İbrâhim, Hicr, Nahl. Dör­düncü bölüm dokuz sûredir: İsrâ, Kehf, Meryem, Tâhâ, Enbiyâ, Hac, Mü’minûn, Nûr, Furkān. Beşinci bölüm on bir sûredir: Şuarâ, Neml, Kasas, Ankebût, Rûm, Lokmân, Secde, Ahzâb, Sebe’, Fâtır, Yâsîn. Altıncı bölüm 13 sûredir: Sâffât, Sâd, Zümer, Mü’min (Gāfir), Fussılet, Şûrâ, Zuhruf, Duhân, Câsiye, Ahkāf, Muhammed, Fetih, Hucurât. Bundan sonraki bölümlerin genel adı “mufassal”dır; bunların uzun olanları (tıvâl) Kāf sûresiyle, orta uzunlukta (evsât) olanları Abese sûresiyle, kısa (kısâr) olanları ise Duhâ sûresiyle başlamaktadır. Mufassal genel bölümünün başında Hucurât mı yoksa Kāf mı bulunduğu konusunda görüş ayrılığı bulunmakla beraber çoğunluk Kāf sûresini mufassal bölümünün ilk sûresi olarak kabul etmişlerdir (İbn Kesîr, VII, 370-371; İbn Âşûr, XXVI, 214).Kāf sûresini, Hz. Peygamber’in cuma hutbesinde, kurban ve ramazan bayramlarında, sabah namazının farzında sık sık okuduğuna dair sağlam rivayetler vardır (Müslim, “Salât”, 165-171).","['https://kuran.diyanet.gov.tr/tefsir/K%C3%A2f-suresi/4631/1-11-ayet-tefsiri', 'https://kuran.diyanet.gov.tr/tefsir/K%C3%A2f-suresi/4642/12-14-ayet-tefsiri', 'https://kuran.diyanet.gov.tr/tefsir/K%C3%A2f-suresi/4645/15-ayet-tefsiri', 'https://kuran.diyanet.gov.tr/tefsir/K%C3%A2f-suresi/4646/16-35-ayet-tefsiri', 'https://kuran.diyanet.gov.tr/tefsir/K%C3%A2f-suresi/4666/36-37-ayet-tefsiri', 'https://kuran.diyanet.gov.tr/tefsir/K%C3%A2f-suresi/4668/38-ayet-tefsiri', 'https://kuran.diyanet.gov.tr/tefsir/K%C3%A2f-suresi/4669/39-40-ayet-tefsiri', 'https://kuran.diyanet.gov.tr/tefsir/K%C3%A2f-suresi/4671/41-42-ayet-tefsiri', 'https://kuran.diyanet.gov.tr/tefsir/K%C3%A2f-suresi/4673/43-ayet-tefsiri', 'https://kuran.diyanet.gov.tr/tefsir/K%C3%A2f-suresi/4674/44-ayet-tefsiri', 'https://kuran.diyanet.gov.tr/tefsir/K%C3%A2f-suresi/4675/45-ayet-tefsiri']"
51,"Hakkında
                    Mekke döneminde inmiştir. 60 âyettir. Sûre, adını ilk âyette geçen “ez-zâriyât” kelimesinden almıştır. Zâriyât, esip savuran rüzgârlar demektir. Sûrede başlıca, öldükten sonra hesap için toplanma, inkârcıların ahirette karşılaşacakları azap, mü’minlere verilecek mükâfatlar, Allah’ın varlığını ve birliğini gösteren kevni deliller konu edilmektedir.","Nuzül
 Mushaftaki sıralamada elli birinci, iniş sırasına göre altmış yedinci sûredir. Ahkāf sûresinden sonra, Gaşiye sûresinden önce Mekke’de inmiştir.","Konusu
 Sûrenin ana konusu öldükten sonra dirilmenin gerçek olduğunu, yaratılmışlar içinde irade sahibi olma özelliğini taşıyanların, bir imtihan alanı olan dünya hayatını yaratılış amaçlarına uygun biçimde geçirip geçirmedikleri hususunda sorgulanacakları yargı gününden kaçış bulunmadığını ve bu yargılama sonunda herkesin bu dünyada yapıp ettiğinin olumlu olumsuz sonuçlarını mutlaka göreceğini ortaya koymaktır. Bu konu işlenirken, Allah Teâlâ’nın kudretinin kanıtlarından ve insanlara lutfettiği imkânlardan örnekler, önceki bazı inkârcı toplumların başına gelen felâketlerden kesitler verilmekte; bu arada Hz. Peygamber’in ve onun yolunu izleyen müminlerin dini tebliğ ederken nasıl bir tavır takınmaları gerektiğine ışık tutulmaktadır.",Fazileti,"['https://kuran.diyanet.gov.tr/tefsir/Z%C3%A2riy%C3%A2t-suresi/4676/1-6-ayet-tefsiri', 'https://kuran.diyanet.gov.tr/tefsir/Z%C3%A2riy%C3%A2t-suresi/4682/7-14-ayet-tefsiri', 'https://kuran.diyanet.gov.tr/tefsir/Z%C3%A2riy%C3%A2t-suresi/4690/15-19-ayet-tefsiri', 'https://kuran.diyanet.gov.tr/tefsir/Z%C3%A2riy%C3%A2t-suresi/4695/20-21-ayet-tefsiri', 'https://kuran.diyanet.gov.tr/tefsir/Z%C3%A2riy%C3%A2t-suresi/4697/22-ayet-tefsiri', 'https://kuran.diyanet.gov.tr/tefsir/Z%C3%A2riy%C3%A2t-suresi/4698/23-ayet-tefsiri', 'https://kuran.diyanet.gov.tr/tefsir/Z%C3%A2riy%C3%A2t-suresi/4699/24-37-ayet-tefsiri', 'https://kuran.diyanet.gov.tr/tefsir/Z%C3%A2riy%C3%A2t-suresi/4713/38-40-ayet-tefsiri', 'https://kuran.diyanet.gov.tr/tefsir/Z%C3%A2riy%C3%A2t-suresi/4716/41-46-ayet-tefsiri', 'https://kuran.diyanet.gov.tr/tefsir/Z%C3%A2riy%C3%A2t-suresi/4722/47-49-ayet-tefsiri', 'https://kuran.diyanet.gov.tr/tefsir/Z%C3%A2riy%C3%A2t-suresi/4725/50-ayet-tefsiri', 'https://kuran.diyanet.gov.tr/tefsir/Z%C3%A2riy%C3%A2t-suresi/4726/51-ayet-tefsiri', 'https://kuran.diyanet.gov.tr/tefsir/Z%C3%A2riy%C3%A2t-suresi/4727/52-55-ayet-tefsiri', 'https://kuran.diyanet.gov.tr/tefsir/Z%C3%A2riy%C3%A2t-suresi/4731/56-58-ayet-tefsiri', 'https://kuran.diyanet.gov.tr/tefsir/Z%C3%A2riy%C3%A2t-suresi/4734/59-60-ayet-tefsiri']"
52,"Hakkında
                    Mekke döneminde inmiştir. 49 âyettir. Sûre, adını birinci âyette geçen “etTûr” kelimesinden almıştır. Tûr, dağ demektir. Burada Hz. Mûsâ’ya ilk vahyin geldiği, Sina Yarımadası’nın güneyindeki Sina dağı kastedilmektedir. Sûrede başlıca, ahiret hâlleri, kâfirlerin karşılaşacakları ceza, mü’minlerin mükâfatları konu edilmekte ve müşriklerin Hz. Peygamber hakkındaki batıl iddiaları reddedilmektedir.","Nuzül
 Mushaftaki sıralamada elli ikinci, iniş sırasına göre yetmiş altıncı sûredir. Secde sûresinden sonra, Mülk sûresinden önce Mekke’de inmiştir.","Konusu
 Yemin ifadeleriyle hesap gününün kaçınılmaz bir gerçek olduğuna vurgu yapılarak başlayan sûrede, inkârcıların âhiret hayatıyla yüz yüze gelince karşılaşacakları durum, ardından cennete lâyık görülecek takvâ ehlinin mükâfatları tasvir edilmekte; Resûl-i Ekrem’in gerçek peygamber olduğunu kanıtlayan delillere yer verilerek (Kur’an’ın benzerini kendilerinin de ortaya koyabilecekleri iddiasında bulunanlara bu hususta meydan okunmak ve onlara çarpıcı sorular yöneltilmek suretiyle) Resûlullah’a karşı ileri sürülen asılsız iddialar çürütülmektedir.",Fazileti,"['https://kuran.diyanet.gov.tr/tefsir/T%C3%BBr-suresi/4736/1-8-ayet-tefsiri', 'https://kuran.diyanet.gov.tr/tefsir/T%C3%BBr-suresi/4744/9-16-ayet-tefsiri', 'https://kuran.diyanet.gov.tr/tefsir/T%C3%BBr-suresi/4752/17-28-ayet-tefsiri', 'https://kuran.diyanet.gov.tr/tefsir/T%C3%BBr-suresi/4764/29-49-ayet-tefsiri']"
53,"Hakkında
                    Mekke döneminde inmiştir. 62 âyettir. Sûre, adını ilk âyetin başındaki “en-Necm” kelimesinden almıştır. Necm, yıldız demektir. Sûrede başlıca, Kur’an’ın vahiy eseri olduğu vurgulanmakta, herkesin yaptığının karşılığını göreceği, Allah’ın kudretinin delilleri konu edilmektedir.","Nuzül
 Mushaftaki sıralamada elli üçüncü, iniş sırasına göre yirmi üçüncü sûredir. İhlâs sûresinden sonra, Abese sûresinden önce Mekke’de nâzil olmuştur. Sadece 32. âyetinin Medine’de indiği rivayet edilmiştir, fakat bu âyetin öncesi ve sonrasıyla olan sıkı anlam bağı ve üslûp birliği bu rivayeti tereddüde açık bırakmaktadır (Derveze, I, 212, 228).","Konusu
 Kur’an-ı Kerîm’in Allah tarafından Cebrâil vasıtasıyla Hz. Mu­hammed’e indirilmiş olduğu ve Hz. Peygamber’in Allah’tan aldıklarını sadakatle tebliğ ettiği ortaya konmakta, müşriklerin melekleri Allah’ın kızları, putları da melekleri sembolize eden varlıklar olarak kabul etme şeklindeki inançları mahkûm edilmekte, önceki peygamberlere gönderilen vahiylerle Resûlullah’ın getirdikleri arasındaki bazı ortak noktalara değinilmekte, inkârcılıkları sebebiyle helâk edilmiş geçmiş toplumlardan örnekler verilmektedir.",Fazileti,"['https://kuran.diyanet.gov.tr/tefsir/Necm-suresi/4785/1-2-ayet-tefsiri', 'https://kuran.diyanet.gov.tr/tefsir/Necm-suresi/4787/3-4-ayet-tefsiri', 'https://kuran.diyanet.gov.tr/tefsir/Necm-suresi/4789/5-18-ayet-tefsiri', 'https://kuran.diyanet.gov.tr/tefsir/Necm-suresi/4803/19-30-ayet-tefsiri', 'https://kuran.diyanet.gov.tr/tefsir/Necm-suresi/4815/31-ayet-tefsiri', 'https://kuran.diyanet.gov.tr/tefsir/Necm-suresi/4816/32-ayet-tefsiri', 'https://kuran.diyanet.gov.tr/tefsir/Necm-suresi/4817/33-35-ayet-tefsiri', 'https://kuran.diyanet.gov.tr/tefsir/Necm-suresi/4820/36-54-ayet-tefsiri', 'https://kuran.diyanet.gov.tr/tefsir/Necm-suresi/4839/55-62-ayet-tefsiri']"
54,"Hakkında
                    Mekke döneminde inmiştir. 55 âyettir. Sûre, adını ilk âyette geçen “el-Kamer” kelimesinden almıştır. Kamer, ay demektir. Sûre de ana fikir olarak, Kur’an’ı yalanlayanlar, çeşitli azap ve helâk örnekleri de verilerek uyarılmaktadır.","Nuzül
 Mushaftaki sıralamada elli dördüncü, iniş sırasına göre otuz yedinci sûredir. Târık sûresinden sonra, Sâd sûresinden önce Mekke’de nâzil olmuştur.","Konusu
 Kıyametin yaklaştığı uyarısını takiben müşriklerin inkârcılıktaki inat ve taassupları eleştirilmekte, kıyamet koptuğunda içine düşecekleri perişan hal tasvir edilmekte, ardından hakikatleri yalan saymada ısrarcı davranan geçmiş toplumların başına gelen felâketlerden örnekler verilmekte, suçluların ve takvâ sahiplerinin âhirette karşılaşacakları muameleyle ilgili uyarı ve müjdelere yer verilmektedir.",Fazileti,"['https://kuran.diyanet.gov.tr/tefsir/Kamer-suresi/4847/1-ayet-tefsiri', 'https://kuran.diyanet.gov.tr/tefsir/Kamer-suresi/4848/2-8-ayet-tefsiri', 'https://kuran.diyanet.gov.tr/tefsir/Kamer-suresi/4855/9-17-ayet-tefsiri', 'https://kuran.diyanet.gov.tr/tefsir/Kamer-suresi/4864/18-22-ayet-tefsiri', 'https://kuran.diyanet.gov.tr/tefsir/Kamer-suresi/4869/23-32-ayet-tefsiri', 'https://kuran.diyanet.gov.tr/tefsir/Kamer-suresi/4879/33-40-ayet-tefsiri', 'https://kuran.diyanet.gov.tr/tefsir/Kamer-suresi/4887/41-42-ayet-tefsiri', 'https://kuran.diyanet.gov.tr/tefsir/Kamer-suresi/4889/43-48-ayet-tefsiri', 'https://kuran.diyanet.gov.tr/tefsir/Kamer-suresi/4895/49-50-ayet-tefsiri', 'https://kuran.diyanet.gov.tr/tefsir/Kamer-suresi/4897/51-53-ayet-tefsiri', 'https://kuran.diyanet.gov.tr/tefsir/Kamer-suresi/4900/54-55-ayet-tefsiri']"
55,"Hakkında
                    Mekke döneminde inmiştir. 78 âyettir. Sûre, adını ilk âyeti oluşturan ve Allah’ın sıfatlarından biri olan “er-Rahmân” kelimesinden almıştır. Sûrede başlıca, Allah’ın nimetleri, birliğini ve kudretini gösteren kâinat delilleri ve günahkârların kıyamette karşılaşacakları korku ve şiddet konu edilmektedir.","Nuzül
 Mushaftaki sıralamada elli beşinci, iniş sırasına göre doksan yedinci sûredir. Ra‘d sûresinden sonra, İnsân sûresinden önce Medine’de nâzil olmuştur. Tamamının Mekkî olduğu veya bir kısmının Mekke’de bir kısmının ise Medine’de indiği görüşleri de vardır (Zemahşerî, IV, 49). Şevkânî, sûrenin hem Mekke’de hem de Medine’de indiğine dair rivayetler bulunduğu dikkate alınarak kısmen Mekkî kısmen Medenî olduğunu kabul etmenin uygun olacağını belirtir (V, 151).","Konusu
 İnsanın kendinde ve dış dünyada görebileceği dinî, dünyevî birçok nimete değinilerek bunların sorumluluğunu idrak etmesi ve kulluk bilinci içinde hareket etmesi gerektiği hatırlatılmakta, cinlere ve insanlara müşterek hitaplarda bulunulmakta, nisbeten kısa bir cehennem tasvirini takiben oldukça ayrıntılı bir cennet tasvirine yer verilmektedir.","Fazileti
 Sûrede, edebiyatımızda terciibend denen edebî sanat benzeri bir üslûpla, “Artık rabbinizin nimetlerinden hangisini inkâr edebilirsiniz?” anlamındaki cümleye otuz bir defa yer verilmiştir.","['https://kuran.diyanet.gov.tr/tefsir/Rahm%C3%A2n-suresi/4902/1-2-ayet-tefsiri', 'https://kuran.diyanet.gov.tr/tefsir/Rahm%C3%A2n-suresi/4904/3-4-ayet-tefsiri', 'https://kuran.diyanet.gov.tr/tefsir/Rahm%C3%A2n-suresi/4906/5-13-ayet-tefsiri', 'https://kuran.diyanet.gov.tr/tefsir/Rahm%C3%A2n-suresi/4915/14-16-ayet-tefsiri', 'https://kuran.diyanet.gov.tr/tefsir/Rahm%C3%A2n-suresi/4918/17-18-ayet-tefsiri', 'https://kuran.diyanet.gov.tr/tefsir/Rahm%C3%A2n-suresi/4920/19-25-ayet-tefsiri', 'https://kuran.diyanet.gov.tr/tefsir/Rahm%C3%A2n-suresi/4927/26-28-ayet-tefsiri', 'https://kuran.diyanet.gov.tr/tefsir/Rahm%C3%A2n-suresi/4930/29-30-ayet-tefsiri', 'https://kuran.diyanet.gov.tr/tefsir/Rahm%C3%A2n-suresi/4932/31-32-ayet-tefsiri', 'https://kuran.diyanet.gov.tr/tefsir/Rahm%C3%A2n-suresi/4934/33-36-ayet-tefsiri', 'https://kuran.diyanet.gov.tr/tefsir/Rahm%C3%A2n-suresi/4938/37-45-ayet-tefsiri', 'https://kuran.diyanet.gov.tr/tefsir/Rahm%C3%A2n-suresi/4947/46-78-ayet-tefsiri']"
56,"Hakkında
                    Mekke döneminde inmiştir. 96 âyettir. Sûre, adını birinci âyette geçen “elvâkı’a” kelimesinden almıştır. Vâkı’a, gerçekleşen, meydana gelen olay demektir. Burada kıyameti ifade etmektedir. Sûrede başlıca, kıyametin kopmasından önceki ve sonraki dehşetli hâller ve insanların amellerine göre içinde yer alacağı gruplar konu edilmektedir.","Nuzül
 Mushaftaki sıralamada elli altıncı, iniş sırasına göre kırk altıncı sûredir. Tâhâ sûresinden sonra, Şuarâ sûresinden önce Mekke’de nâzil olmuştur. Sadece 81-82. âyetlerinin Medine’de indiği rivayet edilmiştir; fakat bunların önceki ve sonraki âyetlerle konu ve üslûp açısından bir bütün oluşturması bu rivayetin gerçekliğinde tereddüt uyandırmaktadır (Derveze, III, 100). İbn Atıyye de bu sûredeki bazı âyetlerin Medine’de veya bir sefer sırasında indiğine dair rivayetlerin sağlam olmadığını belirtir (V, 238).","Konusu
 Kıyamet gününün gerçekliğinde asla kuşku duyulmaması gerektiği uyarısıyla başlayan sûrede geniş biçimde cennet ve cehennem tasvirleri yapılmakta; Allah Teâlâ’nın kudretinin kanıtlarından örnekler verilmekte, Kur’an’ın Allah katından indirilmiş bulunduğuna ve bunun insanlar için büyük bir nimet olduğuna dikkat çekilmektedir.Mushaf sırasına göre bundan önce yer alan rahmân sûresiyle bu sûre arasında konu birliği açısından şöyle bağlar kurulmuştur: a) Önceki sûre Allah Teâlâ’nın celâl ve ikram (azamet ve kerem) sahibi olduğu belirtilerek sona ermiş, bu sûrede onun bu sıfatlarının tecellileri açıklanmıştır. b) Önceki sûrede Allah’ın nimetleri hatırlatılıp bunları yalan sayma tavrı ısrarla kınanmış, bu sûrede de kıyametin kopmasıyla artık bu gerçeğin inkâr edilemeyeceği bildirilip orada verilecek karşılıklardan söz edilmiş ve iş işten geçmeden bu gerçeğe uygun davranılması uyarısı yapılmıştır. c) Önceki sûrede yükümlüler inkârcılar ve müminler şeklinde iki ana gruba ayrıldıktan sonra müminlere de derecelerine göre farklı nimetler (cennetler) verileceği bildirilmiş, bu sûrede de buna paralel üçlü bir tasnif yapılmıştır. d) Önceki sûrede göğün yarılmasından söz edilerek kıyamet tasvirine başlanmış, bu sûrede yerin sarsılması ve dağların toz duman olması haline değinilerek bu anlatım sürdürülmüştür (Râzî, XXIX, 139; Elmalılı, VII, 4699).",Fazileti,"['https://kuran.diyanet.gov.tr/tefsir/V%C3%A2k%C4%B1a-suresi/4980/1-10-ayet-tefsiri', 'https://kuran.diyanet.gov.tr/tefsir/V%C3%A2k%C4%B1a-suresi/4990/11-26-ayet-tefsiri', 'https://kuran.diyanet.gov.tr/tefsir/V%C3%A2k%C4%B1a-suresi/5006/27-40-ayet-tefsiri', 'https://kuran.diyanet.gov.tr/tefsir/V%C3%A2k%C4%B1a-suresi/5020/41-56-ayet-tefsiri', 'https://kuran.diyanet.gov.tr/tefsir/V%C3%A2k%C4%B1a-suresi/5036/57-74-ayet-tefsiri', 'https://kuran.diyanet.gov.tr/tefsir/V%C3%A2k%C4%B1a-suresi/5054/75-80-ayet-tefsiri', 'https://kuran.diyanet.gov.tr/tefsir/V%C3%A2k%C4%B1a-suresi/5060/81-82-ayet-tefsiri', 'https://kuran.diyanet.gov.tr/tefsir/V%C3%A2k%C4%B1a-suresi/5062/83-87-ayet-tefsiri', 'https://kuran.diyanet.gov.tr/tefsir/V%C3%A2k%C4%B1a-suresi/5067/88-95-ayet-tefsiri', 'https://kuran.diyanet.gov.tr/tefsir/V%C3%A2k%C4%B1a-suresi/5075/96-ayet-tefsiri']"
57,"Hakkında
                    Medine döneminde inmiştir. 29 âyettir. Sûre, adını 25. âyette geçen “elHadîd” kelimesinden almıştır. Hadîd, demir demektir. Sûrede başlıca, tüm kâinatın Allah’a ait olduğu ve kâinatta dilediği gibi tasarruf edeceği, Allah’ın dinini yüceltmek için can ve mal ile mücadelenin gerekliliği, dünya hayatının geçiciliği ve aldatıcılığı konu edilmektedir.","Nuzül
 Mushaftaki sıralamada elli yedinci, iniş sırasına göre doksan dördüncü sûredir. Zilzâl sûresinden sonra, Muhammed sûresinden önce nâzil olmuş ve genellikle Medine’de inen sûreler arasına yerleştirilmiştir. İbn Âşûr bunun, Mekkî mi Medenî mi olduğu hususu en tartışmalı sûre olduğunu ifade eder. Fakat hemen bütün âlimler hem Mekkî hem Medenî âyetler ihtiva ettiğini kabul ederler (bk. İbn Atıyye, V, 256; İbn Âşûr, XXVII, 353-354).","Konusu
 Allah Teâlâ’nın bazı sıfatlarına, evrendeki mutlak egemenliğine dikkat çekilerek başlayan sûrede, iman ve infakın önemi üzerinde durulmakta, âhirette müminler münafıklardan ve kâfirlerden ayrılıp kurtuluşa ererlerken diğerlerinin içine düşeceği acı durum tasvir edilmekte, dünya hayatının âhiret inancından bağımsız olması halinde anlamını yitireceği, buna karşılık insanın iyi bir kul olabilmek için hıristiyan rahiplerinin yaptığı gibi dünyayı tamamen terketmesinin gerekmediği hususu işlenmektedir.","Fazileti
 Tesbih ifadesiyle başladıkları için “müsebbihât” diye anılan beş sûrenin ilkidir (diğerleri Haşr, Saf, Cum‘a ve Tegābün sûreleridir). Bu ve devamındaki dört sûrenin faziletiyle ilgili olarak şöyle bir hadis rivayet edilmiştir: Hz. Peygamber yatmadan önce “müsebbihât”ı okur ve bunlarda bin âyetten faziletli bir âyetin bulunduğunu söylerdi (Tirmizî, “Fezâilü’l-Kur’ân”, 21, “Da‘avât”, 22).","['https://kuran.diyanet.gov.tr/tefsir/Had%C3%AEd-suresi/5076/1-6-ayet-tefsiri', 'https://kuran.diyanet.gov.tr/tefsir/Had%C3%AEd-suresi/5082/7-ayet-tefsiri', 'https://kuran.diyanet.gov.tr/tefsir/Had%C3%AEd-suresi/5083/8-9-ayet-tefsiri', 'https://kuran.diyanet.gov.tr/tefsir/Had%C3%AEd-suresi/5085/10-ayet-tefsiri', 'https://kuran.diyanet.gov.tr/tefsir/Had%C3%AEd-suresi/5086/11-ayet-tefsiri', 'https://kuran.diyanet.gov.tr/tefsir/Had%C3%AEd-suresi/5087/12-15-ayet-tefsiri', 'https://kuran.diyanet.gov.tr/tefsir/Had%C3%AEd-suresi/5091/16-ayet-tefsiri', 'https://kuran.diyanet.gov.tr/tefsir/Had%C3%AEd-suresi/5092/17-ayet-tefsiri', 'https://kuran.diyanet.gov.tr/tefsir/Had%C3%AEd-suresi/5093/18-ayet-tefsiri', 'https://kuran.diyanet.gov.tr/tefsir/Had%C3%AEd-suresi/5094/19-ayet-tefsiri', 'https://kuran.diyanet.gov.tr/tefsir/Had%C3%AEd-suresi/5095/20-ayet-tefsiri', 'https://kuran.diyanet.gov.tr/tefsir/Had%C3%AEd-suresi/5096/21-ayet-tefsiri', 'https://kuran.diyanet.gov.tr/tefsir/Had%C3%AEd-suresi/5097/22-25-ayet-tefsiri', 'https://kuran.diyanet.gov.tr/tefsir/Had%C3%AEd-suresi/5101/26-27-ayet-tefsiri', 'https://kuran.diyanet.gov.tr/tefsir/Had%C3%AEd-suresi/5103/28-29-ayet-tefsiri']"
58,"Hakkında
                    Medine döneminde inmiştir. 22 âyettir. Sûre, adını ilk âyette sözü edilen olaydan almıştır. “Mücâdele”, münakaşa etmek, tartışmak demektir. Bir adamın “zıhâr” yaptığı karısı, Hz. Peygambere gelerek onu şikâyet etmiş ve Hz. Peygamberle de tartışmıştı. Sûrede başlıca, zıhar, zıhar keffareti gibi bazı dînî hükümler ile birtakım görgü kuralları ve mü’minlerin inanmayanlara karşı takınmaları gereken tavır konu edilmektedir.","Nuzül
 Mushaftaki sıralamada elli sekizinci, iniş sırasına göre yüz beşinci sûredir. Münâfikûn sûresinden sonra, Hucurât sûresinden önce Medine’de nâzil olmuştur. Sadece 7. âyetinin Mekke’de indiğine dair bir rivayet vardır (İbn Atıyye, V, 272).","Konusu
 Câhiliye döneminde kadın açısından büyük haksızlıklara yol açan bir boşama türü olan “zıhâr”ın yanlış bir telakkiye dayandığı ortaya konmakta; gizli görüşme ve topluluk içinde birkaç kişinin baş başa verip fısıltıyla konuşması, selâmlama, toplantılarda uyulması gereken nezaket kuralları ve Resûlullah’la özel görüşmelerin belirli âdâb çerçevesinde yürütülmesi konularında uyarılar yapılmakta; münafıkların bazı karakteristik özelliklerine değinilmekte, müminlerin –en yakınları bile olsalar– Allah ve resulüne düşmanlık edenlerle ilişkilerinde daha dikkatli davranmaları istenmektedir.",Fazileti,"['https://kuran.diyanet.gov.tr/tefsir/M%C3%BCc%C3%A2dele-suresi/5105/1-4-ayet-tefsiri', 'https://kuran.diyanet.gov.tr/tefsir/M%C3%BCc%C3%A2dele-suresi/5109/5-6-ayet-tefsiri', 'https://kuran.diyanet.gov.tr/tefsir/M%C3%BCc%C3%A2dele-suresi/5111/7-ayet-tefsiri', 'https://kuran.diyanet.gov.tr/tefsir/M%C3%BCc%C3%A2dele-suresi/5112/8-ayet-tefsiri', 'https://kuran.diyanet.gov.tr/tefsir/M%C3%BCc%C3%A2dele-suresi/5113/9-ayet-tefsiri', 'https://kuran.diyanet.gov.tr/tefsir/M%C3%BCc%C3%A2dele-suresi/5114/10-ayet-tefsiri', 'https://kuran.diyanet.gov.tr/tefsir/M%C3%BCc%C3%A2dele-suresi/5115/11-ayet-tefsiri', 'https://kuran.diyanet.gov.tr/tefsir/M%C3%BCc%C3%A2dele-suresi/5116/12-ayet-tefsiri', 'https://kuran.diyanet.gov.tr/tefsir/M%C3%BCc%C3%A2dele-suresi/5117/13-ayet-tefsiri', 'https://kuran.diyanet.gov.tr/tefsir/M%C3%BCc%C3%A2dele-suresi/5118/14-22-ayet-tefsiri']"
59,"Hakkında
                    Medine döneminde inmiştir. 24 âyettir. Sûre, adını ikinci ayette geçen “elHaşr” kelimesinden almıştır. Haşr, toplamak demektir. Sûrede başlıca,Medine’de yaşamakta olan ve Hz.Peygamberle yaptıkları antlaşmaya ihanet ederek İslâm toplumunu ortadan kaldırmak üzere Mekkeli müşriklerle ittifak yapan Nadîroğulları’nın Medine’den topluca sürülmesi hadisesi ile Yahudilerle antlaşma yapan münafıklar konu edilmektedir.","Nuzül
 Mushaftaki sıralamada elli dokuzuncu, iniş sırasına göre yüz birinci sûredir. Beyyine sûresinden sonra, Nûr sûresinden önce Medine’de nâzil olmuştur. Derveze, sûrenin iniş sırası hakkında şöyle bir tesbit yapmaktadır: Tefsir ve siyer müelliflerinin bu sûrede sözü edilen yahudi kabilesinin Benî Nadîr olduğu ve bu topluluğun 1-4. âyetlerde değinilen Medine’den çıkarılması olayının Uhud Savaşı’ndan beş ay kadar sonra meydana geldiği hususunda görüş birliği içinde oldukları dikkate alınırsa, bunu Uhud Savaşı’ndan söz eden Âl-i İmrân sûresinden sonraki sıraya yerleştirmek uygun olur. Sûrelerin iniş sırasına dair rivayetlerde, Hudeybiye Antlaşması’yla ilgili bazı olaylara işaret eden Mümtehine sûresi ile bu sûrenin adının karıştırılmış olması muhtemeldir, dolayısıyla belirtilen sıralamada bu iki sûrenin yer değiştirmesi gerekir (VIII, 207-208).","Konusu
 Özellikle sûrenin ilk âyeti ile son üç âyetinde, bütün varlıkların Allah’ı eksikliklerden tenzih ettiği, O’nun birliği, yüceliği, ilminin sınırsızlığı, rahmet ve şefkatinin enginliği, irade ve gücünün mutlaklığı, eşsiz yaratıcı olduğu belirtilerek kalplere tevhid inancının, Allah sevgisi ve saygısının yerleştirilmesi hedeflenmektedir. 2-10. âyetlerde antlaşmalarını bozan bir yahudi kabilesinin başına gelen sürgün felâketi örnek gösterilip bundan ibret alınması istenmekte ve müslümanlara toplum olarak elde edilen imkânların paylaştırılması konusunda yol gösterilip ideal mümin tipiyle ilgili tasvirler yapılmaktadır. 11-17. âyetlerde müslüman göründükleri halde ahitlerini bozan Ehl-i kitap’la gizli ilişkiler kurarak türlü entrikalar çeviren münafıkların ve yandaşlarının bazı zaaflarına değinilerek müslümanlar hem bu tür davranışlardan sakındırılmakta hem de kendilerine moral verilmektedir. Müteakip âyetlerde her insanın yapması gereken nefis muhasebesinin ve ebedî hayat için hazırlıklı olunmasının önemine ve sonuçlarına dikkat çekilmekte; Kur’an’a muhatap olmanın ne büyük şeref olduğunu ama aynı zamanda ne büyük sorumluluk getirdiğini hatırlatan bir örnek verilmektedir (İngiliz şarkiyatçısı Richard Bell’in Haşr sûresiyle ilgili bir makalesinde sûredeki âyetlerin tertibiyle ilgili olarak ileri sürdüğü görüşün eleştirisi için bk. Emin Işık, “Haşr Sûresi”, DİA, XVI, 426).","Fazileti
 Sabah ve akşam üç defa (besmeleden önce) “Eûzü billâhi’s-semîi’l-alîmi mine’ş-şeytâni’r-racîm” dedikten sonra Haşr sûresinin son üç âyetini okuyanlar için büyük müjdeler içeren hadisin sıhhat derecesiyle ilgili eleştiriler bulunmakla beraber özellikle sabah namazlarından sonra bu üç âyetin okunması gelenek haline gelmiştir (bk. Tirmizî, “Sevâbü’l-Kur’ân”, 22; Müsned, V, 26; Dârimî, “Fezâilü’l-Kur’ân”, 22; Emin Işık, “a.g.m.”, XVI, 426).","['https://kuran.diyanet.gov.tr/tefsir/Ha%C5%9Fr-suresi/5127/1-ayet-tefsiri', 'https://kuran.diyanet.gov.tr/tefsir/Ha%C5%9Fr-suresi/5128/2-5-ayet-tefsiri', 'https://kuran.diyanet.gov.tr/tefsir/Ha%C5%9Fr-suresi/5132/6-10-ayet-tefsiri', 'https://kuran.diyanet.gov.tr/tefsir/Ha%C5%9Fr-suresi/5137/11-17-ayet-tefsiri', 'https://kuran.diyanet.gov.tr/tefsir/Ha%C5%9Fr-suresi/5144/18-20-ayet-tefsiri', 'https://kuran.diyanet.gov.tr/tefsir/Ha%C5%9Fr-suresi/5147/21-ayet-tefsiri', 'https://kuran.diyanet.gov.tr/tefsir/Ha%C5%9Fr-suresi/5148/22-24-ayet-tefsiri']"
60,"Hakkında
                    Medine döneminde inmiştir. 13 âyettir. Onuncu âyette, Hudeybiye antlaşmasından sonra müşrikler arasından çıkıp Medine’ye gelen ve müslüman olduklarını söyleyen kadınların imtihan edilmeleri emredildiği için sûreye mecazen,“imtihan eden” anlamında “mümtehine” denmiştir. Sûrede başlıca, Allah için sevmek, Allah için buğz etmek ve müslümanlarla kâfirler arasındaki ilişkilere dair bazı uyarılar konu edilmektedir","Nuzül
 Mushaftaki sıralamada altmışıncı, iniş sırasına göre doksan birinci sûredir. Ahzâb sûresinden sonra, Nisâ sûresinden önce Medine’de nâzil olmuştur.","Konusu
 Allah’a ve müminlere düşmanlığını açıkça ortaya koyan ve bu tavırlarını eyleme dönüştürmüş olanlarla dostluk kurulamayacağı, aralarında bazı duygusal bağlar bulunsa bile müslümanların onlarla ilişkilerinde çok dikkatli olmaları gerektiği, ancak müslümanlara karşı fiilî bir husumet içinde olmayan gayri müslimlerle iyi ilişkiler içinde olmaya bir engel bulunmadığı bildirilmekte; tevhid mücadelesinde Hz. İbrâhim ve onun yolundan gidenlerin iyi bir örneklik teşkil ettiği hatırlatılmakta; Hudeybiye Barış Antlaşması sonrasında meydana gelen bazı gelişmeler ışığında inkârcı taraftan kaçıp gelen kadınların hukukunun korunmasıyla ilgili hükümlere, bu arada Kur’an nazarında kadının statüsüne ışık tutan bir biat uygulamasına yer verilmektedir.",Fazileti,"['https://kuran.diyanet.gov.tr/tefsir/M%C3%BCmtehine-suresi/5151/1-3-ayet-tefsiri', 'https://kuran.diyanet.gov.tr/tefsir/M%C3%BCmtehine-suresi/5154/4-6-ayet-tefsiri', 'https://kuran.diyanet.gov.tr/tefsir/M%C3%BCmtehine-suresi/5157/7-9-ayet-tefsiri', 'https://kuran.diyanet.gov.tr/tefsir/M%C3%BCmtehine-suresi/5160/10-11-ayet-tefsiri', 'https://kuran.diyanet.gov.tr/tefsir/M%C3%BCmtehine-suresi/5162/12-ayet-tefsiri', 'https://kuran.diyanet.gov.tr/tefsir/M%C3%BCmtehine-suresi/5163/13-ayet-tefsiri']"
61,"Hakkında
                    Medine döneminde inmiştir. 14 âyettir. Sûre, adını 4. âyette geçen “saff ” kelimesinden almıştır. Saff, sıra, dizi demektir. Sûrede başlıca, Allah yolunda cihadın fazileti konu edilmektedir.","Nuzül
 Mushaftaki sıralamada altmış birinci, iniş sırasına göre yüz dokuzuncu sûredir. Tegābün sûresinden sonra, Cum‘a sûresinden önce Medine’de nâzil olmuştur.","Konusu
 Kişinin yaptıklarıyla bağdaşmayan iddialarda bulunmasının Allah katında çok çirkin sayıldığı belirtilerek öz ve söz arasındaki uyumun önemine vurgu yapılmakta; Allah yolunda çarpışanların O’nun hoşnutluğunu kazanabilmeleri için tek bir yürek ve tek bir vücut gibi olmaları gerektiğine dikkat çekilmekte; İsrâiloğulları’nın verdikleri sözü tutmamaları, Hz. Mûsâ’yı üzmeleri ve Hz. Îsâ’nın kendisinden sonra gelecek peygamberi isim de vererek müjdelemesine rağmen ona vefasızlık etmeleri eleştirilmekte; gerçek kurtuluşun Allah’a ve resulüne iman edip malıyla canıyla Allah’ın gösterdiği yolda çaba harcamaktan geçtiği bildirilmektedir.",Fazileti,"['https://kuran.diyanet.gov.tr/tefsir/Saff-suresi/5164/1-ayet-tefsiri', 'https://kuran.diyanet.gov.tr/tefsir/Saff-suresi/5165/2-3-ayet-tefsiri', 'https://kuran.diyanet.gov.tr/tefsir/Saff-suresi/5167/4-ayet-tefsiri', 'https://kuran.diyanet.gov.tr/tefsir/Saff-suresi/5168/5-9-ayet-tefsiri', 'https://kuran.diyanet.gov.tr/tefsir/Saff-suresi/5173/10-14-ayet-tefsiri']"
62,"Hakkında
                    Medine döneminde inmiştir. 11 âyettir. Sûre, adını 9. âyette geçen “elCumu’a”kelimesinden almıştır. Sûrede başlıca, Hz. Muhammed’in peygamberolarak gönderilişi, Yahudilerin Allah’ın dininden yan çizmeleri ve Cumanamazı ile ilgili bazı hükümler konu edilmektedir.","Nuzül
 Mushaftaki sıralamada altmış ikinci, iniş sırasına göre yüz onuncu sûredir. Muhtemelen hicretin 1. yılında nâzil olmuştur (bk. Emin Işık, “Cum‘a Sûresi”, DİA, VIII, 92). Derveze, sûrede yahudilerden bahsedildiği, Hendek Savaşı’ndan sonra ise Medine’de yahudi kalmadığı noktasından hareketle en azından bu savaştan söz eden Ahzâb sûresinden önce inmiş olması gerektiğini ifade eder (VIII, 227). Aynı kanaati paylaşan Süleyman Ateş, Ebû Hüreyre’den yapılan –sûrenin kendisinin müslüman olmasından sonraki bir tarihte indiği bilgisini içeren– rivayetin sahih olamayacağını, çünkü onun Hayber’in fethi sırasında Hz. Peygamber’e gelip müslüman olduğunu ifade eder ve bu rivayeti ona yapılmış bir iftira olarak niteler (IX, 429, 431). Fakat İbn Âşûr’a göre, Hendek Savaşı’ndan sonra da bazı müslümanların Hayber yahudileriyle ortak ziraî faaliyetlerinin devam ettiği ve aralarında sıkı bir iletişimin bulunduğu dikkate alındığında (XXVIII, 169), sûrede onlardan söz edilmesini yadırgamamak gerekir ve Ebû Hüreyre’nin rivayeti esas alınarak bu sûrenin Hayber’in fethedildiği yıl nâzil olduğu düşünülebilir (XXVIII, 204, 205).","Konusu
 Esmâ-i hüsnâdan dört ismin yer aldığı bir tesbih ifadesiyle başlayan sûrede Hz. Peygamber’in gönderilmesinin hikmetlerine değinilmekte, kendilerine Tevrat verilenlerin bu ilâhî emanetin sorumluluğunu taşıyamadıkları belirtilip yahudilerin bazı bencilce iddiaları eleştirilmekte, cuma namazının müslümanlar açısından taşıdığı önem ve bu ibadetin anlamı üzerinde durulmaktadır.Bazı müfessirlere göre bu sûrede yahudilerin kendileri için övünç konusu yaptıkları şu üç iddia çürütülmüştür: a) Yalnız kendilerinin kutsal kitap sahibi oldukları ve başka bir toplumun içinden peygamber çıkamayacağı, b) Kendilerinin Allah’ın has ve imtiyazlı kulları oldukları, c) Allah’ın kendileri için kutsal bir gün (cumartesi) belirlediği ve müslümanların kutsal kitaplarında ise böyle bir belirleme bulunmadığı (bk. Zemahşerî, IV, 97).",Fazileti,"['https://kuran.diyanet.gov.tr/tefsir/Cuma-suresi/5178/1-ayet-tefsiri', 'https://kuran.diyanet.gov.tr/tefsir/Cuma-suresi/5179/2-4-ayet-tefsiri', 'https://kuran.diyanet.gov.tr/tefsir/Cuma-suresi/5182/5-8-ayet-tefsiri', 'https://kuran.diyanet.gov.tr/tefsir/Cuma-suresi/5186/9-11-ayet-tefsiri']"
63,"Hakkında
                    Medine döneminde inmiştir. 11 âyettir. Sûre, münafıkların genel karakter veözelliklerinden bahsettiği için bu adı almıştır.","Nuzül
 Mushaftaki sıralamada altmış üçüncü, iniş sırasına göre yüz dördüncü sûredir. Hac sûresinden sonra, Mücâdele sûresinden önce Medine’de nâzil olmuştur.","Konusu
 Sûrede ağırlıklı olarak, iman ettiklerini söyledikleri için müslüman muamelesi gören ve onlarla iç içe yaşayan ama gerçekte inanmayan ve müminler aleyhine çalışmalar yapan münafıklar hakkında önemli bilgi ve tasvirlere yer verilmekte, onların görünüşlerine aldanmamaları ve sinsi faaliyetlerine karşı uyanık davranmaları konusunda müslümanlar uyarılmakta, münafıkların bu tutumlarına devam etmelerinin kendilerinin aleyhine olacağı yönünde dolaylı bir ikazda bulunulmakta; son âyetlerde müminlere, hiçbir gerekçenin Allah’ı unutmayı ve sahip olduğu imkânları başkalarıyla paylaşmamakta direnmeyi haklı kılmayacağı hatırlatılmaktadır.",Fazileti,"['https://kuran.diyanet.gov.tr/tefsir/M%C3%BCn%C3%A2fik%C3%BBn-suresi/5189/1-8-ayet-tefsiri', 'https://kuran.diyanet.gov.tr/tefsir/M%C3%BCn%C3%A2fik%C3%BBn-suresi/5197/9-11-ayet-tefsiri']"
64,"Hakkında
                    Medine döneminde inmiştir. 18 âyettir. Sûre, adını 9. âyette geçen “etTeğâbun”kelimesinden almıştır. Teğâbun, aldanma demektir. İnanmayanların aldanışları, Kıyamet gününde açıkça ortaya çıkacağı için bugüne“Yevmü’t-Teğâbun (aldanma günü)” denmiştir. Sûrede, başlıca mü’min olsun,kâfir olsun herkesin eksiklik ve kusurlarının kıyamet günü açığa çıkacağı konu edilmektedir.","Nuzül
 Mushaftaki sıralamada altmış dördüncü, iniş sırasına göre yüz sekizinci sûredir. Tahrîm sûresinden sonra, Saf sûresinden önce Medine’de nâzil olmuştur.","Konusu
 Bütün insanları Allah yaratmış olduğu halde bu hakikati inkâr edenlere de O’na iman edenlere de –dünya hayatının var ediliş hikmetinin gereği olarak– imkân ve fırsat verildiği belirtilmekte; sorumluluk sahibi bir varlık olarak insan, evrenin yaratılış hikmeti ve kendi özellikleri üzerinde düşünmeye çağırılmakta, ifadenin tabii akışı içinde İslâm inancının temel unsurları üzerinde durulmaktadır. Sûrenin son bölümünde, Allah’a karşı kulluk görevini yerine getirmekten alıkoyabilecek faktörlerle örülü dünya hayatında hem bu vecîbenin düzgün ifası hem de beşerî ilişkilerin sağlıklı yürütülebilmesi için bazı altın öğütler verilmektedir.",Fazileti,"['https://kuran.diyanet.gov.tr/tefsir/Teg%C3%A2b%C3%BCn-suresi/5200/1-ayet-tefsiri', 'https://kuran.diyanet.gov.tr/tefsir/Teg%C3%A2b%C3%BCn-suresi/5201/2-5-ayet-tefsiri', 'https://kuran.diyanet.gov.tr/tefsir/Teg%C3%A2b%C3%BCn-suresi/5205/6-10-ayet-tefsiri', 'https://kuran.diyanet.gov.tr/tefsir/Teg%C3%A2b%C3%BCn-suresi/5210/11-13-ayet-tefsiri', 'https://kuran.diyanet.gov.tr/tefsir/Teg%C3%A2b%C3%BCn-suresi/5213/14-18-ayet-tefsiri']"
65,"Hakkında
                    Medine döneminde inmiştir. 12 âyettir. Sûre, adını işlediği konudan almıştır. “Talâk“ boşamak demektir. Sûrede talâk ile ilgili diğer bazı hükümler konuedilmektedir.","Nuzül
 Mushaftaki sıralamada altmış beşinci, iniş sırasına göre doksan dokuzuncu sûredir. İnsan sûresinden sonra, Beyyine sûresinden önce Medine’de nâzil olmuştur.","Konusu
 Aile kurumunun dinî, ahlâkî ve hukukî temelini oluşturan ni­kâh ak­dinin ve evlilik birliğinin keyfî biçimde sona erdirilemeyeceği temasına ağırlık verilerek böyle bir zorunlulukla karşılaşıldığında uyulması gereken başlıca hükümler işlenmekte, bu arada iyi niyet ve hakkın kötüye kullanılmaması gibi bazı temel ilkelerin altı çizilmekte; aile ilişkilerinin sağlıklı yürüyüp yürümemesinde çoğu zaman etkili bir role sahip bulunan harcamalar konusunda ölçülü olmanın önemine dikkat çekilmekte; meşrû, mâkul ve dengeli olmayan, sonunda Allah’ın buyruklarına isyan etmeye varan isteklerin toplumların perişan olmasına ve medeniyetlerin çökmesine yol açabileceği ima edilmekte; her hâlükârda olup biten her şeyin, evrendeki bütün varlıkları yaratan Allah’ın gücü ve bilgisi dışında kalamayacağı hatırlatılmaktadır.",Fazileti,"['https://kuran.diyanet.gov.tr/tefsir/Tal%C3%A2k-suresi/5218/1-7-ayet-tefsiri', 'https://kuran.diyanet.gov.tr/tefsir/Tal%C3%A2k-suresi/5225/8-11-ayet-tefsiri', 'https://kuran.diyanet.gov.tr/tefsir/Tal%C3%A2k-suresi/5229/12-ayet-tefsiri']"
66,"Hakkında
                    Medine döneminde inmiştir. 12 âyettir. Sûre, adını Hz. Peygamber’in, helâlolan bir şeyi kendisine haram kıldığından söz eden ve “Tahrîm Âyeti” diye adlandırılan birinci âyetten almıştır. Tahrîm, haram kılmak demektir. Sûrede başlıca, Hz. Peygamber’in eşleriyle olan bazı münasebetleri ile, mutlu bir aile yuvasının oluşturulmasının temel prensipleri konu edilmektedir.","Nuzül
 Mushaftaki sıralamada altmış altıncı, iniş sırasına göre yüz yedinci sûredir. Hucurât sûresinden sonra, Tegābün sûresinden önce Medine’de nâzil olmuştur.","Konusu
 Hz. Peygamber’in bir eşine verdiği sırrı eşinin koruyamaması ve buna bağlı olarak gelişen olaylardan hareketle, aile ilişkilerinde güvenin önemi üzerinde durulmakta, müminlere hitap edilerek aile sorumluluğunun önemine dikkat çekilmekte, inkârcılar ve iman etmiş gibi görünen münafıklara sert bir uyarı yapılmakta, tövbenin kararlı bir iradeye dayalı olması gerektiği bildirilmekte; aile sorumluluğu kavramının yanlış anlaşılmaması için, yükümlülük çağındaki herkesin yaptıklarından şahsen sorumlu olacağı bazı örnekler ışığında açıklanmaktadır.",Fazileti,"['https://kuran.diyanet.gov.tr/tefsir/Tahr%C3%AEm-suresi/5230/1-5-ayet-tefsiri', 'https://kuran.diyanet.gov.tr/tefsir/Tahr%C3%AEm-suresi/5235/6-ayet-tefsiri', 'https://kuran.diyanet.gov.tr/tefsir/Tahr%C3%AEm-suresi/5236/7-ayet-tefsiri', 'https://kuran.diyanet.gov.tr/tefsir/Tahr%C3%AEm-suresi/5237/8-ayet-tefsiri', 'https://kuran.diyanet.gov.tr/tefsir/Tahr%C3%AEm-suresi/5238/9-ayet-tefsiri', 'https://kuran.diyanet.gov.tr/tefsir/Tahr%C3%AEm-suresi/5239/10-12-ayet-tefsiri']"
67,"Hakkında
                    Mekke döneminde inmiştir. 30 âyettir. Sûre, adını birinci âyette geçen “elMülk”kelimesinden almıştır. Sûrede başlıca, Allah’ın azameti, Allah’ın birliğinindelilleri ve öldükten sonra dirilmeyi inkâr edenlerin akıbetleri konuedilmektedir","Nuzül
 Mushaftaki sıralamada altmış yedinci, iniş sırasına göre yetmiş yedinci sûredir. Tûr sûresinden sonra, Hâkka sûresinden önce Mekke’de nâzil olmuştur.","Konusu
 Sûre genel olarak Allah Teâlâ’nın varlığı ve birliğini, azametini, evrendeki hükümranlığını, tek tanrı ve tek yaratıcı olduğunu, hayatın ve ölümün var ediliş amacını ve öldükten sonra dirilmeyi konu edinmektedir. Sûrede ayrıca insanlığın ilâhî vahyin uyarıcılığına muhtaç olduğuna işaret edilmekte, bunu kabul etmeyenlerin karşılaşacakları kötü sonuçla ilgili uyarılar yapılmaktadır.","Fazileti
 Hz. Peygamber, Mülk sûresinin onu okuyanları kabir azabından koruyacağını ifade buyurmuşlar (Tirmizî, “Fezâilü’l-Kur’ân”, 9; Şevkânî, V, 296), bu sebeple cenazelerin ardından bu sûrenin okunması âdet olmuştur. Bu hadisi, “sûreyi okuyup amel edenlerin, kabir azabını gerektiren günahlardan uzak duracağı ve böylece azaptan kurtulacağı” şeklinde anlamak da mümkündür.","['https://kuran.diyanet.gov.tr/tefsir/M%C3%BClk-suresi/5242/1-5-ayet-tefsiri', 'https://kuran.diyanet.gov.tr/tefsir/M%C3%BClk-suresi/5247/6-11-ayet-tefsiri', 'https://kuran.diyanet.gov.tr/tefsir/M%C3%BClk-suresi/5253/12-ayet-tefsiri', 'https://kuran.diyanet.gov.tr/tefsir/M%C3%BClk-suresi/5254/13-14-ayet-tefsiri', 'https://kuran.diyanet.gov.tr/tefsir/M%C3%BClk-suresi/5256/15-ayet-tefsiri', 'https://kuran.diyanet.gov.tr/tefsir/M%C3%BClk-suresi/5257/16-18-ayet-tefsiri', 'https://kuran.diyanet.gov.tr/tefsir/M%C3%BClk-suresi/5260/19-21-ayet-tefsiri', 'https://kuran.diyanet.gov.tr/tefsir/M%C3%BClk-suresi/5263/22-ayet-tefsiri', 'https://kuran.diyanet.gov.tr/tefsir/M%C3%BClk-suresi/5264/23-24-ayet-tefsiri', 'https://kuran.diyanet.gov.tr/tefsir/M%C3%BClk-suresi/5266/25-27-ayet-tefsiri', 'https://kuran.diyanet.gov.tr/tefsir/M%C3%BClk-suresi/5269/28-29-ayet-tefsiri', 'https://kuran.diyanet.gov.tr/tefsir/M%C3%BClk-suresi/5271/30-ayet-tefsiri']"
68,"Hakkında
                    Mekke döneminde inmiştir. 52 âyettir. Sûre, adını birinci âyette geçen “elKalem”kelimesinden almıştır. “Nûn” sûresi diye de anılır. Sûrede başlıca, Hz.Muhammed’in peygamberliğinin ispatı ve mü’minler ile kâfirlerin akıbetlerikonu edilmiştir.","Nuzül
 Mushaftaki sıralamada altmış sekizinci, iniş sırasına göre ikinci sûredir. Alak sûresinden sonra, Müzzemmil sûresinden önce Mekke’de inmiştir. 17. âyetten 50. âyete kadar olan kısmının Medine’de indiği yönünde bir rivayet bulunmakla beraber (bk. Şevkânî, V, 307) âyetlerin üslûp ve içeriğinden bunların da Mekke’de indiği anlaşılmaktadır.","Konusu
 Muhammed aleyhisselâmın Allah tarafından gönderilmiş gerçek bir elçi olduğu, yüksek şahsiyeti ve Mekkeli müşriklerin onun getirdiği mesaj konusunda yaymaya çalıştıkları tereddütler, müşriklerdeki şahsiyet bozuklukları, nimete karşı nankörlüğün sonucunu açıklamak amacıyla anlatılan “bahçe sahipleri kıssası”, âhiretin sıkıntılı ve dehşetli halleri, Allah’ın müminler için hazırlamış olduğu ödüller ve kâfirlere vereceği cezalar, sûrenin başlıca konularıdır. Ayrıca Hz. Peygamber’e metânetli olması, Yûnus peygamberin yaptığı gibi sabırsızlık göstermemesi tavsiye edilmektedir.",Fazileti,"['https://kuran.diyanet.gov.tr/tefsir/Kalem-suresi/5272/1-7-ayet-tefsiri', 'https://kuran.diyanet.gov.tr/tefsir/Kalem-suresi/5279/8-9-ayet-tefsiri', 'https://kuran.diyanet.gov.tr/tefsir/Kalem-suresi/5281/10-16-ayet-tefsiri', 'https://kuran.diyanet.gov.tr/tefsir/Kalem-suresi/5288/17-33-ayet-tefsiri', 'https://kuran.diyanet.gov.tr/tefsir/Kalem-suresi/5305/34-41-ayet-tefsiri', 'https://kuran.diyanet.gov.tr/tefsir/Kalem-suresi/5313/42-43-ayet-tefsiri', 'https://kuran.diyanet.gov.tr/tefsir/Kalem-suresi/5315/44-45-ayet-tefsiri', 'https://kuran.diyanet.gov.tr/tefsir/Kalem-suresi/5317/46-ayet-tefsiri', 'https://kuran.diyanet.gov.tr/tefsir/Kalem-suresi/5318/47-ayet-tefsiri', 'https://kuran.diyanet.gov.tr/tefsir/Kalem-suresi/5319/48-50-ayet-tefsiri', 'https://kuran.diyanet.gov.tr/tefsir/Kalem-suresi/5322/51-52-ayet-tefsiri']"
69,"Hakkında
                    Mekke döneminde inmiştir. 52 âyettir. Sûre, adını birinci âyeti oluşturan“el-Hâkka” kelimesinden almıştır. Hâkka, mutlaka gerçekleşecek olan kıyametdemektir. Sûrede başlıca, Kıyameti inkâr edenlerin görecekleri cezalarve mü’minler ile kâfirlerin dehşetli Kıyamet günündeki hâlleri konu edilmektedir.","Nuzül
 Mushaftaki sıralamada altmış dokuzuncu, iniş sırasına göre yetmiş sekizinci sûredir. Mülk sûresinden sonra, Meâric sûresinden önce Mekke’de inmiştir.","Konusu
 Sûrenin ana konusu vahiy yani Kur’an’ın ilâhî kelâm oluşu ve peygamberliktir. Ayrıca kıyamet halleri; yeryüzünde fesat çıkaran ve peygamberleri yalancılıkla itham eden Âd, Semûd, Lût, Firavun, Nûh kavimleri gibi eski kavimlerden, bunların başına gelen felâketlerden söz etmekte, âhirette mutlu ve bedbaht olacak kimselerin durumlarını açıklamaktadır.",Fazileti,"['https://kuran.diyanet.gov.tr/tefsir/H%C3%A2kka-suresi/5324/1-3-ayet-tefsiri', 'https://kuran.diyanet.gov.tr/tefsir/H%C3%A2kka-suresi/5327/4-8-ayet-tefsiri', 'https://kuran.diyanet.gov.tr/tefsir/H%C3%A2kka-suresi/5332/9-12-ayet-tefsiri', 'https://kuran.diyanet.gov.tr/tefsir/H%C3%A2kka-suresi/5336/13-18-ayet-tefsiri', 'https://kuran.diyanet.gov.tr/tefsir/H%C3%A2kka-suresi/5342/19-24-ayet-tefsiri', 'https://kuran.diyanet.gov.tr/tefsir/H%C3%A2kka-suresi/5348/25-29-ayet-tefsiri', 'https://kuran.diyanet.gov.tr/tefsir/H%C3%A2kka-suresi/5353/30-31-ayet-tefsiri', 'https://kuran.diyanet.gov.tr/tefsir/H%C3%A2kka-suresi/5355/32-37-ayet-tefsiri', 'https://kuran.diyanet.gov.tr/tefsir/H%C3%A2kka-suresi/5361/38-43-ayet-tefsiri', 'https://kuran.diyanet.gov.tr/tefsir/H%C3%A2kka-suresi/5367/44-47-ayet-tefsiri', 'https://kuran.diyanet.gov.tr/tefsir/H%C3%A2kka-suresi/5371/48-50-ayet-tefsiri', 'https://kuran.diyanet.gov.tr/tefsir/H%C3%A2kka-suresi/5374/51-52-ayet-tefsiri']"
70,"Hakkında
                    Mekke döneminde inmiştir. 44 âyettir. Sûre, adını üçüncü âyetteki “elMe’âric”kelimesinden almıştır. Me’âric, yükselme yolları demektir. Sûredebaşlıca, Mekke müşriklerinin inkâr, inat ve azgınlıkları, insan tabiatının bazıyönleri, ölüm ötesi hayatın gerçekliği konu edilmektedir","Nuzül
 Mushaftaki sıralamada yetmişinci, iniş sırasına göre yetmiş dokuzuncu sûredir. Hâkka sûresinden sonra, Nebe’ sûresinden önce Mekke’de inmiştir. 24. âyetinin Medine’de indiğine dair rivayet genel kabul görmemiştir (İbn Âşûr, XXIX, 152).","Konusu
 Meâric sûresinde kıyamet halleri, öldükten sonra dirilme, hesap gününün sıkıntıları, cehennem azabı, âhiret hayatı ve peygamberlik gibi İslâm’ın inanç esasları ele alınmaktadır. Sûrede cömertlik ve cimrilik konularından bahsedilir; müminlerin güzel vasıfları, iyi işleri ve üstün ahlâkı anlatılır; inkârcıların Hz. Peygamber’e karşı tutumları değerlendirilir.",Fazileti,"['https://kuran.diyanet.gov.tr/tefsir/Me%C3%A2ric-suresi/5376/1-4-ayet-tefsiri', 'https://kuran.diyanet.gov.tr/tefsir/Me%C3%A2ric-suresi/5380/5-7-ayet-tefsiri', 'https://kuran.diyanet.gov.tr/tefsir/Me%C3%A2ric-suresi/5383/8-18-ayet-tefsiri', 'https://kuran.diyanet.gov.tr/tefsir/Me%C3%A2ric-suresi/5394/19-21-ayet-tefsiri', 'https://kuran.diyanet.gov.tr/tefsir/Me%C3%A2ric-suresi/5397/22-35-ayet-tefsiri', 'https://kuran.diyanet.gov.tr/tefsir/Me%C3%A2ric-suresi/5411/36-39-ayet-tefsiri', 'https://kuran.diyanet.gov.tr/tefsir/Me%C3%A2ric-suresi/5415/40-41-ayet-tefsiri', 'https://kuran.diyanet.gov.tr/tefsir/Me%C3%A2ric-suresi/5417/42-44-ayet-tefsiri']"
71,"Hakkında
                    Mekke döneminde inmiştir. 28 âyettir. Sûrede başlıca, Nûh peygamberin mücadeleleri ve Nûh Tufanı konu edilmektedir. Sûre, adını konusundan almıştır.","Nuzül
 Hem mushaftaki sıralamaya hem nüzûl sırasına göre yetmiş birinci sûredir. Nahl sûresinden sonra, İbrâhim sûresinden önce Mekke’de inmiştir.","Konusu
 Mekkî sûrelerin özelliklerini taşıyan Nûh sûresinde iman esaslarıyla birlikte Hz. Nûh’un peygamberliği, inkârcılara karşı verdiği mücadele ve tûfan konuları ele alınmakta, Nûh’un kendisi ve müminler için yapmış olduğu dua ile sûre sona ermektedir.",Fazileti,"['https://kuran.diyanet.gov.tr/tefsir/N%C3%BBh-suresi/5420/1-4-ayet-tefsiri', 'https://kuran.diyanet.gov.tr/tefsir/N%C3%BBh-suresi/5424/5-7-ayet-tefsiri', 'https://kuran.diyanet.gov.tr/tefsir/N%C3%BBh-suresi/5427/8-9-ayet-tefsiri', 'https://kuran.diyanet.gov.tr/tefsir/N%C3%BBh-suresi/5429/10-ayet-tefsiri', 'https://kuran.diyanet.gov.tr/tefsir/N%C3%BBh-suresi/5430/11-ayet-tefsiri', 'https://kuran.diyanet.gov.tr/tefsir/N%C3%BBh-suresi/5431/12-ayet-tefsiri', 'https://kuran.diyanet.gov.tr/tefsir/N%C3%BBh-suresi/5432/13-14-ayet-tefsiri', 'https://kuran.diyanet.gov.tr/tefsir/N%C3%BBh-suresi/5434/15-16-ayet-tefsiri', 'https://kuran.diyanet.gov.tr/tefsir/N%C3%BBh-suresi/5436/17-18-ayet-tefsiri', 'https://kuran.diyanet.gov.tr/tefsir/N%C3%BBh-suresi/5438/19-20-ayet-tefsiri', 'https://kuran.diyanet.gov.tr/tefsir/N%C3%BBh-suresi/5440/21-22-ayet-tefsiri', 'https://kuran.diyanet.gov.tr/tefsir/N%C3%BBh-suresi/5442/23-ayet-tefsiri', 'https://kuran.diyanet.gov.tr/tefsir/N%C3%BBh-suresi/5443/24-ayet-tefsiri', 'https://kuran.diyanet.gov.tr/tefsir/N%C3%BBh-suresi/5444/25-ayet-tefsiri', 'https://kuran.diyanet.gov.tr/tefsir/N%C3%BBh-suresi/5445/26-27-ayet-tefsiri', 'https://kuran.diyanet.gov.tr/tefsir/N%C3%BBh-suresi/5447/28-ayet-tefsiri']"
72,"Hakkında
                    Mekke döneminde inmiştir. 28 âyettir. Ağırlıklı olarak cinlerden bahsettiğiiçin “Cin sûresi” adını almıştır. Sûrede ayrıca tevhit, peygamberlik ve öldüktensonra dirilmek gibi meseleler konu edilmektedir.","Nuzül
 Mushaftaki sıralamada yetmiş ikinci, iniş sırasına göre kırkıncı sûredir. A‘râf sûresinden sonra, Yâsîn sûresinden önce Mekke’de inmiştir. Abdullah b. Abbas’ın naklettiği rivayete göre bir gün Hz. Peygamber ashabından birkaç kişiyle birlikte Ukaz panayırına doğru giderken Nahle denilen yerde onlara sabah namazını kıldırmıştı. Onun namazda okuduğu âyetleri işiten cinler bu âyetlerin tesirini derinden hissedip hayranlık duymuşlar, bu olayı kendi topluluklarına da anlatmışlar ve Kur’an’a inandıklarını, artık rablerine hiçbir şeyi ortak koşmayacaklarını açıklamışlardır. İşte bu olay üzerine Cin sûresi inmiştir (Buhârî, “Tefsîr”, 72).","Konusu
 Sûrenin ana konusu cinler ve bunlara ait özel durumlardır. Sûrede bir cin topluluğunun Hz. Peygamber’den Kur’an dinlediği ve ona iman ettiği, inanç bakımından cinlerin de müminler ve kâfirler olarak ikiye ayrıldığı bildirilmekte ve cinlerle ilgili olarak insanın normal yollardan elde edemeyeceği bilgiler verilmektedir. Ayrıca sûrede Allah Teâlâ’nın varlığı, birliği, büyüklüğü, evrendeki hükümranlığı ve Allah’tan başkasına ibadet edilmemesinin gereği üzerinde durulmuş, öldükten sonra dirilme ve hesap vermeye iman gibi İslâm’ın bazı inanç esasları ele alınmıştır. Gayb bilgisinin Allah’a mahsus olduğu, bu bilgileri ancak kendisinin razı olduğu kimselere bildireceği ve Allah’ın ilminin kuşatıcılığı ifade edilerek sûre sona ermiştir.",Fazileti,"['https://kuran.diyanet.gov.tr/tefsir/Cin-suresi/5448/1-3-ayet-tefsiri', 'https://kuran.diyanet.gov.tr/tefsir/Cin-suresi/5451/4-5-ayet-tefsiri', 'https://kuran.diyanet.gov.tr/tefsir/Cin-suresi/5453/6-ayet-tefsiri', 'https://kuran.diyanet.gov.tr/tefsir/Cin-suresi/5454/7-ayet-tefsiri', 'https://kuran.diyanet.gov.tr/tefsir/Cin-suresi/5455/8-10-ayet-tefsiri', 'https://kuran.diyanet.gov.tr/tefsir/Cin-suresi/5458/11-ayet-tefsiri', 'https://kuran.diyanet.gov.tr/tefsir/Cin-suresi/5459/12-13-ayet-tefsiri', 'https://kuran.diyanet.gov.tr/tefsir/Cin-suresi/5461/14-15-ayet-tefsiri', 'https://kuran.diyanet.gov.tr/tefsir/Cin-suresi/5463/16-17-ayet-tefsiri', 'https://kuran.diyanet.gov.tr/tefsir/Cin-suresi/5465/18-ayet-tefsiri', 'https://kuran.diyanet.gov.tr/tefsir/Cin-suresi/5466/19-ayet-tefsiri', 'https://kuran.diyanet.gov.tr/tefsir/Cin-suresi/5467/20-23-ayet-tefsiri', 'https://kuran.diyanet.gov.tr/tefsir/Cin-suresi/5471/24-ayet-tefsiri', 'https://kuran.diyanet.gov.tr/tefsir/Cin-suresi/5472/25-ayet-tefsiri', 'https://kuran.diyanet.gov.tr/tefsir/Cin-suresi/5473/26-28-ayet-tefsiri']"
73,"Hakkında
                    Mekke döneminde inmiştir. 20 âyettir. Sûre, adını birinci âyette geçen “elMüzzemmil”kelimesinden almıştır. Müzzemmil, örtünüp bürünen demektir.Sûrede başlıca, Hz. Peygamberin ibadet ve taat hayatı konu edilmiştir.","Nuzül
 Mushaftaki sıralamada yetmiş üçüncü, iniş sırasına göre üçüncü sûredir. Kalem sûresinden sonra, Müddessir sûresinden önce Mekke’de inmiştir; 20. âyetinin Medine’de indiğine dair bir rivayet de vardır (Kurtubî, XIX, 30). Müddessir sûresinden sonra indiği, dolayısıyla dördüncü sırada yer aldığı görüşünde olanlar da vardır (bk. İbn Âşûr, XXIX, 254; Esed, III, 1199).","Konusu
 Resûlullah’a şahsı ve peygamberliği ile ilgili bazı görevlerin verildiğini ifade eden âyetlerle başlayan sûrede daha sonra kıyamet günündeki olaylar, âhiretteki hesap ve ceza konuları anlatılmakta; son olarak da müminlerin ibadet yüklerinin hafifletildiği bildirilmektedir.",Fazileti,"['https://kuran.diyanet.gov.tr/tefsir/M%C3%BCzzemmil-suresi/5476/1-4-ayet-tefsiri', 'https://kuran.diyanet.gov.tr/tefsir/M%C3%BCzzemmil-suresi/5480/5-7-ayet-tefsiri', 'https://kuran.diyanet.gov.tr/tefsir/M%C3%BCzzemmil-suresi/5483/8-10-ayet-tefsiri', 'https://kuran.diyanet.gov.tr/tefsir/M%C3%BCzzemmil-suresi/5486/11-14-ayet-tefsiri', 'https://kuran.diyanet.gov.tr/tefsir/M%C3%BCzzemmil-suresi/5490/15-16-ayet-tefsiri', 'https://kuran.diyanet.gov.tr/tefsir/M%C3%BCzzemmil-suresi/5492/17-19-ayet-tefsiri', 'https://kuran.diyanet.gov.tr/tefsir/M%C3%BCzzemmil-suresi/5495/20-ayet-tefsiri']"
74,"Hakkında
                    Mekke döneminde inmiştir. 56 âyettir. Sûre, adını birinci âyette geçen “elMüddessir”kelimesinden almıştır. Müddessir, tıpkı bir önceki sûrenin adıolan müzzemmil gibi, örtünüp bürünen demektir. Sûrede başlıca, Hz. Peygamberintebliğ ve davetle görevlendirilmesi, müşriklerin ona karşı çıkmasıve onların cehennemle uyarılması konu edilmektedir.","Nuzül
 Mushaftaki sıralamada yetmiş dördüncü, iniş sırasına göre dördüncü sûredir. Müzzemmil sûresinden sonra, Fâtiha sûresinden önce Mekke’de inmiştir. Müzzemmil sûresinden önce indiğini söyleyenler de vardır (bk. İbn Âşûr, XXIX, 292).","Konusu
 Sûrede Hz. Peygamber’e, ilk vahyi aldığında yaşadığı heyecana rağmen dini tebliğ görevini yerine getirmesi, inkârcıları uyarması ve bu konuda karşılaşacağı sıkıntılara katlanması emredilmiştir. Kıyamet gününün sıkıntılarından söz edilmiş, Kur’an’a sihir ve beşer sözü diyerek onu reddeden müşriklerin yakıcı cehenneme sürüklenecekleri haber verilmiştir. Meleklerden ve kitap ehlinden, cehennemin görevlilerinden söz edilmiştir. Sûrede ayrıca inkârcıların cehenneme girmelerinin sebebi hakkında müminlerle aralarında geçen bir konuşmaya yer verilmiş ve inkârcıların haktan yüz çevirmelerinin sebepleri anlatılarak sûre sona ermiştir.",Fazileti,"['https://kuran.diyanet.gov.tr/tefsir/M%C3%BCddessir-suresi/5496/1-5-ayet-tefsiri', 'https://kuran.diyanet.gov.tr/tefsir/M%C3%BCddessir-suresi/5501/6-7-ayet-tefsiri', 'https://kuran.diyanet.gov.tr/tefsir/M%C3%BCddessir-suresi/5503/8-ayet-tefsiri', 'https://kuran.diyanet.gov.tr/tefsir/M%C3%BCddessir-suresi/5504/9-ayet-tefsiri', 'https://kuran.diyanet.gov.tr/tefsir/M%C3%BCddessir-suresi/5505/10-ayet-tefsiri', 'https://kuran.diyanet.gov.tr/tefsir/M%C3%BCddessir-suresi/5506/11-17-ayet-tefsiri', 'https://kuran.diyanet.gov.tr/tefsir/M%C3%BCddessir-suresi/5513/18-30-ayet-tefsiri', 'https://kuran.diyanet.gov.tr/tefsir/M%C3%BCddessir-suresi/5526/31-ayet-tefsiri', 'https://kuran.diyanet.gov.tr/tefsir/M%C3%BCddessir-suresi/5527/32-37-ayet-tefsiri', 'https://kuran.diyanet.gov.tr/tefsir/M%C3%BCddessir-suresi/5533/38-48-ayet-tefsiri', 'https://kuran.diyanet.gov.tr/tefsir/M%C3%BCddessir-suresi/5544/49-53-ayet-tefsiri', 'https://kuran.diyanet.gov.tr/tefsir/M%C3%BCddessir-suresi/5549/54-56-ayet-tefsiri']"
75,"Hakkında
                    Mekke döneminde inmiştir. 40 âyettir. Sûre, adını birinci âyetteki “el-Kıyâme”kelimesinden almıştır. Sûrede başlıca, öldükten sonra dirilme ve ceza, ölümsırasında insanın durumu ve kâfirlerin ahirette karşılaşacağı zorluklar konuedilmektedir","Nuzül
 Mushaftaki sıralamada yetmiş beşinci, iniş sırasına göre otuz birinci sûredir. Karia sûresinden sonra, Hümeze sûresinden önce Mekke’de inmiştir.","Konusu
 Allah’ın insanları yeniden diriltmeye muktedir olduğunu bildiren âyetlerle başlayan sûrede ağırlıklı olarak kıyamet koparken evrende meydana gelecek olaylar, ölmek üzere olan insanın halleri, öldükten sonra dirilme ve hesap konuları ile inkârcıların âhirette karşılaşacağı zorluklar, mutlu ve mutsuz insanların halleri ele alınmaktadır. Sûrede ayrıca vahiy esnasında Hz. Peygamber’in Cebrâil’den aldığı vahyi hâfızasına yerleştirmek için gösterdiği gayret, Allah Teâlâ’nın bu konudaki uyarıları ve âhiretin varlığını ispatlayan deliller üzerinde durulmuştur.",Fazileti,"['https://kuran.diyanet.gov.tr/tefsir/K%C4%B1y%C3%A2met-suresi/5552/1-2-ayet-tefsiri', 'https://kuran.diyanet.gov.tr/tefsir/K%C4%B1y%C3%A2met-suresi/5554/3-4-ayet-tefsiri', 'https://kuran.diyanet.gov.tr/tefsir/K%C4%B1y%C3%A2met-suresi/5556/5-6-ayet-tefsiri', 'https://kuran.diyanet.gov.tr/tefsir/K%C4%B1y%C3%A2met-suresi/5558/7-10-ayet-tefsiri', 'https://kuran.diyanet.gov.tr/tefsir/K%C4%B1y%C3%A2met-suresi/5562/11-15-ayet-tefsiri', 'https://kuran.diyanet.gov.tr/tefsir/K%C4%B1y%C3%A2met-suresi/5567/16-19-ayet-tefsiri', 'https://kuran.diyanet.gov.tr/tefsir/K%C4%B1y%C3%A2met-suresi/5571/20-25-ayet-tefsiri', 'https://kuran.diyanet.gov.tr/tefsir/K%C4%B1y%C3%A2met-suresi/5577/26-30-ayet-tefsiri', 'https://kuran.diyanet.gov.tr/tefsir/K%C4%B1y%C3%A2met-suresi/5582/31-40-ayet-tefsiri']"
76,"Hakkında
                    Medine döneminde inmiştir. 31 âyettir. Sûre, adını birinci âyetteki “insan” kelimesindenalmıştır. Aynı âyette geçen “ed-Dehr” kelimesinden dolayı Dehrsûresi diye de anılır. Dehr, zaman demektir. Sûrede başlıca, ahiret hayatıyla ilgilimeseleler ve özellikle takva sahiplerinin cennette kavuşacakları çeşitli nimetlerkonu edilmektedir.","Nuzül
 Mushaftaki sıralamada yetmiş altıncı, iniş sırasına göre doksan sekizinci sûre olup müfessirlerin çoğunluğu sûrenin tamamının Medine’de indiğini söylemişlerdir. İbn Âşûr ise Medine’de Rahmân sûresinden sonra, Talâk sûresinden önce indiğine dair rivayeti vermekle birlikte üslûp ve içeriğini dikkate alarak sûrenin Mekke’de indiğini söyleyen rivayetleri tercih eder. Bir kısmının Mekke’de bir kısmının Medine’de indiğine dair rivayet de vardır (Şevkânî, V, 397; İbn Âşûr, XXIX, 370).","Konusu
 Sûrede insanın yaratılış aşamaları, yükümlülükleri, âhirette insanlar için hazırlanmış olan nimetler ve cezalar, bunlarla karşılaşacak insanların cennet ve cehennem hayatları çok canlı ve çarpıcı bir üslûpla anlatılmakta; ayrıca Kur’an’ın Allah katından indirildiği, bir öğüt ve nasihat olduğu bildirilmekte, insanın hür ve sorumlu olması ile Allah’ın irade ve yaratma sıfatları arasındaki ince ve dengeli ilişkiye dikkat çekilmektedir.",Fazileti,"['https://kuran.diyanet.gov.tr/tefsir/%C4%B0ns%C3%A2n-suresi/5592/1-2-ayet-tefsiri', 'https://kuran.diyanet.gov.tr/tefsir/%C4%B0ns%C3%A2n-suresi/5594/3-ayet-tefsiri', 'https://kuran.diyanet.gov.tr/tefsir/%C4%B0ns%C3%A2n-suresi/5595/4-6-ayet-tefsiri', 'https://kuran.diyanet.gov.tr/tefsir/%C4%B0ns%C3%A2n-suresi/5598/7-10-ayet-tefsiri', 'https://kuran.diyanet.gov.tr/tefsir/%C4%B0ns%C3%A2n-suresi/5602/11-22-ayet-tefsiri', 'https://kuran.diyanet.gov.tr/tefsir/%C4%B0ns%C3%A2n-suresi/5614/23-24-ayet-tefsiri', 'https://kuran.diyanet.gov.tr/tefsir/%C4%B0ns%C3%A2n-suresi/5616/25-26-ayet-tefsiri', 'https://kuran.diyanet.gov.tr/tefsir/%C4%B0ns%C3%A2n-suresi/5618/27-28-ayet-tefsiri', 'https://kuran.diyanet.gov.tr/tefsir/%C4%B0ns%C3%A2n-suresi/5620/29-31-ayet-tefsiri']"
77,"Hakkında
                    Mekke döneminde inmiştir. 50 âyettir. Sûre, adını birinci âyette geçen “elMürselât”kelimesinden almıştır. Mürselât, gönderilenler demektir. Sûredebaşlıca, kıyametin, hesap ve azabın gerçekleşeceği, Allah’ın kudreti vegünahkârların akıbeti konu edilmektedir.","Nuzül
 Mushaftaki sıralamada yetmiş yedinci, iniş sırasına göre otuz üçüncü sûredir. Hümeze sûresinden sonra, Kaf sûresinden önce Mekke’de inmiştir. 48. âyetinin Medine’de indiğine dair rivayet de vardır (Şevkânî, V, 411; İbn Âşûr, XXIX, 418).","Konusu
 Sûrede ağırlıklı olarak Allah’ın varlığı, birliği, kudreti, melekler, kıyamet, öldükten sonra dirilme, âhiret hayatı ve orada müminler için hazırlanmış olan nimetler, suçlulara verilecek cezalar ve gayb âlemi gibi itikadî konular canlı ve eğitici bir üslûp içinde ele alınmaktadır.",Fazileti,"['https://kuran.diyanet.gov.tr/tefsir/M%C3%BCrsel%C3%A2t-suresi/5623/1-6-ayet-tefsiri', 'https://kuran.diyanet.gov.tr/tefsir/M%C3%BCrsel%C3%A2t-suresi/5629/7-15-ayet-tefsiri', 'https://kuran.diyanet.gov.tr/tefsir/M%C3%BCrsel%C3%A2t-suresi/5638/16-19-ayet-tefsiri', 'https://kuran.diyanet.gov.tr/tefsir/M%C3%BCrsel%C3%A2t-suresi/5642/20-24-ayet-tefsiri', 'https://kuran.diyanet.gov.tr/tefsir/M%C3%BCrsel%C3%A2t-suresi/5647/25-28-ayet-tefsiri', 'https://kuran.diyanet.gov.tr/tefsir/M%C3%BCrsel%C3%A2t-suresi/5651/29-34-ayet-tefsiri', 'https://kuran.diyanet.gov.tr/tefsir/M%C3%BCrsel%C3%A2t-suresi/5657/35-37-ayet-tefsiri', 'https://kuran.diyanet.gov.tr/tefsir/M%C3%BCrsel%C3%A2t-suresi/5660/38-40-ayet-tefsiri', 'https://kuran.diyanet.gov.tr/tefsir/M%C3%BCrsel%C3%A2t-suresi/5663/41-45-ayet-tefsiri', 'https://kuran.diyanet.gov.tr/tefsir/M%C3%BCrsel%C3%A2t-suresi/5668/46-47-ayet-tefsiri', 'https://kuran.diyanet.gov.tr/tefsir/M%C3%BCrsel%C3%A2t-suresi/5670/48-ayet-tefsiri', 'https://kuran.diyanet.gov.tr/tefsir/M%C3%BCrsel%C3%A2t-suresi/5671/49-ayet-tefsiri', 'https://kuran.diyanet.gov.tr/tefsir/M%C3%BCrsel%C3%A2t-suresi/5672/50-ayet-tefsiri']"
78,"Hakkında
                    Mekke döneminde inmiştir. 40 âyettir. Sûre, adını ikinci âyette geçen “enNebe’”kelimesinden almıştır. Nebe’, haber demektir. Sûrede, ölüm ötesi hayatınvarlığını ispat çerçevesinde, kıyamet, öldükten sonra dirilme ve hesap için toplanma konularına yer verilmektedir.","Nuzül
 Mushaftaki sıralamada yetmiş sekizinci, iniş sırasına göre sekseninci sûredir. Meâric sûresinden sonra, Nâziât sûresinden önce Mekke’de inmiştir.","Konusu
 Sûrede ağırlıklı olarak Allah’ın insanlığa çeşitli lütufları, kıyamet, öldükten sonra dirilme, hesap, ceza ve mükâfat konuları ele alınmış, Allah’ın varlık ve kudretini gösteren deliller ile melekler konusuna da yer verilmiştir.",Fazileti,"['https://kuran.diyanet.gov.tr/tefsir/Nebe-suresi/5673/1-5-ayet-tefsiri', 'https://kuran.diyanet.gov.tr/tefsir/Nebe-suresi/5678/6-11-ayet-tefsiri', 'https://kuran.diyanet.gov.tr/tefsir/Nebe-suresi/5684/12-16-ayet-tefsiri', 'https://kuran.diyanet.gov.tr/tefsir/Nebe-suresi/5689/17-20-ayet-tefsiri', 'https://kuran.diyanet.gov.tr/tefsir/Nebe-suresi/5693/21-28-ayet-tefsiri', 'https://kuran.diyanet.gov.tr/tefsir/Nebe-suresi/5701/29-30-ayet-tefsiri', 'https://kuran.diyanet.gov.tr/tefsir/Nebe-suresi/5703/31-36-ayet-tefsiri', 'https://kuran.diyanet.gov.tr/tefsir/Nebe-suresi/5709/37-38-ayet-tefsiri', 'https://kuran.diyanet.gov.tr/tefsir/Nebe-suresi/5711/39-40-ayet-tefsiri']"
79,"Hakkında
                    Mekke döneminde inmiştir. 46 âyettir. Sûre, adını birinci âyetteki “en-Nâzi’ât”kelimesinden almıştır. Nâzi’ât burada, “ruhları çekip alan melekler” demektir.Sûrede başlıca, tevhit, peygamberlik, öldükten sonra dirilme ve hesap konuedilmektedir.","Nuzül
 Mushaftaki sıralamada yetmiş dokuzuncu, iniş sırasına göre seksen birinci sûredir. Nebe’ sûresinden sonra, İnfitâr sûresinden önce Mekke’de inmiştir.","Konusu
 Sûrede ağırlıklı olarak kıyamet halleri, hesap, ceza ve mükâfat konuları, Allah’ın birliği, peygamberlik ve öldükten sonra dirilme gibi inanç esasları ele alınmış; bu arada Hz. Mûsâ ve Firavun kıssasından bir kesite yer verilmiştir.",Fazileti,"['https://kuran.diyanet.gov.tr/tefsir/Nazi%C3%A2t-suresi/5713/1-5-ayet-tefsiri', 'https://kuran.diyanet.gov.tr/tefsir/Nazi%C3%A2t-suresi/5718/6-9-ayet-tefsiri', 'https://kuran.diyanet.gov.tr/tefsir/Nazi%C3%A2t-suresi/5722/10-14-ayet-tefsiri', 'https://kuran.diyanet.gov.tr/tefsir/Nazi%C3%A2t-suresi/5727/15-26-ayet-tefsiri', 'https://kuran.diyanet.gov.tr/tefsir/Nazi%C3%A2t-suresi/5739/27-33-ayet-tefsiri', 'https://kuran.diyanet.gov.tr/tefsir/Nazi%C3%A2t-suresi/5746/34-36-ayet-tefsiri', 'https://kuran.diyanet.gov.tr/tefsir/Nazi%C3%A2t-suresi/5749/37-41-ayet-tefsiri', 'https://kuran.diyanet.gov.tr/tefsir/Nazi%C3%A2t-suresi/5754/42-45-ayet-tefsiri', 'https://kuran.diyanet.gov.tr/tefsir/Nazi%C3%A2t-suresi/5758/46-ayet-tefsiri']"
80,"Hakkında
                    Mekke döneminde inmiştir. 42 âyettir. Sûre, adını birinci âyetteki “abese” fiilindenalmıştır. “Abese”, “yüzünü ekşitti” demektir. Sûrede başlıca, itikat, peygamberlik,Allah’ın kudreti ve kıyamet hâlleri konu edilmektedir","Nuzül
 Mushaftaki sıralamada sekseninci, iniş sırasına göre yirmi dördüncü sûredir. Necm sûresinden sonra, Kadir sûresinden önce Mekke’de inmiştir. Rivayete göre bir gün Hz. Peygamber müşriklerin ileri gelenlerinden birine dini anlatırken yanlarına müminlerden görme engelli Abdullah İbn Ümmü Mektûm gelmiş ve Hz. Peygamber’e yaklaşarak Kur’an âyetlerinden bir kısmını kendisine tekrarlamasını veya onları açıklamasını istemişti. Etkisi azalacağı için konuşmasının kesilmesinden huzursuz olan Hz. Peygamber Abdullah’a ilgi göstermemiş, bunun üzerine bu sûrenin Resûlullah’ı uyaran ilk on âyeti inmiştir (Tirmizî, “Tefsîr”, 73; Taberî, XXX, 32-33).","Konusu
 Abdullah İbn Ümmü Mektûm olayını hatırlatan ve bu konuda Hz. Peygamber’in uyarıldığı âyetlerle başlayan sûrede daha sonra kıyamet, öldükten sonra dirilme, vahiy ve peygamberlik konuları üzerinde durulmuştur.",Fazileti,"['https://kuran.diyanet.gov.tr/tefsir/Abese-suresi/5759/1-10-ayet-tefsiri', 'https://kuran.diyanet.gov.tr/tefsir/Abese-suresi/5769/11-12-ayet-tefsiri', 'https://kuran.diyanet.gov.tr/tefsir/Abese-suresi/5771/13-16-ayet-tefsiri', 'https://kuran.diyanet.gov.tr/tefsir/Abese-suresi/5775/17-23-ayet-tefsiri', 'https://kuran.diyanet.gov.tr/tefsir/Abese-suresi/5782/24-32-ayet-tefsiri', 'https://kuran.diyanet.gov.tr/tefsir/Abese-suresi/5791/33-42-ayet-tefsiri']"
81,"Hakkında
                    Mekke döneminde inmiştir. 29 âyettir. Sûre, adını birinci âyette geçen “küvviret”fiilinin mastarından almıştır. Tekvîr, dürmek demektir. Sûrede başlıca, kıyamet, vahiy ve peygamberlik konuları ele alınmaktadır.","Nuzül
 Mushaftaki sıralamada seksen birinci, iniş sırasına göre yedinci sûredir. Tebbet sûresinden sonra, A‘lâ sûresinden önce Mekke’de inmiştir.","Konusu
 Sûrede kıyametin dehşet verici bazı ayrıntıları ile vahiy ve peygamberlik gerçeği üzerinde durulmaktadır.",Fazileti,"['https://kuran.diyanet.gov.tr/tefsir/Tekv%C3%AEr-suresi/5801/1-13-ayet-tefsiri', 'https://kuran.diyanet.gov.tr/tefsir/Tekv%C3%AEr-suresi/5814/14-ayet-tefsiri', 'https://kuran.diyanet.gov.tr/tefsir/Tekv%C3%AEr-suresi/5815/15-21-ayet-tefsiri', 'https://kuran.diyanet.gov.tr/tefsir/Tekv%C3%AEr-suresi/5822/22-26-ayet-tefsiri', 'https://kuran.diyanet.gov.tr/tefsir/Tekv%C3%AEr-suresi/5827/27-29-ayet-tefsiri']"
82,"Hakkında
                    Mekke döneminde inmiştir. 19 âyettir. Sûre, adını birinci âyetteki “infetarat”fiilinin mastarından almıştır. İnfitâr, yarılmak demektir.","Nuzül
 Hem mushaftaki sıralamada hem de iniş sırasına göre seksen ikinci sûredir. Nâziât sûresinden sonra, İnşikak sûresinden önce Mekke’de inmiştir.","Konusu
 Sûrede kıyamet koparken evrende meydana gelecek olan değişim ve bazı dehşet verici olaylar, öldükten sonra dirilme, mahşerde hesap verme ve itaatkâr kulların varacakları cennetle isyankâr kulların gideceği cehennem gibi konular yer almaktadır.",Fazileti,"['https://kuran.diyanet.gov.tr/tefsir/%C4%B0nfit%C3%A2r-suresi/5830/1-5-ayet-tefsiri', 'https://kuran.diyanet.gov.tr/tefsir/%C4%B0nfit%C3%A2r-suresi/5835/6-8-ayet-tefsiri', 'https://kuran.diyanet.gov.tr/tefsir/%C4%B0nfit%C3%A2r-suresi/5838/9-12-ayet-tefsiri', 'https://kuran.diyanet.gov.tr/tefsir/%C4%B0nfit%C3%A2r-suresi/5842/13-16-ayet-tefsiri', 'https://kuran.diyanet.gov.tr/tefsir/%C4%B0nfit%C3%A2r-suresi/5846/17-19-ayet-tefsiri']"
83,"Hakkında
                    Mekke döneminde inmiştir. 36 âyettir. Sûre, adını ilk âyette geçen “elMutaffifîn”kelimesinden almıştır. Mutaffifîn, ölçüde ve tartıda hile yapanlardemektir.","Nuzül
 Mushaftaki sıralamada seksen üçüncü, iniş sırasına göre seksen altıncı sûredir. Ankebût sûresinden sonra, Bakara sûresinden önce Mekke’de inmiştir; Mekke döneminde inen son sûredir. Medine’de ilk inen sûre olduğuna veya bir kısmının Mekke’de bir kısmının ise Medine’de indiğine dair rivayetler de vardır (bk. Şevkânî, V, 461; İbn Âşûr, XXX, 187).","Konusu
 Sûrede ölçü ve tartıda dürüstlükten sapanlar eleştirildikten sonra âhireti ve uhrevî sorumluluğu inkâr eden günahkârların âhirette göreceği cezalar ve iyilerin nâil olacağı mükâfatlar özetlenmekte; dünyada müminlerle alay eden inkârcıların âhirette asıl kendilerinin gülünç duruma düşecekleri anlatılmaktadır.",Fazileti,"['https://kuran.diyanet.gov.tr/tefsir/Mutaffif%C3%AEn-suresi/5849/1-6-ayet-tefsiri', 'https://kuran.diyanet.gov.tr/tefsir/Mutaffif%C3%AEn-suresi/5855/7-17-ayet-tefsiri', 'https://kuran.diyanet.gov.tr/tefsir/Mutaffif%C3%AEn-suresi/5866/18-21-ayet-tefsiri', 'https://kuran.diyanet.gov.tr/tefsir/Mutaffif%C3%AEn-suresi/5870/22-28-ayet-tefsiri', 'https://kuran.diyanet.gov.tr/tefsir/Mutaffif%C3%AEn-suresi/5877/29-36-ayet-tefsiri']"
84,"Hakkında
                    Mekke döneminde inmiştir. 25 âyettir. Sûre, adını birinci âyette geçen “inşakka” fiilinin mastarı olan “İnşikâk” kelimesinden almıştır. İnşikâk, yarılmakdemektir","Nuzül
 Mushaftaki sıralamada seksen dördüncü, iniş sırasına göre seksen üçüncü sûredir. İnfitâr sûresinden sonra, Rûm sûresinden önce Mekke’de inmiştir.","Konusu
 Bu sûrede de kıyametin kopması, onun ardından gerçekleşecek olan uhrevî hesap, insanların iman ve amellerine uygun olarak yargılanmaları, ceza veya ödül gibi konular etkili bir üslûpla anlatılmaktadır.",Fazileti,"['https://kuran.diyanet.gov.tr/tefsir/%C4%B0n%C5%9Fik%C3%A2k-suresi/5885/1-5-ayet-tefsiri', 'https://kuran.diyanet.gov.tr/tefsir/%C4%B0n%C5%9Fik%C3%A2k-suresi/5890/6-ayet-tefsiri', 'https://kuran.diyanet.gov.tr/tefsir/%C4%B0n%C5%9Fik%C3%A2k-suresi/5891/7-ayet-tefsiri', 'https://kuran.diyanet.gov.tr/tefsir/%C4%B0n%C5%9Fik%C3%A2k-suresi/5892/8-ayet-tefsiri', 'https://kuran.diyanet.gov.tr/tefsir/%C4%B0n%C5%9Fik%C3%A2k-suresi/5893/9-ayet-tefsiri', 'https://kuran.diyanet.gov.tr/tefsir/%C4%B0n%C5%9Fik%C3%A2k-suresi/5894/10-ayet-tefsiri', 'https://kuran.diyanet.gov.tr/tefsir/%C4%B0n%C5%9Fik%C3%A2k-suresi/5895/11-ayet-tefsiri', 'https://kuran.diyanet.gov.tr/tefsir/%C4%B0n%C5%9Fik%C3%A2k-suresi/5896/12-ayet-tefsiri', 'https://kuran.diyanet.gov.tr/tefsir/%C4%B0n%C5%9Fik%C3%A2k-suresi/5897/13-ayet-tefsiri', 'https://kuran.diyanet.gov.tr/tefsir/%C4%B0n%C5%9Fik%C3%A2k-suresi/5898/14-ayet-tefsiri', 'https://kuran.diyanet.gov.tr/tefsir/%C4%B0n%C5%9Fik%C3%A2k-suresi/5899/15-ayet-tefsiri', 'https://kuran.diyanet.gov.tr/tefsir/%C4%B0n%C5%9Fik%C3%A2k-suresi/5900/16-25-ayet-tefsiri']"
85,"Hakkında
                    Mekke döneminde inmiştir. 22 âyettir. Sûre, adını birinci âyetteki “el-Bürûc”kelimesinden almıştır. Bürûc, burçlar demektir.","Nuzül
 Mushaftaki sıralamada seksen beşinci, iniş sırasına göre yirmi yedinci sûredir. Şems sûresinden sonra, Tîn sûresinden önce Mekke’de inmiştir.","Konusu
 Sûrenin ana konusu kendilerine “ashâbü’l-uhdûd” (hendek topluluğu) denilen inkârcıların, inançlı insanlara inançları sebebiyle yaptıkları işkenceler ve müminlerin inançları uğrunda bunlara karşı gösterdikleri sabır ve dirençtir. Ayrıca inkârcıların âhiretteki kötü âkıbetleri ve inananların mutlu sonları, Allah’ın bazı sıfatları hakkında kısa açıklamalar yer almaktadır.",Fazileti,"['https://kuran.diyanet.gov.tr/tefsir/Bur%C3%BBc-suresi/5910/1-10-ayet-tefsiri', 'https://kuran.diyanet.gov.tr/tefsir/Bur%C3%BBc-suresi/5920/11-12-ayet-tefsiri', 'https://kuran.diyanet.gov.tr/tefsir/Bur%C3%BBc-suresi/5922/13-16-ayet-tefsiri', 'https://kuran.diyanet.gov.tr/tefsir/Bur%C3%BBc-suresi/5926/17-20-ayet-tefsiri', 'https://kuran.diyanet.gov.tr/tefsir/Bur%C3%BBc-suresi/5930/21-22-ayet-tefsiri']"
86,"Hakkında
                    Mekke döneminde inmiştir. 17 âyettir. Sûre, adını birinci âyetteki “et-Târık”kelimesinden almıştır. Târık, şiddetle çarpan, vuran, gece gelen şey demektir.","Nuzül
 Mushaftaki sıralamada seksen altıncı, iniş sırasına göre otuz altıncı sûredir. Beled sûresinden sonra, Kamer sûresinden önce Mekke’de inmiştir.","Konusu
 Sûrede insanın yaratılışı, yapıp ettiklerinin kaydedildiği, öldükten sonra dirilmesi, Kur’an’ın muhtevasının ciddiyet ve önemi, inkârcıların tuzaklarının er geç bozulacağı gibi konulara yer veril­miştir.",Fazileti,"['https://kuran.diyanet.gov.tr/tefsir/T%C3%A2r%C4%B1k-suresi/5932/1-4-ayet-tefsiri', 'https://kuran.diyanet.gov.tr/tefsir/T%C3%A2r%C4%B1k-suresi/5936/5-8-ayet-tefsiri', 'https://kuran.diyanet.gov.tr/tefsir/T%C3%A2r%C4%B1k-suresi/5940/9-10-ayet-tefsiri', 'https://kuran.diyanet.gov.tr/tefsir/T%C3%A2r%C4%B1k-suresi/5942/11-14-ayet-tefsiri', 'https://kuran.diyanet.gov.tr/tefsir/T%C3%A2r%C4%B1k-suresi/5946/15-17-ayet-tefsiri']"
87,"Hakkında
                    Mekke döneminde inmiştir. 19 âyettir. Sûre, adını birinci âyette yer alan ve AllahTeâlâ’yı niteleyen “el-A’lâ” kelimesinden almıştır. A’lâ, en yüce demektir.","Nuzül
 Mushaftaki sıralamada seksen yedinci, iniş sırasına göre sekizinci sûredir. Tekvîr sûresinden sonra, Leyl sûresinden önce Mekke’de inmiştir. Medine’de indiğine dair rivayet de vardır (Şevkânî, V, 492).","Konusu
 Sûrede Allah, vahiy ve Kur’an, peygamber ve tebliğ görevi, tebliğ karşısında insanların takındıkları farklı tavırlar ve bunun ebedî hayattaki sonuçları ele alınmıştır.","Fazileti
 Kaynaklarda, Hz. Peygamber’in A‘lâ sûresini okumaktan büyük tat aldığı; özellikle vitir, bayram ve cuma namazlarında onu okuduğu bildirilmektedir (bk. İbn Kesîr, VIII, 399-400; Emin Işık, “A‘lâ Sûresi”, DİA, II, 310-311).","[""https://kuran.diyanet.gov.tr/tefsir/A'l%C3%A2-suresi/5949/1-5-ayet-tefsiri"", ""https://kuran.diyanet.gov.tr/tefsir/A'l%C3%A2-suresi/5954/6-8-ayet-tefsiri"", ""https://kuran.diyanet.gov.tr/tefsir/A'l%C3%A2-suresi/5957/9-15-ayet-tefsiri"", ""https://kuran.diyanet.gov.tr/tefsir/A'l%C3%A2-suresi/5964/16-17-ayet-tefsiri"", ""https://kuran.diyanet.gov.tr/tefsir/A'l%C3%A2-suresi/5966/18-19-ayet-tefsiri""]"
88,"Hakkında
                    Mekke döneminde inmiştir. 26 âyettir. Sûre, adını birinci âyetteki “el-Gâşiye”kelimesinden almıştır. Ğâşiye, kaplayıp bürüyen demektir.","Nuzül
 Mushaftaki sıralamada seksen sekizinci, iniş sırasına göre altmış sekizinci sûredir. Zâriyât sûresinden sonra, Kehf sûresinden önce Mekke’de inmiştir.","Konusu
 Sûrede cehennemliklerle cennetliklerin âhiretteki durumları tasvir edilmekte, Allah’ın varlığına dair deliller sıralanmakta, tebliğ yöntemi öğretilmektedir.",Fazileti,"['https://kuran.diyanet.gov.tr/tefsir/G%C3%A2%C5%9Fiye-suresi/5968/1-7-ayet-tefsiri', 'https://kuran.diyanet.gov.tr/tefsir/G%C3%A2%C5%9Fiye-suresi/5975/8-11-ayet-tefsiri', 'https://kuran.diyanet.gov.tr/tefsir/G%C3%A2%C5%9Fiye-suresi/5979/12-16-ayet-tefsiri', 'https://kuran.diyanet.gov.tr/tefsir/G%C3%A2%C5%9Fiye-suresi/5984/17-ayet-tefsiri', 'https://kuran.diyanet.gov.tr/tefsir/G%C3%A2%C5%9Fiye-suresi/5985/18-ayet-tefsiri', 'https://kuran.diyanet.gov.tr/tefsir/G%C3%A2%C5%9Fiye-suresi/5986/19-ayet-tefsiri', 'https://kuran.diyanet.gov.tr/tefsir/G%C3%A2%C5%9Fiye-suresi/5987/20-ayet-tefsiri', 'https://kuran.diyanet.gov.tr/tefsir/G%C3%A2%C5%9Fiye-suresi/5988/21-24-ayet-tefsiri', 'https://kuran.diyanet.gov.tr/tefsir/G%C3%A2%C5%9Fiye-suresi/5992/25-26-ayet-tefsiri']"
89,"Hakkında
                    Mekke döneminde inmiştir. 30 âyettir. Sûre, adını birinci âyetteki “el-Fecr”kelimesinden almıştır. Fecr, tan yerinin ağarması vakti demektir","Nuzül
 Mushaftaki sıralamada seksen dokuzuncu, iniş sırasına göre onuncu sûredir. Leyl sûresinden sonra, Duhâ sûresinden önce Mekke’de inmiştir.","Konusu
 Sûrede peygamberlere karşı çıkan ve ilâhî mesajı reddeden bazı eski toplulukların başlarına gelen felâketler hatırlatılmakta; Allah Teâlâ’nın insanı çeşitli yollarla imtihan etmesine değinilmekte, bazı insanlardaki mal tutkusu ve bencillik duygusu eleştirilmekte; kıyamet halleri, iyi ve kötü insanların âhiretteki durumları anlatılarak insanlar uyarılmaktadır.",Fazileti,"['https://kuran.diyanet.gov.tr/tefsir/Fecr-suresi/5994/1-5-ayet-tefsiri', 'https://kuran.diyanet.gov.tr/tefsir/Fecr-suresi/5999/6-14-ayet-tefsiri', 'https://kuran.diyanet.gov.tr/tefsir/Fecr-suresi/6008/15-20-ayet-tefsiri', 'https://kuran.diyanet.gov.tr/tefsir/Fecr-suresi/6014/21-26-ayet-tefsiri', 'https://kuran.diyanet.gov.tr/tefsir/Fecr-suresi/6020/27-30-ayet-tefsiri']"
90,"Hakkında
                    Mekke döneminde inmiştir. 20 âyettir. Sûre, adını ilk âyetteki “el-Beled” kelimesindenalmıştır. Beled, şehir, belde demektir","Nuzül
 Mushaftaki sıralamada doksanıncı, iniş sırasına göre otuz beşinci sûredir. Kaf sûresinden sonra, Târık sûresinden önce Mekke’de inmiştir.","Konusu
 Sûrede bazı önemli varlıklara yemin edilerek insanın yaratılıp hayat mücadelesi içine sokulduğu, gücüne ve servetine güvenerek Allah’a karşı gelenlerin aldandığı, insana maddî ve mânevî birtakım nimetlerin verildiği, hayır ve şer yollarının gösterildiği anlatılmaktadır. Ayrıca yardımlaşma, iman ve sabır konuları ele alınarak bu konularda müminlerle inkârcılar arasında kısa bir karşılaştırma yapılmıştır.",Fazileti,"['https://kuran.diyanet.gov.tr/tefsir/Beled-suresi/6024/1-4-ayet-tefsiri', 'https://kuran.diyanet.gov.tr/tefsir/Beled-suresi/6028/5-7-ayet-tefsiri', 'https://kuran.diyanet.gov.tr/tefsir/Beled-suresi/6031/8-20-ayet-tefsiri']"
91,"Hakkında
                    Mekke döneminde inmiştir. 15 âyettir. Sûre, adını birinci âyetteki “eş-Şems”kelimesinden almıştır. Şems, güneş demektir","Nuzül
 Mushaftaki sıralamada doksan birinci, iniş sırasına göre yirmi altıncı sûredir. Kadir sûresinden sonra, Burûc sûresinden önce Mekke’de inmiştir.","Konusu
 Sûrede bazı önemli kozmik varlıklara ve olaylara yemin edilerek insan tabiatına hem iyilik hem kötülük eğilimlerinin yerleştirildiği bildirilmiş; bu eğilimlerini doğru kullanmayanların akıbetine örnek olmak üzere Semûd kavminin helâk edilişi anlatılmıştır.",Fazileti,"['https://kuran.diyanet.gov.tr/tefsir/%C5%9Eems-suresi/6044/1-10-ayet-tefsiri', 'https://kuran.diyanet.gov.tr/tefsir/%C5%9Eems-suresi/6054/11-15-ayet-tefsiri']"
92,"Hakkında
                    Mekke döneminde inmiştir. 21 âyettir. Leyl, gece demektir","Nuzül
 Mushaftaki sıralamada doksan ikinci, iniş sırasına göre dokuzuncu sûredir. A‘lâ sûresinden sonra, Fecr sûresinden önce Mekke’de inmiştir.","Konusu
 Sûrede insanoğlunun iki zıt huyundan, cömertlik ve cimrilikten bahsedilir; imanla cömertlik ve imansızlıkla cimrilik arasındaki ilişkiye dikkat çekilir.",Fazileti,"['https://kuran.diyanet.gov.tr/tefsir/Leyl-suresi/6059/1-4-ayet-tefsiri', 'https://kuran.diyanet.gov.tr/tefsir/Leyl-suresi/6063/5-7-ayet-tefsiri', 'https://kuran.diyanet.gov.tr/tefsir/Leyl-suresi/6066/8-11-ayet-tefsiri', 'https://kuran.diyanet.gov.tr/tefsir/Leyl-suresi/6070/12-13-ayet-tefsiri', 'https://kuran.diyanet.gov.tr/tefsir/Leyl-suresi/6072/14-16-ayet-tefsiri', 'https://kuran.diyanet.gov.tr/tefsir/Leyl-suresi/6075/17-21-ayet-tefsiri']"
93,"Hakkında
                    Mekke döneminde inmiştir. 11 âyettir. Duhâ, kuşluk vakti demektir","Nuzül
 Mushaftaki sıralamada doksan üçüncü, iniş sırasına göre on birinci sûredir. Fecr sûresinden sonra, İnşirâh sûresinden önce Mekke’de inmiştir. Rivayete göre Fecr sûresinin inişinden sonra öncekine nisbetle daha kısa bir süre vahiy kesilmiş, müşrikler bu olayı kullanarak Hz. Peygamber’e, “Herhalde rabbin sana darıldı ve seni terketti” demişlerdi. Bu sözlerden dolayı Hz. Peygamber’in duyduğu üzüntü üzerine bu sûre inmiştir (Taberî, XXX, 148).Bizim iniş sıralamasında esas aldığımız bu rivayet dışında, Duhâ sûresinin iniş tarihine dair başka rivayetler de vardır: 1. İlk vahiyden (Alâk ve Müddessir sûrelerinin ilk âyetlerinden) sonra uzunca bir süre vahiy kesilmiş, tekrar başladığında ilk olarak Duhâ sûresi gelmiştir. 2. Necm sûresinde geçen “Cebrâil”i bütün azametiyle görme ve ona iyice yaklaşma” sonucu Hz. Peygamber’de oluşan heyecan ve sarsıntı yatışsın diye bir süre vahiy kesilmiş, sonra Duhâ sûresi gelmiştir (İbn Kesîr, VIII, 287-288, 445-446; Şevkânî, V, 378). Vahyin mâkul sebeplerle kesilip araya fâsılaların girmesi her seferinde muhaliflerin dedikodu yapmalarına vesile olmuş, Allah da bu sûreyi göndererek resulünü teselli etmiştir.","Konusu
 Müşriklerin üzücü söz ve davranışlarına karşı bir teselli olmak üzere Hz. Peygamber’e, yüce Allah’ın himayesi sayesinde çocukluğundan itibaren nice güçlükleri aşarak bugünlere geldiği hatırlatılmakta ve kendisinin de yetime, yoksula iyi davranması emredilmektedir.",Fazileti,"['https://kuran.diyanet.gov.tr/tefsir/Duh%C3%A2-suresi/6080/1-3-ayet-tefsiri', 'https://kuran.diyanet.gov.tr/tefsir/Duh%C3%A2-suresi/6083/4-5-ayet-tefsiri', 'https://kuran.diyanet.gov.tr/tefsir/Duh%C3%A2-suresi/6085/6-8-ayet-tefsiri', 'https://kuran.diyanet.gov.tr/tefsir/Duh%C3%A2-suresi/6088/9-11-ayet-tefsiri']"
94,"Hakkında
                    Mekke döneminde inmiştir. 8 âyettir. İnşirah, açılmak, genişlemek demektir.","Nuzül
 Mushaftaki sıralamada doksan dördüncü, iniş sırasına göre on ikinci sûredir. Duhâ sûresinden sonra, Asr sûresinden önce Mekke’de inmiştir.","Konusu
 Sûrede Yüce Allah’ın Hz. Peygamber’e mânevî lütufları özetlenmekte, her güçlükle birlikte mutlaka bir kolaylığın olduğu bildirilerek Mekke’de putperestlerin baskısı yüzünden sıkıntı çeken Resûlullah ile müslümanlara teselli ve ümit verilmekte; onlardan Allah’a ibadet ve itaatlerini sürdürmeleri istenmektedir.",Fazileti,"['https://kuran.diyanet.gov.tr/tefsir/%C4%B0n%C5%9Fir%C3%A2h-suresi/6091/1-4-ayet-tefsiri', 'https://kuran.diyanet.gov.tr/tefsir/%C4%B0n%C5%9Fir%C3%A2h-suresi/6095/5-8-ayet-tefsiri']"
95,"Hakkında
                    Mekke döneminde inmiştir. 8 âyettir. Tîn, incir demektir","Nuzül
 Mushaftaki sıralamada doksan beşinci, iniş sırasına göre yirmi sekizinci sûredir. Burûc sûresinden sonra, Kureyş sûresinden önce Mekke’de inmiştir.","Konusu
 Sûrede bazı önemli varlıklar üzerine yemin edilerek insanın yüksek değeri vurgulanmış, kötü ahlâkın bu değeri düşürdüğü ifade edilmiştir. İman edip iyi işler yapanlar övülmüş, hesap ve cezayı yalan sayanlar kınanmış, hüküm verenlerin en üstününün Allah olduğu bildiril­miştir.",Fazileti,"['https://kuran.diyanet.gov.tr/tefsir/T%C3%AEn-suresi/6099/1-4-ayet-tefsiri', 'https://kuran.diyanet.gov.tr/tefsir/T%C3%AEn-suresi/6103/5-6-ayet-tefsiri', 'https://kuran.diyanet.gov.tr/tefsir/T%C3%AEn-suresi/6105/7-ayet-tefsiri', 'https://kuran.diyanet.gov.tr/tefsir/T%C3%AEn-suresi/6106/8-ayet-tefsiri']"
96,"Hakkında
                    Mekke döneminde inmiştir. 19 âyettir. Sûre, adını ikinci âyette geçen “alak”kelimesinden almıştır.","Nuzül
 Mushaftaki sıralamada doksan altıncı, iniş sırasına göre birinci sûredir. Kalem sûresinden önce Mekke’de inmiştir. Baştan beş veya sekiz âyeti Hz. Peygamber’e gelen ilk vahiy olduğundan ilk inen sûre kabul edilir. Geri kalan kısmının ise sonraları Ebû Cehil hakkında indiği rivayet edilmiştir. Bazı Kur’an tarihçileri ilk inen sûrenin Müddessir, bazıları da Fâtiha olduğunu ileri sürmüşlerdir.Buhârî ve Müslim’de Hz. Âişe’ye isnad edilen rivayete göre Hz. Peygamber, içinde yalnız kalmayı âdet edindiği Hira mağarasında iken Ramazan ayının 27. gecesi (Pazar-Pazartesi) tan yerinin ağarmaya başlamasından az önce ufukta nurdan bir şekil görmüş; o zamana kadar hiç karşılaşmadığı bu nuranî varlığın (Cebrâil) kendisine seslendiğini duymuştur. Hz. Peygamber olayı şöyle anlatır: “Melek bana okumamı emretti. Kendisine okuma bilmediğimi söyledim. Beni kollarının arasına alıp kuvvetle sıktı; sonra ‘oku!’ dedi. Ben yine, ‘Okuma bilmem’ dedim. Beni tekrar kollarının arasına aldı, kuvvetle sıktı ve ‘oku!’ diye tekrar etti. Ben yine ‘Okuma bilmem’ dedim. Üçüncü defa kollarının arasına alıp daha kuvvetlice sıktıktan sonra bıraktı ve şöyle dedi: ‘Yaratan rabbinin adıyla oku; O, insanı alaktan (asılıp tutunan zigottan) yarattı. Oku! Rabbin sonsuz kerem sahibidir. O, kalemle (yazmayı) öğretendir. İnsana bilmediklerini öğretmiştir” (bk. Buhârî, “Bed’ü’l-vahy”, 3; Müslim, “Îmân”, 252).","Konusu
 Sûrede okumanın önemi vurgulanmakta, insanın neden yara­tıldığına dikkat çekilmekte, kendini kendine yeterli görüp nankörlük eden insanın taşkınlığı ve bunun acı sonuçları anlatılmaktadır.",Fazileti,"['https://kuran.diyanet.gov.tr/tefsir/Alak-suresi/6107/1-5-ayet-tefsiri', 'https://kuran.diyanet.gov.tr/tefsir/Alak-suresi/6112/6-7-ayet-tefsiri', 'https://kuran.diyanet.gov.tr/tefsir/Alak-suresi/6114/8-ayet-tefsiri', 'https://kuran.diyanet.gov.tr/tefsir/Alak-suresi/6115/9-14-ayet-tefsiri', 'https://kuran.diyanet.gov.tr/tefsir/Alak-suresi/6121/15-16-ayet-tefsiri', 'https://kuran.diyanet.gov.tr/tefsir/Alak-suresi/6123/17-19-ayet-tefsiri']"
97,"Hakkında
                    Mekke döneminde inmiştir. 5 âyettir. Sûre, Kadir gecesini anlattığı için bu adıalmıştır. Kadr, azamet ve şeref demektir.","Nuzül
 Mushaftaki sıralamada doksan yedinci, iniş sırasına göre yirmi beşinci sûredir. Abese sûresinden sonra, Şems sûresinden önce Mekke’de inmiştir. Bir rivayete göre müfessirlerin çoğu Medine’de indiğini söylemişlerdir (bk. Şevkânî, V, 554).","Konusu
 Kur’an’ın Kadir gecesinde indirildiği bildirilmekte ve bu gecenin önemi anlatılmaktadır.",Fazileti,"['https://kuran.diyanet.gov.tr/tefsir/Kadir-suresi/6126/1-3-ayet-tefsiri', 'https://kuran.diyanet.gov.tr/tefsir/Kadir-suresi/6129/4-5-ayet-tefsiri']"
98,"Hakkında
                    Medine döneminde inmiştir. 8 âyettir. Beyyine, apaçık delil demektir.","Nuzül
 Mushaftaki sıralamada doksan sekizinci, iniş sırasına göre yüzüncü sûredir. Talâk sûresinden sonra, Haşr sûresinden önce Medine’de inmiştir. Mekke’de indiğine dair rivayetler de vardır; ancak özellikle Buhârî’de yer alan bir hadis (“Tefsîr”, 98/1-3) sûrenin Medine döneminde indiğini göstermektedir.","Konusu
 Sûrede Hz. Muhammed aleyhisselâmın peygamberliği karşı­sında Ehl-i kitap ve müşriklerin inkârcı tutumları eleştirilmekte; özellikle Ehl-i kitabın, bu tutumlarıyla kendi dinlerinin özüne de aykırı davrandıkları, çünkü İslâm’ın iman ve ibadete dair temel buyruklarıyla peygamberlik inancının o dinlerin asıllarında da bulunduğu bildirilmektedir. Sûre kötülerle iyilerin âhiretteki durumlarını özetleyen açıklamalarla son bulmaktadır.",Fazileti,"['https://kuran.diyanet.gov.tr/tefsir/Beyyine-suresi/6131/1-3-ayet-tefsiri', 'https://kuran.diyanet.gov.tr/tefsir/Beyyine-suresi/6134/4-ayet-tefsiri', 'https://kuran.diyanet.gov.tr/tefsir/Beyyine-suresi/6135/5-ayet-tefsiri', 'https://kuran.diyanet.gov.tr/tefsir/Beyyine-suresi/6136/6-8-ayet-tefsiri']"
99,"Hakkında
                    Medine döneminde inmiştir. 8 âyettir. Zilzâl, sarsıntı, deprem demektir.","Nuzül
 Mushaftaki sıralamada doksan dokuzuncu, iniş sırasına göre doksan üçüncü sûredir. Nisâ sûresinden sonra, Hadîd sûresinden önce Medine’de inmiştir. Mekke’de indiğine dair rivayetler de vardır (bk. Şevkânî, V, 562).","Konusu
 Sûrede kıyamet kopması sırasındaki şiddetli yer sarsıntısının ardından kıyamet gününde yaşanacak olan sıkıntı ve dehşet verici haller anlatılmaktadır; ayrıca dünyada işlenen hayır veya şerrin karşılığının âhirette ödül veya ceza olarak alınacağı bildirilmektedir.",Fazileti,"['https://kuran.diyanet.gov.tr/tefsir/Zilz%C3%A2l-suresi/6139/1-5-ayet-tefsiri', 'https://kuran.diyanet.gov.tr/tefsir/Zilz%C3%A2l-suresi/6144/6-ayet-tefsiri', 'https://kuran.diyanet.gov.tr/tefsir/Zilz%C3%A2l-suresi/6145/7-8-ayet-tefsiri']"
100,"Hakkında
                    Mekke döneminde inmiştir. 11 âyettir. Âdiyât, hızlı koşan atlar demektir.","Nuzül
 Mushaftaki sıralamada yüzüncü, iniş sırasına göre on dördüncü sûredir. Asr sûresinden sonra, Kevser sûresinden önce Mekke’de inmiştir. Medine’de indiğine dair rivayetler de vardır (bk. Şevkânî, V, 566).","Konusu
 İnsanoğlunun nankörlüğü ve mala düşkünlüğü, ahiret hayatı için harcama yapmaması ve bu yüzden onu kötü bir sonucun beklediği söz konusu edilmektedir.",Fazileti,"['https://kuran.diyanet.gov.tr/tefsir/%C3%82diy%C3%A2t-suresi/6147/1-5-ayet-tefsiri', 'https://kuran.diyanet.gov.tr/tefsir/%C3%82diy%C3%A2t-suresi/6152/6-8-ayet-tefsiri', 'https://kuran.diyanet.gov.tr/tefsir/%C3%82diy%C3%A2t-suresi/6155/9-11-ayet-tefsiri']"
101,"Hakkında
                    Mekke döneminde inmiştir. 11 âyettir. “Kâri’a”, vuran, çarpan, kapıyı çalan,yürekleri hoplatan şey demektir. Burada, kıyamet gününü ifade etmektedir.","Nuzül
 Mushaftaki sıralamada yüz birinci, iniş sırasına göre otuzuncu sûredir. Kureyş sûresinden sonra, Kıyâmet sûresinden önce Mekke’de inmiştir.","Konusu
 Sûrede bazı kıyamet tasvirlerine yer verilmekte, âhiret sorumluluğu bilinci aşılayan uyarılarda bulunulmaktadır.",Fazileti,"['https://kuran.diyanet.gov.tr/tefsir/K%C3%A2ria-suresi/6158/1-3-ayet-tefsiri', 'https://kuran.diyanet.gov.tr/tefsir/K%C3%A2ria-suresi/6161/4-ayet-tefsiri', 'https://kuran.diyanet.gov.tr/tefsir/K%C3%A2ria-suresi/6162/5-ayet-tefsiri', 'https://kuran.diyanet.gov.tr/tefsir/K%C3%A2ria-suresi/6163/6-11-ayet-tefsiri']"
102,"Hakkında
                    Mekke döneminde inmiştir. 8 âyettir. Tekâsür, mal, mülk ve çoluk çocuğunçokluğuyla övünmek demektir","Nuzül
 Mushaftaki sıralamada yüz ikinci, iniş sırasına göre on altıncı sûredir. Kevser sûresinden sonra, Mâ‘ûn sûresinden önce Mekke’de inmiştir. Medine’de indiğine dair rivayet de vardır (bk. Buhârî, “Rikāk” 10; Şevkânî, V, 575).","Konusu
 Sûrede insanların, hayatın aldatıcı yönleriyle meşgul olmala­rından, dünya malını biriktirmeye olan düşkünlüklerinden ve âhiret hallerinden söz edilmektedir.",Fazileti,"['https://kuran.diyanet.gov.tr/tefsir/Tek%C3%A2s%C3%BCr-suresi/6169/1-5-ayet-tefsiri', 'https://kuran.diyanet.gov.tr/tefsir/Tek%C3%A2s%C3%BCr-suresi/6174/6-8-ayet-tefsiri']"
103,"Hakkında
                    Mekke döneminde inmiştir. 3 âyettir. Asr, çağ, ikindi vakti, uzun zaman demektir.","Nuzül
 Mushaftaki sıralamada yüz üçüncü, iniş sırasına göre on üçüncü sûredir. İnşirah sûresinden sonra, Âdiyât sûresinden önce Mekke’de inmiştir. Medine’de indiğine dair rivayet de vardır (bk. Şevkânî, V, 579).","Konusu
 Sûrede insanı ebedî hüsrandan kurtaracak yollar gösteril­mektedir.","Fazileti
 Ashâb-ı kirâmdan iki kişinin karşılaştıkları zaman biri diğerine Asr sûresini okumadan ve ardından selâm vermeden ayrılmadıkları rivayet edilir (Beyhakî, Şu‘abü’l-îmân, XI, 348).",['https://kuran.diyanet.gov.tr/tefsir/Asr-suresi/6177/1-3-ayet-tefsiri']
104,"Hakkında
                    Mekke döneminde inmiştir. 9 âyettir. Hümeze, insanları arkadan çekiştiren,ayıplayan kimse demektir","Nuzül
 Mushaftaki sıralamada yüz dördüncü, iniş sırasına göre otuz ikinci sûredir. Kıyâmet sûresinden sonra, Mürselât sûresinden önce Mekke’de inmiştir.","Konusu
 Sûrede insanları küçümseme, kusur arama gibi davranışlar eleştirilmekte; servete güvenme ve onu yanlış yolda kullanmanın kişiye ne büyük zararlar getireceği anlatılmaktadır.",Fazileti,"['https://kuran.diyanet.gov.tr/tefsir/H%C3%BCmeze-suresi/6180/1-3-ayet-tefsiri', 'https://kuran.diyanet.gov.tr/tefsir/H%C3%BCmeze-suresi/6183/4-9-ayet-tefsiri']"
105,"Hakkında
                    Mekke döneminde inmiştir. 5 âyettir. Sûre, fillerle donanmış ordusuylaKâ’be’yi yıkmaya gelen Ebrehe’nin helâk edilişinden bahsettiği için bu adı almıştır","Nuzül
 Mushaftaki sıralamada yüz beşinci, iniş sırasına göre on dokuzuncu sûredir. Kâfirûn sûresinden sonra, Felak sûresinden önce Mekke’de inmiştir.","Konusu
 Sûrede fil ordusu ile ilgili kıssa anlatılmaktadır. Kâbe’yi yıkmak isteyen Yemen’in genel valisi Ebrehe’nin fillerle Mekke’ye hücumunu, sonuçta yok olup gitmelerini (aş. bk.) konu edinmiştir.",Fazileti,['https://kuran.diyanet.gov.tr/tefsir/F%C3%AEl-suresi/6189/1-5-ayet-tefsiri']
106,"Hakkında
                    Mekke döneminde inmiştir. 4 âyettir. Kureyş, Hz. Peygamberin mensup olduğukabilenin adıdır.","Nuzül
 Mushaftaki sıralamada yüz altıncı, iniş sırasına göre yirmi dokuzuncu sûredir. Tîn sûresinden sonra, Kāria sûresinden önce Mekke’de inmiştir.","Konusu
 Sûrede Kureyş’e Câhiliye döneminde sağlanan ticarî kolaylıklardan, güvenlik, zenginlik vb. imkânlardan bahsedilmekte, bunlardan dolayı yüce Allah’a minnettar olup kulluk etmek gerektiğine dikkat çekilmektedir.",Fazileti,['https://kuran.diyanet.gov.tr/tefsir/Kurey%C5%9F-suresi/6194/1-4-ayet-tefsiri']
107,"Hakkında
                    Mekke döneminde inmiştir. 7 âyettir. Mâ’ûn, yardım ve zekât demektir.","Nuzül
 İniş sırasına göre on yedinci, mushaftaki sıraya göre yüz yedinci sûredir. Tekâsür sûresinden sonra Kâfirûn sûresinden önce Mekke’de inmiştir. 4-7. âyetlerin Medine’de münafıklar hakkında indiğine dair rivayet de vardır (bk. İbn Âşûr, XXX, 563).","Konusu
 Sûrede, biri Allah’ın nimetlerini ve hesap gününü inkâr eden nankör, diğeri amellerini gösteriş için yapan riyakâr olmak üzere iki tip insan tasvir edilmektedir.",Fazileti,"['https://kuran.diyanet.gov.tr/tefsir/Ma%C3%BBn-suresi/6198/1-3-ayet-tefsiri', 'https://kuran.diyanet.gov.tr/tefsir/Ma%C3%BBn-suresi/6201/4-7-ayet-tefsiri']"
108,"Hakkında
                    Mekke döneminde inmiştir. Medine döneminde indiği de rivayet edilmiştir.3 âyettir. Kevser, çok hayır, bereket demektir. Cennette Hz. Peygambere mahsusbir havuzun da adıdır.","Nuzül
 Mushaftaki sıraya göre yüz sekizinci, iniş sırasına göre on be­şin­ci sûredir. Âdiyât sûresinden sonra Tekâsür sûresinden önce Mekke’de inmiştir. Medine’de indiğine dair rivayetler de vardır (bk. İbn Âşûr, XXX, 571).","Konusu
 Sûrede Hz. Peygamber’e dünya ve âhirette verilen nimetlerden bahsedilmekte, kendisine Allah’a kulluk etmesi ve kurban kesmesi emredilmektedir. Ayrıca ona düşmanlık edenler kınanmaktadır.",Fazileti,['https://kuran.diyanet.gov.tr/tefsir/Kevser-suresi/6205/1-3-ayet-tefsiri']
109,"Hakkında
                    Mekke döneminde inmiştir. 6 âyettir. “Kâfirûn”, inkârcılar demektir.","Nuzül
 Mushaftaki sıralamada yüz dokuzuncu, iniş sırasına göre on sekizinci sûredir. Mâûn sûresinden sonra, Fîl sûresinden önce Mekke’de inmiştir. Medine’de indiğine dair rivayet de vardır (bk. Şevkânî, V, 597). Tefsirlerde anlatıldığına göre Kureyşliler Hz. Peygamber’den bir sene kendi ilâhlarına tapmasını, bir sene de kendilerinin onun ilâhına tapmalarını istemişler. Hz. Peygamber de “Allah’a bir şeyi ortak koşmaktan yine O’na sığınırım!” demiş; bu defa Kureyşliler, “Bizim ilâhlarımızdan bazılarını istilâm et (öp, el sür), biz de seni tasdik edip ilâhına ibadet edelim” demişler. Bunun üzerine Kâfirûn sûresi inmiştir (Taberî, XXX, 213-214; Kurtubî, XX, 225).","Konusu
 Sûrede Hz. Peygamber’in inkârcılarla şirk ve sapkınlıkta birleşemeyeceği kesin bir üslûpla ifade edilmekte ve inancın şirkten uzak tutulması istenmektedir.","Fazileti
 Müfessirler bu sûrenin faziletiyle ilgili olarak Hz. Peygam­ber’in, “Kul hüvellahu ehad Kur’an’ın üçte birine denktir, Kul yâ eyyühel-kâfirûn ise dörtte birine denktir” buyurduğunu; Sahâbe’den birine, “Uyumak üzere yatağına yattığında Kul yâ eyyuhel-kâfirûn sûresini oku; bunu okursan şirk inancına sapmaktan korunursun” dediğini naklederler (İbn Kesîr, VIII, 526; Şevkânî, V, 597-598).",['https://kuran.diyanet.gov.tr/tefsir/K%C3%A2fir%C3%BBn-suresi/6208/1-6-ayet-tefsiri']
110,"Hakkında
                    Medine döneminde inmiştir. 3 âyettir. Nasr, yardım demektir.","Nuzül
 Mushaftaki sıralamada yüz onuncu, iniş sırasına göre yüz on dördüncü sûredir. Medine döneminde Tevbe sûresinden sonra nâzil olduğu ve tam sûre olarak Kur’an’ın en son inen sûresi olduğu kabul edilmektedir (Elmalılı, IX, 6234). Sûrenin Vedâ haccı esnasında Mina’da indiği rivayet edilir (bk. Şevkânî, V, 602).","Konusu
 Sûrede Allah’ın Hz. Peygamber’e nasip ettiği zafer, fetih ve fetih sonrası insanların grup grup İslâm’a girmelerinden bahsedilmektedir.",Fazileti,['https://kuran.diyanet.gov.tr/tefsir/Nasr-suresi/6214/1-3-ayet-tefsiri']
111,"Hakkında
                    Mekke döneminde inmiştir. 5 âyettir. “Tebbet”, kurusun, kahrolsun demektir.","Nuzül
 Mushaftaki sıralamada yüz on birinci, iniş sırasına göre altıncı sûredir. Mekke döneminde Fâtiha sûresinden sonra, Tekvîr sûresinden önce inmiştir. Rivayete göre Allah Teâlâ kendisine yakınlarını uyarıp İslâm’a çağırmasını emredince (bk. Şuarâ 26/214) Hz. Peygamber Safâ tepesine çıkmış, orada bulunan Kureyş kabilesi mensuplarını yanına çağırarak onlara İslâm’ı tebliğ etmiş; ancak Resûlullah’ın amcası Ebû Leheb bu olaya kızarak, “Kuruyup yok olasıca! Bizi bunun için mi çağırdın?” demesi üzerine bu sûre inmiştir (bk. Buhârî, “Tefsîr”, 111; Taberî, XXX, 217-218).","Konusu
 Sûrede Hz. Peygamber’in amcası olup ona karşı düşmanca dav­ranışlar sergileyen Ebû Leheb ve karısı eleştirilmekte, onlar gibi servet ve gücüne güvenenlerin acı sonu bildirilmektedir.",Fazileti,['https://kuran.diyanet.gov.tr/tefsir/Tebbet-suresi/6217/1-5-ayet-tefsiri']
112,"Hakkında
                    Mekke döneminde inmiştir. 4 âyettir. İhlâs, samimi olmak, dine içtenliklebağlanmak demektir. Allah’a bu sûrede anlatıldığı şekilde inanan, tevhit inancınıtam anlamıyla benimsemiş ihlâslı bir mü’min olacağı için sûre bu adlaanılmaktadır.","Nuzül
 Mushaftaki sıralamada yüz on ikinci, iniş sırasına göre yirmi ikinci sûredir. Nâs sûresinden sonra, Necm sûresinden önce Mekke’de inmiştir. Medine’de indiğine dair rivayet de vardır. Mekke’de indiğini söyleyenler Mekkeli müşriklerin Hz. Peygamber’e gelerek “Bize rabbinin soyunu anlat” dediklerini, bunun üzerine bu sûrenin indiğini bildiren rivayetleri delil getirirler (Müsned, V, 133-134). Medine’de indiğini söyleyenler ise yahudilerle hıristiyanların Hz. Peygamber’e yönelttikleri Allah hakkındaki sorulara bir cevap olmak üzere Cebrâil’in Hz. Peygamber’e gelip “Kul hüvellahü ehad” sûresini okuduğunu bildiren rivayetleri delil göstermişlerdir (Taberî, XXX, 221-222; Râzî, XXXII, 175). Ancak sûrenin üslûp ve içeriği Mekke döneminde indiği izlenimini vermektedir.","Konusu
 Sûrede Allah Teâlâ’nın bazı sıfatları veciz bir şekilde ifade edilip tevhit inancının önemine dikkat çekilmiştir.","Fazileti
 Hz. Peygamber bu sûrenin önemi ve fazileti hakkında söyle buyurmuştur: “Varlığım elinde olan Allah’a yemin ederim ki bu sûre Kur’an’ın üçte birine denktir” (Buhârî, “Tevhîd”, 1). Yine Hz. Peygamber, sevdiği için bu sûreyi her namazda okuyan bir sahâbîye, “Onu sevmen seni cennete götürür” müjdesini vermiştir (Tirmizî, “Fezâilü’l-Kur’ân”, 11, “Tefsîr”, 93; diğer hadisler için bk. İbn Kesîr, VIII, 539-546).","['https://kuran.diyanet.gov.tr/tefsir/%C4%B0hl%C3%A2s-suresi/6222/1-ayet-tefsiri', 'https://kuran.diyanet.gov.tr/tefsir/%C4%B0hl%C3%A2s-suresi/6223/2-ayet-tefsiri', 'https://kuran.diyanet.gov.tr/tefsir/%C4%B0hl%C3%A2s-suresi/6224/3-ayet-tefsiri', 'https://kuran.diyanet.gov.tr/tefsir/%C4%B0hl%C3%A2s-suresi/6225/4-ayet-tefsiri']"
113,"Hakkında
                    Medine döneminde inmiştir. 5 âyettir. Felâk, sabah aydınlığı demektir","Nuzül
 Mushaftaki sıralamada yüz on üçüncü, iniş sırasına göre yirminci sûredir. Fîl sûresinden sonra, Nâs sûresinden önce Mekke’de inmiştir. Medine’de indiğine dair rivayetler varsa da (bk. Şevkânî, V, 615) üslûp ve içeriği bakımından Mekkî sûrelere benzediği görülür.","Konusu
 Sûrede bazı kötülüklerden dolayı Allah’a sığınılması öğütlenmektedir.","Fazileti
 Hz. Peygamber sahâbeden Ukbe b. Âmir’e şöyle buyurmuştur: “Görmedin mi? Bu gece benzeri asla görülmemiş âyetler indirildi: Kul eûzü bi-rabbi’l-felak ve Kul eûzü bi-rabbi’n-nâs” (Müslim, “Müsâfirîn”, 264). Resûlullah, Felak ve Nâs sûrelerinin en güzel sığınma duaları olduğunu açıklamış ve çok okunmasını tavsiye etmiştir (Dârimî, “Fezâilü’l-Kur’ân”, 25. Bu iki sûrenin faziletiyle ilgili diğer rivayetler için bk. İbn Kesîr, VIII, 550-553).","['https://kuran.diyanet.gov.tr/tefsir/Felak-suresi/6226/1-ayet-tefsiri', 'https://kuran.diyanet.gov.tr/tefsir/Felak-suresi/6227/2-ayet-tefsiri', 'https://kuran.diyanet.gov.tr/tefsir/Felak-suresi/6228/3-ayet-tefsiri', 'https://kuran.diyanet.gov.tr/tefsir/Felak-suresi/6229/4-ayet-tefsiri', 'https://kuran.diyanet.gov.tr/tefsir/Felak-suresi/6230/5-ayet-tefsiri']"
114,"Hakkında
                    Medine döneminde inmiştir. 6 âyettir. Nâs, insanlar demektir.","Nuzül
 Mushaftaki sıralamada yüz ondördüncü ve son, iniş sırasına göre yirmi birinci sûredir. Felak sûresinden sonra, İhlâs sûresinden önce Mekke’de inmiştir. Felak sûresinin Medine’de indiğini söyleyenler Nâs sûresi için de aynı şeyi söylemişlerdir (bk. Şevkânî, V, 620; İbn Âşûr, XXX, 631).","Konusu
 Sûrede sinsice kötülüğe sürükleyen cinlerin ve insanların şerrinden Allah’a sığınılması öğütlenmektedir.",Fazileti,['https://kuran.diyanet.gov.tr/tefsir/N%C3%A2s-suresi/6231/1-6-ayet-tefsiri']
